{"type":"FeatureCollection","features":[{"type":"Feature","geometry":{"type":"MultiPolygon","coordinates":[[[[-75.562538999758559,39.901638000028285],[-75.562369999704174,39.901708999988152],[-75.562019999899817,39.901857000007745],[-75.561515000284757,39.902051000210427],[-75.559925000198149,39.90270399989744],[-75.559290999813356,39.902984000012921],[-75.559613999853539,39.903408000116322],[-75.559952999787242,39.903851999921635],[-75.559971000228899,39.903875999810495],[-75.560027000305411,39.9039509998398],[-75.560038000176064,39.903964999928043],[-75.560047000396878,39.903976000290704],[-75.560288000421309,39.904293999800274],[-75.560243000215479,39.904313999923794],[-75.559433999928473,39.904677000151942],[-75.559273000269997,39.904751000097228],[-75.561307999697192,39.907429000092996],[-75.559816000418209,39.908128999919889],[-75.558939000359146,39.90854200025268],[-75.558767999756625,39.90862199988581],[-75.558644999732962,39.908680000216009],[-75.55791300033718,39.907716999706558],[-75.557259999685797,39.906858999872597],[-75.556641000267916,39.906043999884417],[-75.556607999757631,39.90600100031839],[-75.556548000381497,39.905939000271644],[-75.556489999756863,39.905860000141885],[-75.556105999617301,39.90533999987565],[-75.555863999767979,39.90555600008382],[-75.555739000094505,39.905643000319799],[-75.555592999606304,39.905723999774885],[-75.555043999610319,39.905975000038893],[-75.554362000443248,39.906282999800865],[-75.553487999858916,39.906661000028109],[-75.553343999918866,39.90672300011051],[-75.553167000366855,39.906800000201521],[-75.552457999638975,39.907095999978097],[-75.552326000292823,39.907150999949337],[-75.551562000211661,39.907468000025446],[-75.550928999651774,39.907733000108955],[-75.549928999569062,39.908169999835685],[-75.548814999683557,39.908664999873956],[-75.548731999842857,39.908702000114552],[-75.548316999741175,39.908888000164708],[-75.547495999758596,39.909257999778028],[-75.546416000208268,39.909730999973156],[-75.547545000162401,39.911176999751703],[-75.547550000185282,39.911186000040701],[-75.550200999555628,39.914598000055534],[-75.550454000173914,39.914931000219312],[-75.548619999689876,39.915734000306792],[-75.548291999626812,39.915877000297463],[-75.547802000080353,39.916092999664251],[-75.547310999810662,39.916307000272582],[-75.54718399958908,39.916363000153979],[-75.546983999572518,39.916451000170333],[-75.542493999695253,39.918417000037529],[-75.542550999596656,39.918491999993535],[-75.543509999671485,39.919712000280938],[-75.543599000258268,39.919832999782557],[-75.543765999764531,39.920054999866643],[-75.543868999696684,39.920184999935529],[-75.544106000421451,39.920467000275345],[-75.544395000126471,39.923400999684958],[-75.542717000176324,39.924274000042871],[-75.541084000432022,39.925097999966731],[-75.542563000190555,39.927024000207489],[-75.542733999894764,39.927181000209352],[-75.540634000170243,39.9280759997757],[-75.53619699999642,39.929890000043962],[-75.536160000186499,39.929904999870487],[-75.536144000292964,39.929912000018021],[-75.536109000132868,39.929926000310964],[-75.53606999977481,39.92987399999582],[-75.536047000208598,39.929843000107049],[-75.535976000063485,39.929747999916145],[-75.535504999885291,39.929122999941548],[-75.5338799996386,39.926963000162282],[-75.533339000038524,39.926244000288058],[-75.533294999657585,39.926185000092453],[-75.533163000311433,39.926011000025234],[-75.533118999930494,39.925952999904567],[-75.533063999678916,39.925879999718482],[-75.532899999647384,39.925661000070903],[-75.532846000119036,39.925588999854462],[-75.531943999945611,39.924390000324287],[-75.530238000406385,39.922122999753853],[-75.528710000244075,39.922778999911166],[-75.527331999869602,39.923370999934122],[-75.527208999845968,39.92342399999027],[-75.527172000036032,39.923440000168114],[-75.525832000194697,39.921815999902165],[-75.525513000352476,39.921934999839756],[-75.525208999680544,39.92208599987385],[-75.524883999990536,39.922253999671014],[-75.524756999768911,39.922325000310245],[-75.524606000156183,39.922434999864691],[-75.524269999697196,39.922650999903517],[-75.523678000043503,39.923029999683607],[-75.523504999791143,39.923142000116847],[-75.524272000245332,39.924115999961096],[-75.527263000272626,39.927857999823217],[-75.527566000221313,39.928239000196719],[-75.527858000299361,39.928604000171276],[-75.527881999690507,39.928634999932257],[-75.52790699980487,39.92866599967919],[-75.527940000315141,39.928706000154101],[-75.528039000049333,39.928829000073023],[-75.528361000264624,39.929233999823623],[-75.528634999901016,39.929576999929175],[-75.529481999822821,39.930636000291194],[-75.529551000318122,39.930783000291541],[-75.529582000280271,39.93085000022446],[-75.529594999800722,39.930914000171079],[-75.530048000435571,39.93148500015689],[-75.53047500023284,39.932049000273032],[-75.529993000184007,39.932280999777888],[-75.529625999762885,39.932458000293494],[-75.529679000364638,39.932546999780499],[-75.530168000086178,39.933360999710928],[-75.53011100018476,39.93338400011411],[-75.529624999937965,39.933581999851434],[-75.529600999648522,39.933592000115226],[-75.52915100028504,39.933775000275638],[-75.528499000356888,39.934039999825096],[-75.527847000428736,39.934304999726102],[-75.5261710001284,39.934986999860712],[-75.526105000006169,39.934853999908327],[-75.52587300020258,39.93436499996416],[-75.525735999935236,39.934096999825442],[-75.525431000336695,39.933501000278618],[-75.525386999955771,39.933410000321018],[-75.525182999741261,39.932991000128588],[-75.524775000210582,39.93221399986804],[-75.524591000087554,39.931829000194355],[-75.524576999843859,39.931716000004286],[-75.524540999858843,39.931596000341884],[-75.524235000435411,39.931693999921194],[-75.523959000250898,39.93179799981327],[-75.5231929996216,39.932145000211015],[-75.522973000411909,39.932253000152528],[-75.521924999750283,39.932746000049107],[-75.520931000413682,39.933196000125655],[-75.520256000020993,39.933516000002669],[-75.520080000293888,39.93358400017982],[-75.51983500007151,39.933661999854195],[-75.519570999582555,39.933735000007559],[-75.519466999825482,39.933776999909561],[-75.519370999566007,39.933840999874647],[-75.519214999930412,39.933985000093941],[-75.519049000249055,39.934165000114163],[-75.518963000035328,39.934301999953924],[-75.518906000133924,39.934434000138381],[-75.518857999555024,39.934600000332551],[-75.518824999943078,39.934697000284515],[-75.518568999850032,39.935462999783802],[-75.518345000442338,39.936103999700698],[-75.51877999973722,39.936628999803474],[-75.518851999707252,39.936714999710581],[-75.519431999665386,39.937414999820405],[-75.519686000108592,39.93772199997629],[-75.519716000245822,39.937877000034369],[-75.519625999834147,39.938341000073763],[-75.519541000343636,39.938955999739612],[-75.51959900006996,39.939026000191177],[-75.519753999880663,39.939212999924663],[-75.519919999562021,39.939414000254374],[-75.520028000415365,39.939544000067521],[-75.520385999717348,39.939976999703674],[-75.521462999792931,39.941279000235149],[-75.52179400022905,39.941679999829475],[-75.52182199981813,39.941714000003024],[-75.522819000426097,39.942918999984073],[-75.52325799991894,39.943449000246098],[-75.523308999972542,39.94351000006219],[-75.523376999744613,39.943593000221369],[-75.523816000135767,39.944124000093517],[-75.522815000228135,39.944594999807435],[-75.52256499998289,39.944715000093602],[-75.520614000221286,39.945626000222695],[-75.520131000347519,39.945854999890159],[-75.519120000394167,39.946336999840412],[-75.5190669997924,39.946360999992059],[-75.515303000361442,39.948129999897446],[-75.515278000247079,39.948140000101304],[-75.514459999739259,39.948519999877668],[-75.514135000049251,39.948670999804406],[-75.513549000243316,39.948937000146181],[-75.512961999714193,39.949216999932183],[-75.512656000290747,39.949370000253339],[-75.512450000426426,39.949466999928589],[-75.512380999931125,39.949498999812548],[-75.511879999615715,39.949734999785974],[-75.511637999766378,39.949848999761592],[-75.510779999973892,39.950270999794036],[-75.510450000261002,39.950429000102389],[-75.510184999947157,39.950556999814417],[-75.508028000321218,39.951578000202218],[-75.50787400033542,39.951650999836346],[-75.505757999819068,39.952652999845434],[-75.505068000256074,39.952979000295826],[-75.503744000308259,39.953605999751176],[-75.502998999595363,39.953956999898793],[-75.502309999857275,39.954284000192928],[-75.502273999872273,39.954300000042949],[-75.502221999993736,39.95432500001634],[-75.50216900029028,39.954349999980543],[-75.502134999955089,39.954366999675592],[-75.5010510002068,39.954860999863691],[-75.49942699978503,39.955602999839563],[-75.497802000436678,39.956345000028278],[-75.49676499964572,39.956818999769318],[-75.496718999614956,39.956840000213539],[-75.495531999934514,39.957381999905763],[-75.494346000078977,39.957924000122368],[-75.493900000015131,39.958127999982992],[-75.493742999656291,39.958194999996877],[-75.493617000157911,39.958253000336114],[-75.492350999936434,39.958837000203381],[-75.491084999714928,39.959420000116602],[-75.490380999908254,39.959743999732524],[-75.48827199996289,39.960714999929813],[-75.487568999981107,39.961040000057984],[-75.48748199994246,39.961078999749219],[-75.48732799995669,39.961150999809306],[-75.487221999651467,39.961199000036792],[-75.487136000336051,39.961239999845773],[-75.486874000395233,39.96135999985075],[-75.486481999859762,39.961540999907392],[-75.486089000397683,39.961720999732073],[-75.485828000281785,39.9618420000211],[-75.485239999927714,39.962111999768851],[-75.484326999883649,39.962533000134925],[-75.48347900013691,39.962922000188733],[-75.482891999607773,39.963193000222738],[-75.482910999874335,39.963245000004818],[-75.482905000026562,39.963268000001712],[-75.48289699963064,39.963306000069487],[-75.482838999904303,39.963333000340334],[-75.482775000330221,39.963324000021728],[-75.482704000185109,39.96331399997235],[-75.482682000443788,39.963311000094954],[-75.482626000367304,39.963318000267691],[-75.48248699955181,39.963379999995887],[-75.482263999969035,39.963481999781777],[-75.482069999800288,39.963571000226636],[-75.481931999708038,39.963634999863771],[-75.481736999714371,39.963724999833069],[-75.481498000238091,39.963835000323215],[-75.481166999801957,39.963986000175751],[-75.480746999677393,39.964179999929968],[-75.480723000286275,39.964189999852735],[-75.480699999821738,39.964201999895771],[-75.48065700016403,39.964221999733311],[-75.47880099993867,39.96507600000686],[-75.477008000360811,39.965900999934533],[-75.476932000192818,39.965936000153619],[-75.476871999918359,39.965963999765236],[-75.476825999887609,39.965985000154902],[-75.476562000296965,39.96610700015993],[-75.47594800000364,39.966388999936591],[-75.47410600002199,39.967236999893309],[-75.473492999553557,39.967520000184621],[-75.473126999855666,39.967685999966079],[-75.472527999630955,39.967958000055418],[-75.472031000411803,39.968186999997712],[-75.471667000363723,39.968355999880991],[-75.471638999876347,39.968367999881259],[-75.471557999685473,39.968403999869459],[-75.471530999921299,39.968417000204774],[-75.471493000286472,39.968435999843038],[-75.470709000113828,39.968795000240974],[-75.469534000128945,39.969333999877463],[-75.468358000319128,39.969873000083112],[-75.467574999971418,39.970233000135607],[-75.467435000229315,39.970296000104774],[-75.467015999929671,39.970489000228021],[-75.466877000012502,39.970553000273441],[-75.466103999710526,39.970906000103319],[-75.463787000251003,39.971969000147382],[-75.463014999773932,39.972324000121354],[-75.462914000389901,39.972370999791536],[-75.462730000266887,39.97245700020305],[-75.462686999710883,39.972477999974863],[-75.462608999893078,39.972498999740282],[-75.462586000326851,39.972520999782603],[-75.462290000050842,39.972657000325249],[-75.462186000293755,39.972706000327918],[-75.462163999654152,39.972723999870453],[-75.461953999591856,39.972811000116948],[-75.461630999551673,39.972963999973139],[-75.461412999991794,39.973069000054252],[-75.461310000059626,39.973117000175314],[-75.461002999912964,39.973263000192816],[-75.460900999805716,39.97331199976103],[-75.460566000069946,39.973471999693949],[-75.452430999689099,39.977342000183391],[-75.449639999678354,39.978635999690376],[-75.44693400005643,39.979894000050606],[-75.446862000086412,39.979927999813334],[-75.446137000363308,39.980265000130117],[-75.445412999566827,39.980600999996419],[-75.443980999663978,39.981267000035317],[-75.442548999761144,39.981932000320384],[-75.441341000164286,39.982491999742855],[-75.44014100006504,39.983049999823571],[-75.43801399967802,39.984036999842061],[-75.436055000418804,39.984947999955864],[-75.435894999686923,39.985021999855547],[-75.435816000044213,39.985059000119492],[-75.435800999975598,39.985132999898902],[-75.435749000097061,39.985311000044589],[-75.435702000241378,39.985421000212121],[-75.435641999966947,39.985517999681072],[-75.435616000027665,39.985589000063605],[-75.435610000179892,39.98562700011199],[-75.435615000202759,39.986041999681404],[-75.435626999898318,39.986175999992469],[-75.435658999685373,39.98637399972435],[-75.435678999776854,39.986434999797261],[-75.435702000241378,39.986475000221702],[-75.435718999959832,39.98649399965803],[-75.435853999679054,39.986587000046676],[-75.435903000082831,39.986626999693819],[-75.435930999671939,39.986672999775294],[-75.435940999717673,39.986725000279009],[-75.435949999938501,39.986742000183646],[-75.435966999656955,39.986754999783898],[-75.436066000289458,39.986772999755857],[-75.436083000007883,39.986778000129576],[-75.436192999612743,39.986929000231555],[-75.436204000381721,39.987043000142165],[-75.436169000221611,39.987184999728498],[-75.436069999589108,39.987387000240687],[-75.436031999954281,39.987436000005722],[-75.435872000120696,39.987683999864693],[-75.435750999746887,39.987900999777047],[-75.435698999868336,39.988018000300151],[-75.435673999753973,39.988232999732993],[-75.435651000187761,39.988336999702398],[-75.435643999616758,39.988400000189223],[-75.435612999654609,39.988487999799688],[-75.435607999631742,39.98869500013361],[-75.435612999654609,39.988746999786443],[-75.43563000027136,39.988830000103235],[-75.435703999891217,39.989057000230702],[-75.435758000317875,39.989161999673634],[-75.435792999579675,39.989201999877842],[-75.435887000189311,39.989278000063635],[-75.435918999976366,39.989327999886143],[-75.435963000357305,39.989425000001894],[-75.435995000144331,39.989470000228756],[-75.436129000038662,39.989526000117863],[-75.436211000054399,39.989577999826373],[-75.436330999705007,39.989685999941486],[-75.436377999560676,39.98972299974411],[-75.436412999720773,39.989744999747423],[-75.436513000178223,39.989783000237075],[-75.436638999676575,39.989794999916413],[-75.436766999723105,39.989790999794089],[-75.436853999761738,39.989769999836518],[-75.436924000081945,39.989734000090756],[-75.436959000242041,39.98970299979748],[-75.436981999808268,39.98969600026215],[-75.437159000258589,39.989748999872432],[-75.437186000022763,39.989764999681761],[-75.43722500038082,39.989799000038438],[-75.437343000381603,39.989887999940578],[-75.437239999551124,39.989957999882662],[-75.437278000084277,39.990139999947012],[-75.437377999643388,39.990293000234708],[-75.43763499956134,39.990456999721758],[-75.438218999717421,39.990713999779324],[-75.438275999618838,39.990757999828823],[-75.438391000144875,39.99087300024668],[-75.438432999977678,39.990966000179633],[-75.438462000290002,39.991124000049233],[-75.438475999635386,39.991360000193133],[-75.438463000114893,39.991616000290456],[-75.438462000290002,39.991639999691181],[-75.438433999802598,39.991760000009528],[-75.438362999657485,39.991936000095116],[-75.438195000326303,39.99208699980705],[-75.438150000120459,39.992127999671212],[-75.438085999648038,39.992161000232237],[-75.438000000332636,39.992237999873431],[-75.437971000020326,39.992276999658564],[-75.437940000058163,39.992433999944822],[-75.437909999920947,39.992567000115351],[-75.437863000065278,39.992636000075898],[-75.437756999760083,39.992702999990868],[-75.437622999865752,39.992741000211311],[-75.437038999709671,39.992701000014897],[-75.436979000333523,39.99271799980874],[-75.436857000134793,39.992807000036834],[-75.436826000172644,39.992887000282082],[-75.436847000089045,39.992967999729487],[-75.436943000348521,39.993050999734798],[-75.437179000350071,39.993239999677407],[-75.437443999765634,39.993526000271054],[-75.437560000116576,39.993729999871235],[-75.437692000361068,39.993894000052634],[-75.437765999980897,39.993922999880063],[-75.437856000392586,39.993924999820251],[-75.437991000111793,39.993864000241921],[-75.438073999952465,39.99384300016014],[-75.438284999839681,39.993806999808207],[-75.438381000099128,39.993791000257467],[-75.43868999989563,39.993699000015106],[-75.438710999812017,39.993690000254091],[-75.438842000231588,39.993602999749797],[-75.439083000256019,39.993528000222881],[-75.439488000311968,39.993466000313177],[-75.439874000101355,39.993304999729816],[-75.440326999837879,39.993048999769009],[-75.440463000280317,39.992948000044763],[-75.440601000372581,39.992806000050372],[-75.440648000228236,39.992714999845461],[-75.440664999946691,39.99255400024466],[-75.440630999611486,39.992355999843305],[-75.440536999900175,39.992246999825831],[-75.440425999572071,39.992129999663959],[-75.440471999602835,39.991975000052683],[-75.440562999839415,39.991905000112965],[-75.440758999658016,39.99184800010903],[-75.440915000191936,39.991843000106392],[-75.441181000330715,39.991884000117018],[-75.441485999929242,39.991987000035181],[-75.441731000151634,39.992124999682012],[-75.442253000383445,39.992499000076009],[-75.442332000026155,39.992556000224887],[-75.442638000347898,39.992823999804294],[-75.442855000082886,39.992975000305968],[-75.442998000198031,39.993154999939094],[-75.443057999574165,39.993295999916832],[-75.443054000274529,39.993355000045639],[-75.443007000418845,39.993427999807885],[-75.442963000037906,39.993452999925324],[-75.442967000235868,39.993578999662368],[-75.443100000305279,39.993707999774983],[-75.443445000086768,39.993847000045101],[-75.443488999569396,39.993859999669731],[-75.44373100031703,39.993977000309073],[-75.444021999671875,39.993698000041761],[-75.44409500036511,39.993665000223359],[-75.444162000312261,39.993668000144908],[-75.444239000305146,39.993676999908871],[-75.44453700023098,39.993689000280561],[-75.444841000004587,39.993713000329329],[-75.445261000129165,39.993723000060363],[-75.445335999573913,39.993718000195031],[-75.445401999696173,39.993718000195031],[-75.445554000032118,39.993734999735736],[-75.445661999987166,39.99375699982329],[-75.445847999759991,39.993766000263754],[-75.446055000347556,39.993784999736761],[-75.446303999869571,39.993788000341318],[-75.446591999749671,39.993755999850741],[-75.447399000386838,39.993690000254091],[-75.447883000085511,39.993682999750895],[-75.447922000443569,39.993685999671655],[-75.44806899985835,39.993715000275621],[-75.448340999844902,39.993801999949021],[-75.448480999586991,39.993863000270949],[-75.448555999930065,39.993901999816408],[-75.448638999770751,39.993980000216972],[-75.448703000243142,39.994023000258501],[-75.448730000007345,39.994033999912688],[-75.448815000396138,39.994051000062917],[-75.448897000411904,39.994047000189909],[-75.449034999605857,39.994028000101508],[-75.449149000306988,39.993988999939823],[-75.449196999987564,39.993963000049021],[-75.449294999896864,39.993929999670435],[-75.449380000285686,39.993925999790335],[-75.449569000431566,39.99392699976039],[-75.449699999952813,39.993920999939803],[-75.449951999847883,39.993898999905085],[-75.449998999703553,39.993891000140955],[-75.450152999689337,39.993850999929883],[-75.450173999605738,39.993842000188842],[-75.450306999675135,39.993759999740853],[-75.450360000276902,39.993713000329329],[-75.450566000141222,39.993471000196962],[-75.450642000309202,39.993403999658966],[-75.450703000408566,39.993359999937546],[-75.450722999601737,39.993339999679435],[-75.450828000082041,39.993197999811819],[-75.450844999800481,39.993180000156464],[-75.450878000310752,39.993154999939094],[-75.450920999968446,39.993138000254014],[-75.45094799973262,39.993132999657625],[-75.451028000098574,39.993135000309131],[-75.451068000281538,39.993141000198719],[-75.45117299986353,39.993179000175509],[-75.45124900003151,39.993215000170188],[-75.451524000391132,39.993357999980852],[-75.451565000399,39.993383000123906],[-75.4515999996608,39.993413000145949],[-75.451727999707316,39.993552000328222],[-75.451753999646584,39.993593999976078],[-75.451771000263335,39.993636000286386],[-75.45177299991316,39.993711999667909],[-75.45178700015687,39.993748000069864],[-75.451808999898162,39.993781999820349],[-75.451844000058259,39.993813000326973],[-75.451890000089008,39.993827999901114],[-75.45194600016552,39.993828999872612],[-75.451968999731733,39.993823000043413],[-75.45200899991471,39.993800999977125],[-75.452218999976992,39.993636000286386],[-75.452306999840545,39.993550999664443],[-75.452332999779799,39.993515999822904],[-75.452345000373697,39.993429999762526],[-75.452358999719081,39.993397999792485],[-75.452377000160723,39.993382000145935],[-75.45239999972695,39.993368999742096],[-75.45254600021515,39.993316000187818],[-75.452648000322398,39.993316000187818],[-75.452798000110221,39.993338999700775],[-75.453151000287633,39.993415000101031],[-75.453333999687416,39.993443000154763],[-75.453429999946891,39.993453999902307],[-75.453477999627481,39.993467000289975],[-75.45356999968898,39.993512999894676],[-75.453697999735496,39.993565000008957],[-75.453771000428745,39.993589000101302],[-75.453742999941326,39.993607000337036],[-75.453672999621133,39.993652999847505],[-75.452995999578619,39.994101999800151],[-75.452249999939141,39.994598999725234],[-75.452184999641801,39.994642000065255],[-75.451465999766498,39.995118999764586],[-75.450593999730316,39.995696000254782],[-75.450587999882515,39.995703999807489],[-75.448807999825121,39.99688599980994],[-75.448752999573557,39.996923999767553],[-75.448293999989232,39.997235000183146],[-75.447194000347423,39.99798499989744],[-75.446978000437355,39.998130999768541],[-75.445858999630644,39.99889300010998],[-75.445206999702492,39.999336999877741],[-75.444989999967504,39.999484000187614],[-75.444605999827957,39.999745000224941],[-75.444554999774311,39.999781000199256],[-75.444502999895789,39.999817000154572],[-75.442874000349477,40.000925000049726],[-75.442857999557617,40.000936999835893],[-75.441255999775464,40.002027999911654],[-75.440228000103673,40.002734999934319],[-75.43932099990738,40.003358999754653],[-75.438534000260006,40.003901000096079],[-75.438464999764733,40.003948000065108],[-75.438130000028977,40.004179000145513],[-75.437707000429654,40.004469000292687],[-75.435399000292691,40.00605799993928],[-75.435014000328209,40.006323000148548],[-75.433749999756543,40.007188000280848],[-75.433342000225863,40.00746399978722],[-75.433254000362325,40.007523000060452],[-75.432787000382078,40.007835000132765],[-75.432364999709392,40.008118000175784],[-75.42882399986118,40.010494000092784],[-75.42755199979193,40.011345999929567],[-75.423077999808172,40.014381000333188],[-75.422599999957285,40.014703000117521],[-75.420224999873142,40.016375999775669],[-75.420027000404744,40.016516999961993],[-75.418998000009722,40.017242000105959],[-75.418132999646232,40.017862999863929],[-75.416130000006092,40.019260000255869],[-75.415037000036961,40.020022000047518],[-75.415012999747518,40.02003800033112],[-75.414990000181291,40.020055000198326],[-75.413342000368388,40.021202999805027],[-75.409350000433491,40.02398799974268],[-75.408819999805743,40.024355999747186],[-75.407194999559067,40.025489999918072],[-75.405930000060806,40.026372000318311],[-75.404581999823563,40.027305000019467],[-75.404394000400885,40.027433999692853],[-75.404338000324401,40.027364000337577],[-75.404391999852763,40.027457000094223],[-75.404447999929246,40.027528999685607],[-75.404574000325937,40.027692999846913],[-75.404700999649236,40.027847000067233],[-75.404916999559305,40.028147999744171],[-75.405319999965442,40.028737000068674],[-75.405937999558404,40.029586000106903],[-75.406418999782332,40.030223999721279],[-75.407064000037821,40.031087000039058],[-75.407607000186033,40.031812000129925],[-75.407784999562949,40.032058000254004],[-75.40779899980663,40.032078000174778],[-75.408332999734029,40.03281400033309],[-75.408352000000605,40.032863999913687],[-75.408397000206449,40.032901999790539],[-75.408842000445375,40.033508999677238],[-75.41022800031746,40.035399000008724],[-75.410332000074533,40.035541000135133],[-75.41040200039474,40.035572000249303],[-75.410424999960952,40.035588000324935],[-75.410572000274044,40.035800999813326],[-75.41101499996482,40.036363999830201],[-75.411390999708459,40.036865999656229],[-75.411640000128813,40.037177999691799],[-75.411707999900869,40.037265999708268],[-75.411739999687924,40.037307999973109],[-75.411769999825168,40.037352000255552],[-75.41178800026681,40.037378000127731],[-75.412142000269142,40.03788700015226],[-75.412199000170546,40.03809099992796],[-75.413226999842351,40.039451999791723],[-75.413363000284775,40.039631999984927],[-75.413554000080495,40.039884999991969],[-75.413646999966915,40.040009000030473],[-75.414084999634838,40.040587999970889],[-75.414154000130111,40.040679000319749],[-75.414991000006196,40.041786999843715],[-75.414076000312321,40.042184000061056],[-75.413876000295772,40.042268999957848],[-75.413682999951931,40.042354999696997],[-75.412857999771404,40.04271300021248],[-75.412216999713905,40.042991000334219],[-75.411809000183212,40.043165999755296],[-75.41164799962641,40.043237999956482],[-75.410728999734573,40.043636999836536],[-75.410127000035118,40.043898000206283],[-75.409727000002022,40.044072000126896],[-75.409486999802525,40.044173999779048],[-75.406693000317048,40.045391000192041],[-75.406535000133303,40.045459999710459],[-75.406486999554403,40.045480999729435],[-75.406398999690865,40.045519000140246],[-75.406223999788679,40.045596000111544],[-75.4054859996468,40.045917999736815],[-75.405208999637352,40.046037000334636],[-75.405171000002525,40.046053000017778],[-75.405160000131872,40.046064000227574],[-75.405135999842429,40.046071000172567],[-75.40510499988028,40.046085000060479],[-75.404930999803,40.046163999865115],[-75.404847999962342,40.046200000111398],[-75.404534000142988,40.046345999998145],[-75.404212999752602,40.046496999698157],[-75.402672000069828,40.047217000244224],[-75.402415999976782,40.047328000259299],[-75.401748000155109,40.047616000217516],[-75.400917000126796,40.047972000193923],[-75.400485000306659,40.048159000317533],[-75.3992759999866,40.048678000249247],[-75.399221999559913,40.048699999819831],[-75.399062999551248,40.048769000114966],[-75.399034999962154,40.048780999740565],[-75.399009999847792,40.048792000197821],[-75.398940000425924,40.048821999935434],[-75.39883599977054,40.048867000204773],[-75.398730000363642,40.048911999756726],[-75.398660999868355,40.048942000129195],[-75.398649000172782,40.04894600022368],[-75.398614999837605,40.048956999966641],[-75.398603999966937,40.048966000005102],[-75.398557000111282,40.048985999780584],[-75.398531000172014,40.048997000204707],[-75.398306000041117,40.049093000267703],[-75.397630999648428,40.04938499971415],[-75.397407000240733,40.049483000293648],[-75.397162000018355,40.049588000316106],[-75.396427000249531,40.049903999938273],[-75.396182999852059,40.050009999835972],[-75.393811999965877,40.05102599969166],[-75.392790999966763,40.051454000200245],[-75.392096000380917,40.051745000036227],[-75.391406999744504,40.052033999704641],[-75.390837999657037,40.052271999967608],[-75.390507000119229,40.052417000113273],[-75.388778999940399,40.053179999918491],[-75.386992000210299,40.053968000076487],[-75.386232000327112,40.054302999837354],[-75.38359100010419,40.055467000139799],[-75.381796999803115,40.056257000159135],[-75.379713999797019,40.057174000290537],[-75.379313999763937,40.057350000158728],[-75.379050000173308,40.057466000182728],[-75.378737000178859,40.057606000280686],[-75.376009999742209,40.058818000243456],[-75.375609999709127,40.05899600008695],[-75.374981000245512,40.059275000196145],[-75.373012999867143,40.060190000218768],[-75.370823999555839,40.06117599978635],[-75.370487999995191,40.061325000293621],[-75.36233300042116,40.064897999736516],[-75.36104200008532,40.06551500028462],[-75.361066000374748,40.065543000319536],[-75.361093999963856,40.065577999659574],[-75.36198600009152,40.066674000163431],[-75.362662000309129,40.067505999716616],[-75.363181000167899,40.068142999670805],[-75.363588999698578,40.068643999656587],[-75.36360999961498,40.068660999782217],[-75.363631000429692,40.06869600027008],[-75.364201000342092,40.069368000237809],[-75.364774999554129,40.070045999765632],[-75.365203999899535,40.070516000169981],[-75.365372000129014,40.070778000257093],[-75.365394999695241,40.070804999972623],[-75.365700000192078,40.071212999871008],[-75.365936000193628,40.071490999924869],[-75.366092999654143,40.071682999784258],[-75.366686999855986,40.072354999841828],[-75.371387999620467,40.070345999915418],[-75.372271000425627,40.069962999910153],[-75.37367999986391,40.06933999971271],[-75.375599999663393,40.068453999985962],[-75.376730000340757,40.067943999696773],[-75.376845999793375,40.067898000076099],[-75.376948999725542,40.067865999962919],[-75.382025000307053,40.065669000334388],[-75.382068999789681,40.065647999660598],[-75.386069999945406,40.06384999981239],[-75.387404999763874,40.063259000311952],[-75.388992000375708,40.062614000105143],[-75.389553000067295,40.062362999884627],[-75.389907000069613,40.062204999920723],[-75.390570999693338,40.061906999679074],[-75.391670000408567,40.061431999972449],[-75.391807999602506,40.061371000227524],[-75.392600999995977,40.060989000312823],[-75.392631999958112,40.060973999685714],[-75.39284500039345,40.061248999886395],[-75.392971999716735,40.061446999811174],[-75.393097000288535,40.061638000127388],[-75.393119999854747,40.061710000068047],[-75.393158000387899,40.061832000271252],[-75.393281000411534,40.061960000283406],[-75.39424899980888,40.062966000160579],[-75.394482000335699,40.063206999673099],[-75.394539000237103,40.063267000195168],[-75.396176000179352,40.065478000318976],[-75.396285999784212,40.06563600025482],[-75.396598999778647,40.066058999688991],[-75.398513999555263,40.068644999906702],[-75.398523999600997,40.068665999656567],[-75.398543999692478,40.068693000209343],[-75.399330000413272,40.06977500026111],[-75.400681000125246,40.071651000074404],[-75.402251999945264,40.073822000217028],[-75.402718000100577,40.074463000192239],[-75.403693999893832,40.075801999956759],[-75.403877000191954,40.076068999661985],[-75.404059999591738,40.076294000106856],[-75.404472000218703,40.076873999887539],[-75.404853999810115,40.077426999710717],[-75.404930999803,40.077529999739774],[-75.404984000404767,40.077602000067948],[-75.405020000389783,40.077656000264135],[-75.405330999836096,40.07810099967751],[-75.405571999860513,40.078444999965072],[-75.405647000203587,40.078559999709583],[-75.405945000129421,40.078838000017058],[-75.406111999635669,40.07899499979554],[-75.406380000322613,40.07924700000089],[-75.406479000056791,40.079330000227152],[-75.406631000392764,40.079482999882181],[-75.406722999555953,40.079596999846352],[-75.406783999655332,40.079678000157152],[-75.40682200018847,40.07972299998265],[-75.406905999854075,40.07983299988922],[-75.40723599956695,40.080001999749356],[-75.407537999690746,40.080413999846733],[-75.407780000438379,40.080742999735854],[-75.407932999700932,40.080984000275414],[-75.408009999693846,40.081140999917032],[-75.408129000417844,40.081293000249566],[-75.409557000122717,40.08304999996399],[-75.409889000383743,40.083736000286045],[-75.410019000080069,40.083904000054631],[-75.410049000217313,40.083945999760161],[-75.410988000200646,40.08515199979],[-75.411018000337876,40.085194000100209],[-75.411262999661943,40.085510000228588],[-75.411957000321223,40.086399000025224],[-75.411986999560128,40.086441000253323],[-75.412369000049864,40.086932999817705],[-75.412749999816384,40.087398999925554],[-75.412933000114478,40.087646000097585],[-75.412964000076613,40.087688000243617],[-75.413147000374707,40.0879330001206],[-75.41322299964439,40.088051000229235],[-75.414004000342302,40.088804999984269],[-75.414657999920266,40.089437000299185],[-75.414888000074043,40.089800999831269],[-75.415021000143426,40.090137999879261],[-75.415053999755386,40.090219999952609],[-75.415069999648935,40.09029700026678],[-75.41508499971755,40.090363999808808],[-75.415206999916265,40.090498999998637],[-75.415283000084244,40.0906120001451],[-75.415322000442316,40.090669000111326],[-75.415803999592853,40.091263999910865],[-75.416864999774916,40.092499000026251],[-75.417090999730718,40.092827000031669],[-75.417295999770147,40.093620000065471],[-75.417755000252768,40.094199999998892],[-75.418003999774783,40.094514999680577],[-75.418122999600499,40.094664999965516],[-75.418180000400227,40.094737000039807],[-75.418373999670663,40.094982999833441],[-75.41866099972583,40.095346999941597],[-75.41900700023055,40.095785000209318],[-75.419284000239983,40.096136000088187],[-75.41954299980776,40.096463999744302],[-75.419783999832177,40.096769000197391],[-75.419952999886576,40.096983999864321],[-75.420123999590814,40.097200999887654],[-75.426202999729739,40.094617999971355],[-75.433688999657178,40.091419000067241],[-75.434856999969384,40.090890999958773],[-75.437499999842117,40.089732999794684],[-75.437613999644938,40.08968200006624],[-75.437654999652807,40.089662999807274],[-75.437863999890197,40.089573000208645],[-75.438434999627489,40.090521999739551],[-75.43849900009991,40.090629000284714],[-75.438550000153555,40.090714000231777],[-75.439607999962561,40.092471999978471],[-75.439684000130541,40.092599000237307],[-75.439857000382915,40.092885999992703],[-75.440148999562638,40.093371999694256],[-75.440721000023188,40.094321999730091],[-75.441001000405649,40.094207999683789],[-75.441110000185589,40.094165000249703],[-75.441848000327482,40.09388299978761],[-75.442131000184702,40.093776000234946],[-75.446395999931084,40.091978999996385],[-75.447514999839484,40.091429999825536],[-75.448679999778619,40.090860000265003],[-75.448863000076727,40.090788000212477],[-75.449109999948931,40.090683999696616],[-75.450325999941711,40.090184000284559],[-75.452531000146536,40.089277999964445],[-75.45454600038056,40.088450000257758],[-75.45471799990969,40.088377999717636],[-75.45618599979754,40.087776000334564],[-75.456255000292828,40.087755000291935],[-75.45627899968396,40.087754000322491],[-75.456334999760458,40.087754000322491],[-75.456416999776224,40.087896999930251],[-75.456501000340126,40.088057999984635],[-75.456559000066449,40.088215999770199],[-75.456568000287277,40.088295000212696],[-75.456622999640558,40.088400000215259],[-75.456658999625546,40.08857000007238],[-75.456681000265178,40.089102000116085],[-75.456678999717042,40.089236000112251],[-75.456692999960737,40.089520999729594],[-75.456692000135831,40.089717999999806],[-75.456713000052233,40.089920000075487],[-75.456757000433171,40.090227000172213],[-75.456774000151597,40.090463999720598],[-75.456867999862922,40.091110999929036],[-75.456896000350341,40.091378999994213],[-75.456888999779324,40.091933000116967],[-75.456868999687828,40.092452999811165],[-75.456858999642094,40.092519000080237],[-75.456812999611344,40.092644999666611],[-75.456744999839273,40.092739000285967],[-75.456713999877138,40.092793000159027],[-75.456702000181565,40.092826000136732],[-75.456696000333793,40.092875999676806],[-75.45667200004435,40.092952999734997],[-75.456661000173696,40.093027000030183],[-75.456642999732026,40.093327999844369],[-75.456626000013586,40.093505000332655],[-75.456611999769891,40.09357300003677],[-75.45662400036376,40.09385399984199],[-75.456626999838505,40.093928999723445],[-75.456626999838505,40.094016999992043],[-75.45662500018868,40.094062999837298],[-75.456632999686292,40.094156999872538],[-75.456666000196549,40.094453000144256],[-75.456809000311694,40.094678000309031],[-75.457067000054565,40.094839999994576],[-75.457420000231977,40.094996999979365],[-75.457587999563145,40.095139000314532],[-75.457915999626195,40.095141999897436],[-75.458755000050417,40.09529499975082],[-75.460074999800284,40.095726000012739],[-75.460341999763969,40.095820999663488],[-75.46099100021739,40.096007999709698],[-75.461326999778066,40.096130000322788],[-75.461909000284336,40.096353999910107],[-75.462290000050842,40.096635999753346],[-75.462606000418347,40.096870000154262],[-75.462926000085474,40.097252999996293],[-75.463028000192736,40.097595000064295],[-75.463053000307085,40.097677999910047],[-75.463010999575971,40.098143999978831],[-75.462731999916727,40.098597000012617],[-75.462471999625734,40.098963000326428],[-75.462419999747183,40.099191999902722],[-75.462435999640718,40.099367999770429],[-75.462448000234588,40.099489000059592],[-75.462501999762935,40.099696000339321],[-75.462519000379686,40.099767000107619],[-75.462573999732967,40.099958000152206],[-75.462572000083142,40.099978000075488],[-75.462583999778715,40.099992999670505],[-75.462591000349718,40.100017999904424],[-75.462637000380482,40.100247000052875],[-75.462629999809465,40.100577999850515],[-75.462474999998761,40.100957000333793],[-75.462361000195955,40.101104999927607],[-75.461994999599753,40.101497999719363],[-75.461829999743316,40.101769000085703],[-75.461787999910513,40.102059000298865],[-75.461788999735418,40.102255000249912],[-75.461794999583191,40.102323999898495],[-75.461797999956246,40.102346000010755],[-75.4618089998269,40.102474000147872],[-75.461729000359284,40.103035000237838],[-75.461935000223605,40.103036999727721],[-75.462238000172306,40.103049000101329],[-75.462465999777933,40.103070000234673],[-75.462688000434099,40.103102000294555],[-75.462906999818898,40.103146000008756],[-75.463121000079155,40.103201000298576],[-75.463330000316517,40.103268000191818],[-75.463536000180852,40.103345999912584],[-75.463731999999425,40.103433999684036],[-75.463917999772264,40.103532000154416],[-75.464384999752497,40.103846000191957],[-75.465459000353349,40.104590000198115],[-75.466302000077221,40.105172999901946],[-75.466345999559834,40.105199000006913],[-75.467657999812076,40.10596299987013],[-75.467857999828638,40.106079999936028],[-75.467943000217446,40.106144999656649],[-75.468123000142484,40.106284000309543],[-75.468386999733141,40.106517000129195],[-75.468467999923988,40.106591999795185],[-75.468693999879804,40.106800999829858],[-75.468960999843489,40.10706099970642],[-75.469240000401058,40.107381999774063],[-75.46937400029536,40.107576999826811],[-75.469474999679392,40.107725000134927],[-75.469586000007467,40.107930000057699],[-75.470006000132045,40.108706000229184],[-75.470509000097294,40.109475000179351],[-75.470822000091729,40.110155000146008],[-75.47117299972102,40.110807000224341],[-75.471398999676822,40.111255999891746],[-75.471477000392937,40.111461999786201],[-75.471550000187875,40.111638999820805],[-75.471602999891331,40.111853000287716],[-75.471582999799821,40.112210000126673],[-75.471583999624741,40.112373000272903],[-75.471571000104277,40.112427999972766],[-75.47146999982192,40.112890000230003],[-75.471361000041981,40.113230999731755],[-75.471285999698921,40.11342900034208],[-75.47101100023761,40.114141000299178],[-75.470834999612208,40.114513000322482],[-75.470697000418269,40.1148650000221],[-75.470360999959297,40.115726999937728],[-75.470058000010567,40.116093999703224],[-75.469729000122612,40.116396000068811],[-75.469408999557146,40.116664000157208],[-75.4689190000107,40.117004999970526],[-75.46863199995552,40.11716400009265],[-75.468368000364876,40.117312999683847],[-75.468109999723708,40.117434999876004],[-75.46764199991857,40.117660000292602],[-75.467080000402092,40.117883999750987],[-75.463613000173737,40.119081999937571],[-75.46322800020927,40.119214999778691],[-75.462633000182521,40.119580000263269],[-75.462563999687234,40.119630000064134],[-75.46229900027167,40.119856000271646],[-75.462150000308753,40.120010999867198],[-75.462040999630503,40.120123999775096],[-75.461891999667586,40.120400000322924],[-75.461771000192073,40.120597999981001],[-75.461667000435014,40.120820999894214],[-75.461391000250472,40.12166599993359],[-75.461288000318319,40.122085000291982],[-75.461140000180322,40.122967000074993],[-75.461156000073828,40.123583999863349],[-75.461137999632186,40.123936000002772],[-75.461272000424799,40.124329999889994],[-75.461458000197624,40.124610999736007],[-75.461522999596639,40.124710000030831],[-75.461598999764618,40.124824999907851],[-75.461761000146339,40.124971000241956],[-75.461849999834783,40.125051000019177],[-75.462093000407364,40.125270000018091],[-75.46234600012734,40.125424000219034],[-75.462730000266887,40.125658999920169],[-75.463015999598838,40.125838000287395],[-75.463301999829099,40.126018000277298],[-75.463509000416678,40.126149000103872],[-75.463953999757265,40.126376000023569],[-75.464086000001757,40.126443999842856],[-75.464522000019855,40.126635999935182],[-75.46472600023435,40.126725999963497],[-75.465122000069471,40.126880000300353],[-75.465136000313166,40.126885000019982],[-75.465862999686095,40.127136000034717],[-75.466960999678079,40.127431000298444],[-75.46704100004402,40.127454999991208],[-75.467677000078666,40.127645999905333],[-75.467800000102301,40.12768199967082],[-75.468401999801742,40.12796300008506],[-75.468927000406623,40.128139999754609],[-75.468946999599794,40.128147000193835],[-75.469082000217313,40.128192000252902],[-75.469571999763772,40.128389999884071],[-75.46970400000825,40.12844400030783],[-75.469991000063416,40.128577999749389],[-75.470206000148593,40.128678999871511],[-75.470559000325991,40.128825000170373],[-75.470802999825153,40.128925999925414],[-75.470992999795939,40.128977999822453],[-75.471726999739886,40.12919600017279],[-75.472449999813151,40.12929800010923],[-75.472961999999228,40.129287000291768],[-75.473170000411699,40.129283000107939],[-75.473868000370601,40.12919400007825],[-75.474407000320852,40.129068000184155],[-75.475012000393349,40.128913999996406],[-75.475466999779698,40.128755999931762],[-75.475572000260001,40.128720000048226],[-75.475888999554101,40.12856400033268],[-75.47621400014242,40.128371000131814],[-75.476738000024056,40.128156000070661],[-75.477327000203033,40.127928999913408],[-75.477563000204583,40.127838000036895],[-75.479114999758011,40.127325000008788],[-75.480281000420391,40.127001999811043],[-75.480349000192447,40.126984999830412],[-75.48108300013638,40.126796000284756],[-75.482874999889319,40.126605000042844],[-75.482961000103046,40.126600000302624],[-75.482981000194542,40.126599000217162],[-75.483460999695239,40.126573000050527],[-75.484880999902515,40.126495000177833],[-75.486363000034075,40.12635400012806],[-75.486439000202068,40.1263439999234],[-75.487194000062388,40.126243999856889],[-75.487805999807563,40.126164000109824],[-75.489159000067687,40.125874000323499],[-75.490058999692963,40.12593800026432],[-75.491066000346677,40.126106000251546],[-75.491150000012269,40.126101999880518],[-75.491241000248863,40.126099000289017],[-75.491639999558728,40.126078999803241],[-75.491882000306376,40.126067000058448],[-75.492044999614691,40.126078999803241],[-75.492330999844938,40.126100999787731],[-75.492576999892236,40.126141000053529],[-75.492734000251062,40.126184999975266],[-75.492832999985268,40.12621000019913],[-75.493688000303024,40.126493000003812],[-75.494360000322672,40.126807999900855],[-75.496542000062945,40.127832999700502],[-75.49703599980738,40.128032999819354],[-75.49815399989086,40.128652999813596],[-75.499206999677014,40.129300000200708],[-75.49972800008392,40.129585000273998],[-75.500097999979758,40.129967999994314],[-75.500937000403994,40.13038099983153],[-75.501611000073453,40.130494999702222],[-75.501848999724842,40.130624999803395],[-75.502038999695628,40.130726000317907],[-75.503058000044931,40.131285000179574],[-75.503546999766442,40.131552999959617],[-75.504377999794741,40.131953999701992],[-75.504575000336573,40.132070999696538],[-75.504946000057345,40.132289999743662],[-75.5053670000068,40.132503999779139],[-75.505623999924765,40.132634000158539],[-75.506075999836369,40.1329940000698],[-75.506564999557924,40.133421999841012],[-75.50724499997348,40.134043000103297],[-75.507836999627187,40.134853999794494],[-75.508086000047527,40.135335000012454],[-75.508200999675253,40.135520999989239],[-75.508347999988345,40.135762000198937],[-75.508684000447332,40.136171000074825],[-75.509005999764312,40.136436999935761],[-75.509236999742967,40.136618999891262],[-75.509369999812364,40.136722000299137],[-75.509700000423564,40.137059000049135],[-75.509908999762615,40.137565999860421],[-75.510000999824115,40.137697000093368],[-75.510388000336732,40.13829499968427],[-75.510465000329617,40.138660000050983],[-75.510671000193952,40.139644999816426],[-75.510824000354816,40.140040999757581],[-75.510836000050389,40.140530999954798],[-75.510829000377697,40.140932000285702],[-75.510784999996773,40.141326999724278],[-75.510753000209704,40.141722000300021],[-75.510646000079603,40.142087000111815],[-75.510558000216051,40.142466999864361],[-75.51017699955122,40.14371800026116],[-75.510155999634819,40.143786999729635],[-75.509981999557553,40.14428900034126],[-75.50990799993771,40.144446000178704],[-75.509666999913293,40.144955000122039],[-75.509460000224053,40.145311000067565],[-75.50932499960652,40.145590000080745],[-75.508652999586886,40.146530999863707],[-75.506439000059544,40.148316000267457],[-75.506372000112393,40.148370999729252],[-75.506290999921546,40.148436000221771],[-75.506049000072196,40.148630999952864],[-75.505968999706255,40.148696999956897],[-75.505414999687389,40.149126000136519],[-75.505101999692926,40.149392999840693],[-75.504214999588143,40.150152000202944],[-75.503300999719173,40.151095000094379],[-75.503049999648994,40.151399000266331],[-75.502668000057568,40.15189600030218],[-75.50204299989359,40.152765000249147],[-75.501428999600265,40.153618999940285],[-75.501237999804559,40.153980999948452],[-75.500975000038807,40.15447899998901],[-75.500656000196585,40.155618999808574],[-75.500676000288081,40.155746000247269],[-75.500800999961555,40.156521999790243],[-75.50083299974861,40.156629999823508],[-75.501076000321163,40.157436000190508],[-75.501227999758811,40.157659999697522],[-75.501632999814774,40.158256000083512],[-75.502008999558399,40.158582000235441],[-75.502718000286293,40.159195999851661],[-75.503803999684393,40.159726000279448],[-75.505545000282041,40.160099999915445],[-75.506233000195209,40.160109999958223],[-75.507865000114592,40.160136000337083],[-75.508582000340084,40.160119999999473],[-75.508965999581335,40.160091000150295],[-75.509862999731865,40.15984700026597],[-75.510781999623717,40.159536000200255],[-75.510796999692332,40.159531000136802],[-75.511363000305082,40.159339999908276],[-75.511703000063704,40.159148000222636],[-75.511841000155954,40.159069999980701],[-75.511978000423312,40.158994000239659],[-75.512084999655116,40.158933000051768],[-75.512192999610164,40.158871999809065],[-75.513213999609263,40.158295999958952],[-75.514017000048469,40.157356000089401],[-75.514108000285077,40.157187999776234],[-75.514560000196681,40.156352999825856],[-75.514888000259745,40.155892000063481],[-75.515669000059347,40.154862999818029],[-75.516413000048999,40.15353599970824],[-75.516500000087646,40.153351999684077],[-75.517279000237394,40.151680000111753],[-75.517423000177459,40.151254999848561],[-75.517543999652972,40.150758999658329],[-75.517757000088295,40.149743999775971],[-75.517849999974715,40.149567000070519],[-75.518076999755436,40.14914000012395],[-75.518518999621307,40.148501999728616],[-75.518851999707252,40.14821400003661],[-75.518913999631522,40.14816099998405],[-75.518975999555806,40.148107999890193],[-75.519013000264039,40.148077999948271],[-75.519045999875999,40.148050999989238],[-75.519154999655939,40.147957000276996],[-75.519803000284455,40.147575999870028],[-75.519862999660617,40.147540000342886],[-75.520434000296234,40.147249999755495],[-75.520446999816713,40.147243999692378],[-75.52084400037505,40.147137000309044],[-75.521071999980691,40.147074999985961],[-75.521227999616286,40.147065000083629],[-75.521590999839447,40.147043000018591],[-75.521724999733749,40.147052999924163],[-75.522174000170637,40.147084999886829],[-75.52253200037093,40.147148999766934],[-75.522821000075936,40.147201000140157],[-75.523221999933924,40.147315999728058],[-75.5235380003014,40.147405999836998],[-75.52406399983289,40.147615999856363],[-75.524324000123883,40.147719999847929],[-75.525945000172612,40.148610999918191],[-75.526351999878372,40.148992999768836],[-75.526413999802656,40.149051000007638],[-75.526796000292379,40.14950199997368],[-75.526838000125167,40.149551999736808],[-75.526930000186709,40.149676999670191],[-75.52718100025686,40.150017000302689],[-75.527418999908221,40.150447999853739],[-75.527576000267075,40.150811999743546],[-75.527632000343573,40.150942999841455],[-75.527733999552495,40.151392000162481],[-75.527789999629007,40.15262300007285],[-75.527776000283609,40.153106999919224],[-75.527648000237093,40.153565999985787],[-75.527611000427171,40.153702000070936],[-75.527509000319938,40.154112999793753],[-75.527407000212662,40.154565000150114],[-75.5273879999461,40.154676999925229],[-75.527310000128281,40.155161999903122],[-75.527162999815189,40.155684999887782],[-75.527126000005268,40.15581899985132],[-75.527088000370441,40.15595300023702],[-75.526972000019498,40.156219000229477],[-75.526925999988734,40.156327999706029],[-75.526862000414638,40.156867000057218],[-75.526848999995835,40.156933999935653],[-75.526844999797888,40.157074999699567],[-75.526838999950087,40.157365999849688],[-75.526828000079433,40.15773600024513],[-75.526766000155163,40.15797499998542],[-75.52661499964411,40.158561999698378],[-75.526628999887819,40.158799999665916],[-75.526643000131514,40.159232000066069],[-75.526674999918569,40.159805000051101],[-75.526695999834971,40.160168000314449],[-75.52673900039099,40.16041800000459],[-75.52688099978289,40.161246999884035],[-75.527011000377556,40.161862999934648],[-75.527114000309709,40.162346999829303],[-75.527450999695276,40.163535000044931],[-75.527684000222095,40.164190000233312],[-75.527817000291492,40.164753999730607],[-75.527977999949982,40.1652740000523],[-75.52815500040029,40.16606699966993],[-75.528171000293824,40.166117999783594],[-75.528479000265392,40.167089999996996],[-75.528500000181793,40.167154999734407],[-75.528640999748788,40.167512000181752],[-75.528768999795318,40.167836999658135],[-75.528865000054765,40.168152000094608],[-75.528889000344236,40.168226999721583],[-75.528941000222758,40.168396000334567],[-75.529094000383623,40.168596999963341],[-75.529159999607558,40.168683000090589],[-75.529405999654841,40.168921000273727],[-75.529505000287372,40.169010999894802],[-75.529865000137491,40.169271000036566],[-75.530096999941065,40.169428999926566],[-75.530277999691037,40.169552000059916],[-75.530485000278588,40.169692999704189],[-75.530753000067179,40.170028999808046],[-75.530813000341652,40.170063000191718],[-75.530969999802167,40.170152999671366],[-75.530994000091624,40.170165999998204],[-75.531055000190989,40.170200999756936],[-75.531170999643621,40.170259999858459],[-75.531522000171222,40.170436999855426],[-75.53163900034707,40.170496999877564],[-75.531675000332086,40.170520000020723],[-75.531786999586785,40.170588999717026],[-75.531824000295003,40.170611999829056],[-75.532144999787064,40.170834000240674],[-75.532347000351749,40.170974999967342],[-75.533114999732533,40.171493999884532],[-75.533438999597635,40.171712999833332],[-75.533612999674901,40.171829999995943],[-75.534425000334949,40.172363000243479],[-75.535396000105337,40.172911999809074],[-75.536402000035835,40.173349000060881],[-75.53717100013985,40.173726999776015],[-75.537780000410308,40.174014000327112],[-75.537886999642112,40.174060999667937],[-75.538068000290394,40.174140999989923],[-75.538793999838404,40.174535999853973],[-75.538926000082881,40.174608999846456],[-75.539056999604142,40.174681999760459],[-75.539342000009498,40.174834999786086],[-75.539581000384089,40.174966000211363],[-75.539624999866703,40.174990000272302],[-75.539746000240541,40.175056000053075],[-75.54029500023654,40.175377000255267],[-75.540600999659972,40.17558899967382],[-75.540653000436819,40.1756329998328],[-75.540808000247523,40.175766000186591],[-75.540835000011697,40.175794000155577],[-75.540985999624425,40.175950999914924],[-75.541077999685939,40.176094000079125],[-75.541098999602326,40.176127000126989],[-75.541281999900448,40.176471000253002],[-75.541470000221409,40.176820000171027],[-75.541609000138592,40.17706100004802],[-75.54179300026162,40.177396000027308],[-75.541943000049429,40.177648000142803],[-75.542405999831701,40.178419999824492],[-75.54301900030012,40.179260000136594],[-75.543272000020124,40.179600000198867],[-75.543348000188089,40.17970199995397],[-75.543748000221186,40.180276000089933],[-75.54414099968325,40.180873000240055],[-75.54420099995771,40.180955000023957],[-75.544309999737649,40.181103999754249],[-75.544451000202969,40.18129799972801],[-75.544765000022323,40.181707999892339],[-75.545001000023859,40.182066999879758],[-75.545338000307751,40.182555000312966],[-75.545364000247019,40.182591999754003],[-75.546463000063952,40.18464800002625],[-75.546521999615166,40.184757999752755],[-75.546628999745295,40.184962999983782],[-75.546639999615948,40.184975000306174],[-75.546698000240582,40.185087000010306],[-75.547418999765711,40.186448999972413],[-75.547834999692327,40.187235999952442],[-75.548654999849973,40.1884200001601],[-75.548695999857841,40.18850400015009],[-75.548736999865739,40.188588999895245],[-75.548778999698541,40.188675000077943],[-75.54913400042409,40.189416999662974],[-75.549173999708742,40.189542000313637],[-75.549197999998185,40.189619999850841],[-75.549252000424843,40.189792000237709],[-75.549322999671645,40.189913999992342],[-75.549381000296293,40.190037000051518],[-75.54954699997765,40.190693000259884],[-75.549724000427958,40.191456999818769],[-75.549926999919251,40.19212700006058],[-75.550055999790672,40.192584000199432],[-75.550111999867156,40.19278500023443],[-75.550332999800091,40.193428999741464],[-75.550576000372658,40.193964000058003],[-75.551151000307925,40.195310999661046],[-75.551753000007366,40.196439999981749],[-75.551824000152479,40.196586000097717],[-75.55223900025419,40.197438999750737],[-75.552544999677622,40.198120000237722],[-75.55280699961844,40.198935999693511],[-75.552866000067993,40.199119999660191],[-75.553390999774535,40.20035399969634],[-75.553425999934632,40.200416000077489],[-75.553929999724801,40.201296000326067],[-75.55453700034542,40.202314999903692],[-75.554784000217637,40.202865000314482],[-75.555027999716785,40.203408999791868],[-75.555298999878445,40.20410800021503],[-75.556211000097605,40.205700999787751],[-75.556647999940594,40.206421999942549],[-75.556849999606968,40.206754000222205],[-75.557148000431113,40.207212999743014],[-75.557437999961039,40.207601000027147],[-75.557750000130554,40.207979999873736],[-75.558110999805578,40.208289999957529],[-75.558474000028738,40.208554999701803],[-75.558916999719543,40.208821000028941],[-75.558996000260549,40.208869000198568],[-75.559273000269997,40.209014000061579],[-75.559402999966338,40.209082000155426],[-75.55975500031883,40.209253000332055],[-75.560153999628696,40.209445999820609],[-75.560691999754042,40.209675000342145],[-75.560808999929918,40.209713000314885],[-75.561029999862853,40.209783999719413],[-75.561125000297395,40.209815000064189],[-75.561655999851737,40.209914000339907],[-75.562148999771239,40.209955000183037],[-75.562351000335923,40.209971999976879],[-75.562886999913133,40.209875000248545],[-75.563252999611009,40.209713999862544],[-75.563322999931216,40.20967899990697],[-75.563532000168578,40.209575999717323],[-75.563739999682724,40.209471999819932],[-75.56399499995085,40.209344999755139],[-75.564282000006045,40.209100999967703],[-75.564512999984728,40.208766999711713],[-75.564599000198456,40.208588999987498],[-75.564778000298588,40.208191000053887],[-75.564861000139274,40.207902999761458],[-75.564967000444469,40.207535999931068],[-75.564970999744105,40.207421999717567],[-75.564979999964947,40.207137999988888],[-75.564986999637654,40.206925999686341],[-75.564906000345104,40.206184999866167],[-75.564719999673954,40.205686000195037],[-75.564644000404286,40.205539999778168],[-75.564418000448484,40.205102000071122],[-75.56434300010541,40.204957000072469],[-75.564298999724485,40.204872999879299],[-75.563399999924115,40.203547000143111],[-75.562898999608691,40.202817000009752],[-75.562706000163161,40.202416999807916],[-75.562537000108748,40.202065999835895],[-75.562342000115081,40.201353999789958],[-75.562234999984952,40.200561999865855],[-75.562270000145077,40.199864000310939],[-75.562342000115081,40.199222999956824],[-75.562433000351675,40.198300999840335],[-75.562486999880036,40.198064000190776],[-75.562574999743575,40.197826999712838],[-75.56265500010953,40.197696000202036],[-75.562661999782236,40.197681999935568],[-75.562739999600041,40.197538999988723],[-75.5628149999431,40.197442000308975],[-75.562877999692304,40.197361000286122],[-75.563524999597576,40.196784999773044],[-75.564614000267042,40.195846000225949],[-75.56479800039007,40.195688000091764],[-75.56508000042237,40.195483000024723],[-75.56536900012739,40.195280000231286],[-75.565800999947513,40.19498600002094],[-75.565846000153343,40.194956999973137],[-75.566252999859131,40.194701999657717],[-75.566640000371748,40.194476000021666],[-75.567015000290453,40.194279999757825],[-75.567400000254935,40.194159000085811],[-75.567839999572669,40.194073999773153],[-75.568302000428346,40.194022000304336],[-75.568509999942506,40.194002999696707],[-75.568658000080504,40.193994000309921],[-75.56872000000476,40.193989999819671],[-75.568832000157769,40.193986999794873],[-75.568935999914828,40.193985000235749],[-75.569145999977124,40.193985000235749],[-75.569356000039406,40.193992999844269],[-75.569565000276782,40.194005999720787],[-75.569772999790928,40.194026999885523],[-75.569980000378479,40.194053000309175],[-75.570186000242813,40.194085999856057],[-75.570351999924156,40.194116999831643],[-75.570389999558984,40.194125000110795],[-75.570591000298762,40.19417100015368],[-75.570796000338163,40.194223999970454],[-75.570992000156764,40.194281999994409],[-75.571184999602281,40.194345999986957],[-75.571373999748161,40.194415999931017],[-75.57201599963058,40.194680999702008],[-75.572463000417642,40.194878999712074],[-75.572906000108432,40.195087000208922],[-75.573337999928569,40.195303000208007],[-75.574841999801436,40.196445999814095],[-75.574938000060897,40.196519000247982],[-75.575692999921216,40.197057000091405],[-75.576189000213773,40.197488000160241],[-75.576901000416385,40.198106000058793],[-75.577189000296471,40.198356999691541],[-75.577861000316133,40.199088000209002],[-75.578689999796282,40.200003000021717],[-75.578790000253719,40.200199999898594],[-75.579221000248921,40.201040000159374],[-75.579376999884545,40.201276999698315],[-75.579533000418479,40.201513999780971],[-75.579735000084838,40.20182100025437],[-75.580101999607635,40.202945999936887],[-75.580365000271684,40.203862999779965],[-75.580416000325314,40.203854999963639],[-75.580402999906525,40.203961999829957],[-75.580400000431794,40.203987999874549],[-75.580736999817361,40.205175000104504],[-75.580746999863109,40.205212000241765],[-75.580850999620182,40.205579999914235],[-75.580953999552335,40.205948000333258],[-75.58109800039071,40.206403999661873],[-75.581310999927709,40.206808999675502],[-75.581491999677681,40.207119000312424],[-75.58175899964138,40.207511999721511],[-75.582047000419792,40.207886000134742],[-75.582064000138217,40.207907999691258],[-75.582597000240682,40.208541999870526],[-75.583203000138084,40.209181000129725],[-75.583722999821774,40.209775999915863],[-75.584094000440857,40.210199999866759],[-75.584806999570077,40.210927000110502],[-75.585257999656775,40.211396999739272],[-75.585677999781339,40.211873000063896],[-75.586098999730822,40.212334999804753],[-75.586419000296274,40.212661000164793],[-75.586487000068331,40.212747000002558],[-75.586639000404304,40.212938000145336],[-75.586790999841952,40.213129999933038],[-75.587289999609226,40.213758999786435],[-75.58741699983085,40.2139299998246],[-75.587540999679405,40.214098000296353],[-75.587596999755888,40.214187999667267],[-75.587756999589473,40.214448999705141],[-75.587970000024796,40.214866999658653],[-75.588216999897014,40.215299999990002],[-75.5884899997085,40.215918000090447],[-75.588540999762103,40.216040000170047],[-75.588780999961628,40.216725999665123],[-75.58928999977465,40.218022999714861],[-75.589299999820383,40.218048999853387],[-75.589490999616089,40.218408000218623],[-75.589589000423715,40.218566000219887],[-75.589723000318003,40.218783999694899],[-75.590020000418917,40.219317000041798],[-75.590029999566354,40.219334000230958],[-75.590227999933077,40.21969700030656],[-75.590342999560804,40.220024999709473],[-75.590377999720914,40.220085999852024],[-75.5904260002998,40.220169999711054],[-75.590536999729565,40.220365999891634],[-75.590715000004792,40.220804999799725],[-75.590812999914078,40.221045999775711],[-75.591078000227952,40.221629000327674],[-75.591188999657717,40.221947000135422],[-75.591233000038642,40.222092000138957],[-75.591291999589885,40.222284000054017],[-75.591393999697132,40.222549999994563],[-75.591421000359631,40.222605999704598],[-75.591525999941624,40.222829000099281],[-75.591710000064623,40.223313999982821],[-75.591835999563017,40.223606000058254],[-75.592002000142685,40.223988000318997],[-75.59214199988476,40.22429099975156],[-75.592342999726213,40.224729000277577],[-75.592618000085821,40.225402000250689],[-75.592657000443893,40.22549099969563],[-75.592878000376814,40.225994000294392],[-75.593030999639382,40.226677999862204],[-75.593136999944605,40.227200000101597],[-75.59325999996824,40.227710000131829],[-75.593335000311313,40.227927999675259],[-75.593371000296329,40.228032000053403],[-75.593500999992671,40.228329000161708],[-75.593697999636149,40.228679999920097],[-75.593978000018652,40.229043999932763],[-75.594250000005204,40.229396000044012],[-75.594536000235479,40.229915000105201],[-75.594747000122666,40.230372999877979],[-75.595323999707745,40.232104999700319],[-75.595398000225913,40.232304999926683],[-75.595462999624928,40.232571000293248],[-75.595502999807906,40.232819000178552],[-75.595568999930137,40.233188000013861],[-75.595578000150965,40.233513000285043],[-75.59565699979369,40.233976999667831],[-75.595703999649345,40.23456800033334],[-75.595799000083915,40.235172000166678],[-75.59581699962726,40.23522100004292],[-75.595970999613044,40.235642000317711],[-75.596037999560195,40.235793000272089],[-75.596070000245561,40.235867000008682],[-75.596076999918253,40.235881999778655],[-75.596353999927686,40.236225000057566],[-75.596661999899283,40.236562000260882],[-75.596673999594827,40.236575000202571],[-75.597030999970215,40.236843999754569],[-75.597404000239109,40.237022999833037],[-75.597764999914133,40.237182999962393],[-75.598337000374656,40.23738000011658],[-75.598542000414085,40.237442000227574],[-75.598828999570941,40.237529999800934],[-75.599190000144276,40.237636000163796],[-75.599339000107193,40.237679000017891],[-75.600120999731686,40.237857000127953],[-75.600677000298703,40.237962999978954],[-75.601207999853045,40.238030999821831],[-75.601355999991029,40.238049999745549],[-75.601863000154253,40.238049999745549],[-75.602577000006676,40.238082999816982],[-75.602814999658051,40.238078000056539],[-75.60322100043723,40.238070000164818],[-75.604234999865326,40.23786400022675],[-75.604314000406376,40.237822000308924],[-75.605172000198863,40.237466000122545],[-75.605890000249232,40.23705099988296],[-75.606589999857988,40.236376000083375],[-75.606814000163965,40.236212000048674],[-75.606922999943905,40.236132000255552],[-75.607257999679661,40.235817999914119],[-75.607406999642578,40.235605000336598],[-75.607485000358693,40.235386000275213],[-75.607531000389457,40.235153999979325],[-75.607558999978551,40.234893000153612],[-75.607564999826337,40.234838000177639],[-75.607579999894938,40.234697000172261],[-75.607575999696991,40.234470000286159],[-75.60758900011578,40.23426899972457],[-75.607574000047165,40.233623000287288],[-75.607557000328725,40.233364999700832],[-75.607541000435191,40.23312799989877],[-75.607467999741942,40.232773000301641],[-75.60735099956608,40.232573000085758],[-75.607296000212813,40.232478000273545],[-75.606644000284646,40.231681000339492],[-75.606306000175849,40.23138299992808],[-75.606146000342278,40.231226000244909],[-75.606018000295762,40.231098999802484],[-75.605675999989003,40.230902999813246],[-75.605107999726428,40.230613000181329],[-75.604619999829808,40.230377000278651],[-75.604265999827462,40.230102000130501],[-75.604167999918175,40.230025999713042],[-75.603929000441894,40.229767999825569],[-75.603762000037321,40.229607000067666],[-75.603702999587782,40.22954900009092],[-75.603434999799148,40.229150999809406],[-75.603310000125703,40.22887800007166],[-75.603183999728998,40.228604999919398],[-75.603018000047655,40.228244000171408],[-75.603024999720347,40.227522999675024],[-75.603172999858344,40.227005999759662],[-75.603434999799148,40.226568000239311],[-75.603572999891441,40.226368000218002],[-75.603819999763644,40.226058999833398],[-75.603948999635051,40.225918000068489],[-75.604331000124802,40.225580999708932],[-75.604709000416577,40.225351000123027],[-75.60503499993149,40.225152999949437],[-75.605522999828125,40.224807999812612],[-75.605982000310746,40.224596999928636],[-75.60602599979336,40.224577000331365],[-75.606629000216046,40.224309000082641],[-75.60741599986342,40.223969999902565],[-75.607984999950901,40.22376500030996],[-75.608525999550977,40.223607000086893],[-75.608801999735491,40.223526999807369],[-75.609435000295406,40.223347999722812],[-75.610001000009831,40.223207999836667],[-75.610368000430952,40.223124999664719],[-75.610715999687187,40.223055999907125],[-75.611016000161158,40.223024000095052],[-75.611259999660319,40.222993000305628],[-75.611572999654754,40.222973000234802],[-75.611607999814851,40.222975000310718],[-75.611954000319571,40.222996999770352],[-75.612372999720904,40.222996999770352],[-75.61273799959389,40.223071999807466],[-75.612936999785546,40.223137000092535],[-75.613172999787082,40.22321500007795],[-75.613619999675834,40.223355999981919],[-75.614430999612637,40.223690999695712],[-75.614521999849245,40.223728000012962],[-75.614921000057421,40.223921000116576],[-75.615353999702464,40.224142000256528],[-75.615645999780497,40.224329999777012],[-75.615782000222964,40.224427000077128],[-75.616038000315996,40.22465800006988],[-75.616277999617182,40.224911000170657],[-75.616332000043855,40.225034999847864],[-75.616393000143219,40.225175000073548],[-75.61655399980171,40.225474999680735],[-75.616625999771713,40.22564200033591],[-75.616716000183416,40.225828999812848],[-75.616742000122684,40.22588200025659],[-75.616865000146333,40.226095000237066],[-75.616972000276448,40.226380000071337],[-75.617158999874192,40.22666700004514],[-75.617425999837891,40.227018000185836],[-75.617548000036635,40.227159999694713],[-75.617705000395475,40.227341999914792],[-75.617962000313426,40.227648999995559],[-75.618150999560982,40.227891000280408],[-75.618316000315744,40.228143000003826],[-75.618398000331524,40.228282000018865],[-75.618569000035734,40.228600000144993],[-75.618676999990782,40.228841999775412],[-75.618760999656359,40.2290640002687],[-75.618847999694992,40.229261000038392],[-75.618934999733639,40.22944000027222],[-75.619056000107449,40.229619999972847],[-75.619179000131084,40.229764000074759],[-75.619576999616058,40.230080000234999],[-75.619997999565513,40.230300000239957],[-75.620351999567845,40.230466999972407],[-75.620606000011065,40.230573999658382],[-75.620899999738938,40.230698999865879],[-75.620933000249209,40.230707999866468],[-75.621023999587507,40.230733000014069],[-75.621115999649007,40.230758000152505],[-75.621633999682857,40.230899000129469],[-75.622125999777452,40.230995999938344],[-75.622278000113411,40.23102600026116],[-75.622441000320038,40.231053000128888],[-75.623048999867265,40.231154999989137],[-75.623388999625902,40.231206999778081],[-75.623577999771783,40.231236000091421],[-75.623704999993379,40.231261000044171],[-75.623822999994161,40.231284000157181],[-75.623852000306471,40.231290000334454],[-75.624000000444497,40.231319999841261],[-75.624014999614772,40.231323000271274],[-75.624176000171587,40.231371000275317],[-75.624293000347436,40.231405999999659],[-75.62437100016524,40.231429000063365],[-75.624519000303238,40.23147400025492],[-75.62459100027327,40.231503999680221],[-75.624603999793749,40.231508999926021],[-75.624679999961742,40.23154099984464],[-75.624782999893895,40.231583000229229],[-75.624859000061875,40.231614000202455],[-75.625038000162021,40.231687999705102],[-75.625095000063425,40.231712000267855],[-75.625117999629651,40.231722000042609],[-75.625198999820498,40.231754999768938],[-75.625280000011358,40.231789999980634],[-75.625302999577585,40.231796000113071],[-75.625420999578353,40.231826999988797],[-75.625577999937207,40.231871999915896],[-75.625627000340984,40.231885999978566],[-75.625735000296032,40.231916999813095],[-75.625823999984476,40.231942000200291],[-75.625998000061742,40.231986000146037],[-75.626032000396947,40.231999000280403],[-75.626517999745431,40.23219200013537],[-75.626882999618417,40.232371000166616],[-75.62716100035108,40.23250799993987],[-75.627323999659382,40.232587999899572],[-75.627434000162566,40.232646000016985],[-75.627475000170435,40.232667999764764],[-75.627792000362831,40.232835999722681],[-75.627958000044188,40.232923999795545],[-75.627995999679015,40.232943999671463],[-75.62824699974918,40.233077000102028],[-75.628517999910841,40.233220999711605],[-75.628539999652148,40.233226999717303],[-75.628611999622166,40.233266000084043],[-75.628892000004669,40.233417999734051],[-75.629213000395026,40.233602000045018],[-75.629918999851526,40.233919000004555],[-75.630263999633044,40.234073999868627],[-75.630619000358593,40.234202999962804],[-75.630858999659779,40.234292000187537],[-75.631030000262342,40.234348999661307],[-75.631192999570644,40.234395999708653],[-75.631960000024833,40.234640000305625],[-75.632062999957,40.234667999969396],[-75.632156999668339,40.234687000151006],[-75.632264999623359,40.234720999668632],[-75.632395000218011,40.234764000002279],[-75.632591999861503,40.234815999763228],[-75.632702000364688,40.234845999765419],[-75.632785000205374,40.234873000167511],[-75.632872000243992,40.234900999734947],[-75.633037999925349,40.234948000084906],[-75.633123000314157,40.234972000178111],[-75.633160000124079,40.234982000157288],[-75.633215000375685,40.23499899984418],[-75.633272000277074,40.235014999666589],[-75.633309999911916,40.23502600018525],[-75.633357999592477,40.235038999736048],[-75.63340100014851,40.235051999970125],[-75.633500999707621,40.235086999849393],[-75.633549000286507,40.235104000195705],[-75.633699000074344,40.2351380001897],[-75.633796000158725,40.235168999907188],[-75.633858999907929,40.235205000269175],[-75.633988999604256,40.235302999938447],[-75.634031000335369,40.235341999795367],[-75.634074999817983,40.235383000025209],[-75.634118000373988,40.235424000230161],[-75.634162999681521,40.235467999970936],[-75.63420700006246,40.23549799968427],[-75.634320999865267,40.235575999836826],[-75.634340999956763,40.235584999875009],[-75.634390000360568,40.235607999890995],[-75.634495999767452,40.23574599982279],[-75.634742999639656,40.235858999855736],[-75.634768999578938,40.235871000084828],[-75.635931999868262,40.236239999748186],[-75.636018999906881,40.23621900031749],[-75.636454999924979,40.236120999916608],[-75.637241999572353,40.236260999858082],[-75.637352999900429,40.236281000120016],[-75.637910000292365,40.236410999964079],[-75.638382000295465,40.236556999702401],[-75.638992000390829,40.236736999688539],[-75.639557000280348,40.236895999975552],[-75.639731000357628,40.236944999975762],[-75.640254000414359,40.237054000059061],[-75.640329999684013,40.237094000108499],[-75.640439000362278,40.237149000309387],[-75.640497999913507,40.237174999964878],[-75.641012999574329,40.237404000033564],[-75.641185000001769,40.237481000224015],[-75.641226999834572,40.237497000145751],[-75.641706000408675,40.237732000103435],[-75.642489999682994,40.238042999665986],[-75.64295300036359,40.23822699975333],[-75.643310999665573,40.238401999678032],[-75.643723000292525,40.238579000137086],[-75.644104000059045,40.238817999670168],[-75.644608999674105,40.239135999697673],[-75.644709000131513,40.239195999975252],[-75.645344000341254,40.239578999877203],[-75.645407000090444,40.239602999700438],[-75.646766000198355,40.240140999734031],[-75.647008000047677,40.240235999767464],[-75.647414999753451,40.240397000313678],[-75.6477279997479,40.240545999707194],[-75.647963999749464,40.240658999958264],[-75.648212000344884,40.24077800004298],[-75.648460999866927,40.24089600014522],[-75.649031999604233,40.241167999667148],[-75.650056999801279,40.241675999901744],[-75.650656000026004,40.24192900020293],[-75.650757000308346,40.241974000273956],[-75.650887000004673,40.242020000071903],[-75.651073999602417,40.242076999897414],[-75.651175999709679,40.242085000001403],[-75.651321000372945,40.24209999976528],[-75.651458999566884,40.242110999818571],[-75.651579999940722,40.242104000158861],[-75.652354000067618,40.242043999715563],[-75.652749999902753,40.24200099989082],[-75.653462999930269,40.241810000084165],[-75.653862000138446,40.24165299988983],[-75.65412499990417,40.241539999926438],[-75.654197999699122,40.241522000060499],[-75.654740999847334,40.241387000227633],[-75.654966999803136,40.241329999821176],[-75.655352999592509,40.241246999913457],[-75.655531999692656,40.241199000052568],[-75.656037000206027,40.241166999897843],[-75.656257000314056,40.241174000340095],[-75.65641299994968,40.241187000082022],[-75.656814999632573,40.241235999719791],[-75.657178999680653,40.241294999740326],[-75.657223000061578,40.241305000157084],[-75.657594999607241,40.241393000195437],[-75.657979999571722,40.241542999903629],[-75.658217000296503,40.241655000099861],[-75.658346999992844,40.241715999963517],[-75.658614999781435,40.241903000315808],[-75.658678000428949,40.241941999799835],[-75.658740000353234,40.241980999947103],[-75.658813000148157,40.242025000226924],[-75.65900899996673,40.242124000066291],[-75.659408999999826,40.242344000029021],[-75.659454000205656,40.242371000184036],[-75.659546000267184,40.242435000025885],[-75.659600999620451,40.242470000203092],[-75.659655000047124,40.242503999926925],[-75.660045999859378,40.242707999968246],[-75.660506999991824,40.24293100000596],[-75.66117200033878,40.243337999905968],[-75.66140800034033,40.243509000023494],[-75.661641999793744,40.243671999793584],[-75.661934999696712,40.243877000158683],[-75.66216400002557,40.244018000246847],[-75.662393000354427,40.244171000170759],[-75.662591999647731,40.244281999724301],[-75.662968000289695,40.244480000199552],[-75.663205999941056,40.24459800002036],[-75.663597999578215,40.244760999911001],[-75.664036000144449,40.244900000100806],[-75.664400000192515,40.244953999732523],[-75.664910999655362,40.245065000059171],[-75.665976999860305,40.245115000029521],[-75.66652900022936,40.245124999882002],[-75.667161000066031,40.245124000171124],[-75.667839999758357,40.245105999886732],[-75.668433000135309,40.245055999909781],[-75.668488000386901,40.245051999690588],[-75.669598999899364,40.244905000043111],[-75.670092999643771,40.244818000171307],[-75.670751000318035,40.244687000295308],[-75.670776000432397,40.244680999933792],[-75.671154999650753,40.244585999966624],[-75.671199000031692,40.244576000034478],[-75.671624000179136,40.244434000016113],[-75.672112000075757,40.244263999901762],[-75.672261999863593,40.24420300027694],[-75.672624000261834,40.244056000157158],[-75.67404799976876,40.243478000010207],[-75.674164999944622,40.243429999673999],[-75.674605999985587,40.243209999811995],[-75.675017999714228,40.243015000333976],[-75.675087000209516,40.242984999836935],[-75.675125999669277,40.242965000183929],[-75.675155999806492,40.24294999992599],[-75.675185999943707,40.242939000009031],[-75.675346999602198,40.242863000284466],[-75.67554599979384,40.242769000254484],[-75.675596000022551,40.242746999674246],[-75.676058999804823,40.242550999799349],[-75.676355000080818,40.24242600021249],[-75.676608999625728,40.242319000053698],[-75.676669999725092,40.242293000316359],[-75.676934000214047,40.242163000108668],[-75.677062000260577,40.242079999850816],[-75.677176000063398,40.242008000246891],[-75.677318000353608,40.241916999676057],[-75.678373999614493,40.241276999809237],[-75.678813000005633,40.241011999812791],[-75.678967999816351,40.240902000156552],[-75.679064000075812,40.240836000002723],[-75.679454999888051,40.240605000329047],[-75.679530000231139,40.240562000276107],[-75.679606000399119,40.24049199998791],[-75.67983099963169,40.240275999994253],[-75.679883000408537,40.240226999661743],[-75.68039700024444,40.239833000260909],[-75.680577999994412,40.239714999677439],[-75.680715000261756,40.239627999993019],[-75.680778000010946,40.23958800006907],[-75.680840999760136,40.239547000328209],[-75.680916999928129,40.23949800015378],[-75.68096200013396,40.239465999880807],[-75.681113999571622,40.239361000121676],[-75.681276999778234,40.239247999761439],[-75.681320000334267,40.239218000338028],[-75.681439999984846,40.239135999697673],[-75.681552999962761,40.239058000217312],[-75.681576000427299,40.239039999691485],[-75.682061999775797,40.238647000047067],[-75.682215999761567,40.238544000005525],[-75.683126000330915,40.237944000030808],[-75.683378000226,40.237803000321215],[-75.684732000311016,40.237046999876519],[-75.684753000227417,40.237035999686221],[-75.684847999763647,40.236945999807467],[-75.684887000121705,40.236909999685309],[-75.685010000145368,40.236830999864523],[-75.685265000413494,40.236713000220952],[-75.685578000407929,40.236575000202571],[-75.685759000157901,40.23651799985948],[-75.686127000403928,40.236413000328973],[-75.686309999803726,40.236363000103481],[-75.686473000010338,40.23632000009944],[-75.686933000317879,40.236251999909747],[-75.686949000211413,40.236251000067845],[-75.687298000190864,40.236229999954787],[-75.68768099960721,40.236195999823316],[-75.688114999975468,40.236186000023423],[-75.688525999879204,40.236193000294918],[-75.688585000328743,40.236198000194555],[-75.689012000125999,40.236237000221792],[-75.689342999663808,40.236284000330237],[-75.689762999788371,40.236343999706364],[-75.689951999934252,40.236388000220842],[-75.690171000217376,40.236450999707642],[-75.690381000279658,40.236529999971779],[-75.690520000196827,40.236612000339434],[-75.690553999633707,40.23663300033401],[-75.690680000030397,40.23672799980347],[-75.690820999597392,40.236853000309985],[-75.690901999788238,40.236960000192653],[-75.690967000085593,40.237066000076368],[-75.691073000390787,40.237304000323405],[-75.691527999777136,40.237915999664409],[-75.69157499963282,40.237970999883309],[-75.691879000304738,40.238331000088316],[-75.692214999865399,40.238658999782061],[-75.692511000141408,40.238941999944807],[-75.693009999908696,40.239287999886258],[-75.693183000161056,40.239408000118907],[-75.693871000074225,40.239882000192885],[-75.69403000008289,40.239980999737305],[-75.694086999984293,40.240017000283814],[-75.694261000061573,40.240124999751359],[-75.694318999787882,40.240162000005519],[-75.694365999643551,40.240190999912571],[-75.694508999758668,40.240281000278124],[-75.694557000337554,40.240310999916225],[-75.694985999784663,40.240605000329047],[-75.695029000340682,40.240634999823627],[-75.695969000148907,40.241325000300549],[-75.696257000029007,40.241515000339888],[-75.696306000432813,40.241548000093879],[-75.696498999878344,40.241675999901744],[-75.6966920002222,40.241802999707623],[-75.69670899994064,40.241815000254704],[-75.696763000367312,40.241850999826006],[-75.696781999735563,40.241862999678858],[-75.696820000268715,40.241859999715842],[-75.697320999685829,40.24158099983179],[-75.697498000136136,40.241481999884094],[-75.698015000345094,40.241211000020982],[-75.698437999944389,40.240992000262629],[-75.698859999718792,40.240772999795865],[-75.700472000444989,40.239937999973726],[-75.700552999737539,40.23989599997099],[-75.70189299957886,40.239201000338895],[-75.701916000043397,40.239189000014221],[-75.701940000332854,40.239175999888651],[-75.704479000448501,40.237860000268341],[-75.706569000127274,40.236776000091098],[-75.70941299984149,40.235275999707866],[-75.710929000308212,40.234476000181147],[-75.711532999657479,40.23415700034019],[-75.711575000388592,40.234134999704573],[-75.712090000049415,40.233863000046085],[-75.716918999860383,40.23131700009688],[-75.718898000109419,40.230273000072089],[-75.719148000354664,40.230140000307223],[-75.719399000424829,40.230008000215328],[-75.719913000260718,40.229736999693209],[-75.720785000296914,40.229276999844792],[-75.725441999680456,40.226821000065051],[-75.725507999802687,40.226786000028902],[-75.725574999749838,40.226750999974669],[-75.727998000412882,40.22547299967858],[-75.728774000189588,40.225063000053325],[-75.728850000357568,40.225022999756312],[-75.729862999960758,40.224488999701194],[-75.732311999664716,40.223046000224677],[-75.732453999954956,40.2229619998161],[-75.738273999627822,40.219573999863918],[-75.73873899995823,40.219304000217072],[-75.739770999827982,40.218702999792512],[-75.743177999781864,40.21672099969993],[-75.746063000402259,40.214980000227364],[-75.748862999735536,40.213290000255249],[-75.75104899967377,40.211972000077502],[-75.751560000034928,40.211662999888915],[-75.75161500028652,40.211629999978648],[-75.751656000294403,40.211605000326941],[-75.752222999833748,40.211262999748136],[-75.752673999920461,40.210991000169912],[-75.753893000286268,40.210256000179754],[-75.755240999625215,40.209442999793694],[-75.755567999863359,40.209244999779777],[-75.756322999723679,40.208788999668286],[-75.756694000342762,40.208565000150791],[-75.758773999975801,40.207309999850722],[-75.760436000032414,40.206307000315839],[-75.761149999884864,40.205876000050544],[-75.762755999864964,40.204906999953707],[-75.76285100029952,40.204849999718434],[-75.762972999599938,40.204777000021153],[-75.767271999681526,40.2021820001411],[-75.767550000414161,40.202014999982012],[-75.767829000073419,40.201846999747893],[-75.772617999701453,40.198956999703753],[-75.772937000441985,40.198765000250049],[-75.772949999962464,40.19875699983217],[-75.774487000345601,40.197830000253909],[-75.774868999937027,40.197599000060727],[-75.775611000276868,40.19715099975096],[-75.781553000148463,40.193565000248945],[-75.782289999567126,40.193120999904856],[-75.783089999633276,40.192637999683569],[-75.783677000162442,40.192283999766317],[-75.78417400027989,40.191984000064728],[-75.784442000068495,40.191821999921125],[-75.784550999848435,40.191756999792901],[-75.784833999705654,40.19158900021791],[-75.786418999769381,40.19064399974387],[-75.788126000031824,40.189627000130429],[-75.788223000116204,40.189569000242777],[-75.788526999889825,40.189387999978656],[-75.788689000271532,40.189275999827323],[-75.788953999687081,40.18913299999636],[-75.78995700014282,40.188535999792158],[-75.790045999831293,40.188483000333925],[-75.790270999962203,40.188349000340651],[-75.791153999869039,40.187785999837182],[-75.791808000345327,40.187369000208598],[-75.796431000292003,40.184572000098498],[-75.796822999929162,40.184377999878834],[-75.796950999975678,40.184314000087973],[-75.796997000006428,40.184285000280774],[-75.801967000282716,40.181223000132945],[-75.807865999598306,40.177654000264894],[-75.808167999722102,40.177470999734595],[-75.813151000417193,40.174454999930198],[-75.813983000270397,40.173950999757679],[-75.820979999577972,40.169716000119799],[-75.822944999583285,40.168485999965313],[-75.823046999690533,40.168422000285886],[-75.82485100003737,40.167292000233829],[-75.82802000033989,40.165306999869635],[-75.830576000173977,40.16370699997367],[-75.831134000390819,40.163356999667819],[-75.833742000103442,40.161723000070644],[-75.835249000349364,40.160780999736716],[-75.841424999674388,40.156952999940408],[-75.843182999990461,40.155864000123067],[-75.843638000275121,40.155582000079342],[-75.844094000384715,40.155298999888089],[-75.845005999705549,40.154733999758299],[-75.845917000099789,40.154168999733827],[-75.846516000324499,40.15379800012861],[-75.851065999577912,40.151247999729861],[-75.851118000354774,40.151227000056117],[-75.851131999700158,40.151210999679066],[-75.854398000087045,40.149381000092504],[-75.854459000186424,40.149347000336782],[-75.854547999874882,40.149296999736158],[-75.854610999624072,40.14926099974781],[-75.855262999552224,40.148839000101901],[-75.855287999666587,40.148822999848946],[-75.855429000131892,40.148731999797761],[-75.855533999713884,40.148664000306226],[-75.85641999999379,40.148089999926647],[-75.857305000448761,40.147516999967372],[-75.857368000197951,40.147476000144501],[-75.857431999772047,40.147433999831343],[-75.857800999842979,40.147195000072706],[-75.858487999931256,40.146750000002612],[-75.85901699983576,40.146391999769847],[-75.859924000032052,40.145787999837999],[-75.860775000151833,40.145206999821156],[-75.861598999609129,40.14464699998328],[-75.862105999772325,40.144302000127261],[-75.864490000077296,40.142698000301564],[-75.864761000238957,40.142516000147594],[-75.8655889998942,40.141962999804946],[-75.866648000426466,40.141234000191822],[-75.866813000282903,40.14111999979373],[-75.867553000074608,40.140648000290774],[-75.868024000252802,40.140362000029548],[-75.868080000329286,40.140326999996525],[-75.868985999802362,40.139771999908511],[-75.869252999766047,40.139608000312734],[-75.870781999753262,40.138661999866997],[-75.872216000204247,40.137776000080351],[-75.87317299973094,40.13718099983187],[-75.873375000295596,40.137107000181174],[-75.877787000355085,40.135477999884813],[-75.878246999764301,40.135260999725077],[-75.878794999935394,40.13493700019081],[-75.880743000222267,40.134052999862028],[-75.88083100008582,40.134012000155138],[-75.890456999920744,40.129531000069917],[-75.912548000180237,40.120632999870999],[-75.912719999709367,40.120568999744435],[-75.917660999673345,40.11872599996579],[-75.917965000345276,40.11861299979536],[-75.92014999956028,40.117803000255876],[-75.921408000284174,40.117337000200713],[-75.92167799972259,40.117235999714545],[-75.921947000234425,40.117134999765398],[-75.922107999892901,40.117073999771016],[-75.922270000274608,40.117013999948448],[-75.925322000401252,40.115872000330761],[-75.92837500035283,40.114731000343419],[-75.928744000423762,40.114593000039484],[-75.929059000068037,40.114474999925903],[-75.930049999929921,40.114105000233273],[-75.931290000212144,40.113641999709628],[-75.931661999757793,40.113502999665769],[-75.931799000025165,40.113453999760523],[-75.932088999555077,40.113348999942822],[-75.932464000372107,40.11321300014729],[-75.932777000366556,40.113087000174907],[-75.93288600014651,40.113046000188064],[-75.936257999940295,40.111787999838278],[-75.937997999814712,40.111138999797284],[-75.941327999775694,40.109896999704148],[-75.942997000403324,40.109266000116058],[-75.942839000219578,40.108441000068147],[-75.942751000356026,40.108018000083042],[-75.942643000401006,40.107493999689439],[-75.942629999982202,40.107428000203292],[-75.942615999738493,40.107363000334452],[-75.942594999822091,40.107262000150783],[-75.942583999951452,40.107208999763102],[-75.942571000430974,40.107147999797341],[-75.942505000308714,40.106833999885069],[-75.942440000011402,40.106515000054493],[-75.94229299969831,40.105782999692899],[-75.942159999628913,40.105158999788443],[-75.942146000283529,40.105091999696263],[-75.942132999864739,40.105025999940928],[-75.942111000123433,40.104921000166904],[-75.942075999963336,40.104733000160124],[-75.942028000282761,40.104521999822467],[-75.941280000095134,40.100918999921873],[-75.940993999864872,40.09966400005171],[-75.940738999596732,40.098557999846214],[-75.940601000402793,40.097959999763781],[-75.940408999883843,40.097124999657375],[-75.940151000140986,40.096006999861508],[-75.939950000299532,40.095131000051879],[-75.939725999993556,40.094167000000262],[-75.939392999907625,40.09269400012996],[-75.93895100004174,40.090802999771554],[-75.938433000007876,40.088527999783331],[-75.938325999877776,40.08805400012448],[-75.937058999831365,40.082595000138681],[-75.936971999792732,40.082218999955167],[-75.936826000202856,40.081584999864006],[-75.936720999722567,40.081126999670381],[-75.936597999698918,40.08059200031213],[-75.936134999916632,40.078585000255913],[-75.936134999916632,40.078534999841395],[-75.936170999901648,40.073199000259237],[-75.936171999726568,40.07301699965938],[-75.936190999993144,40.067257999769296],[-75.936192999642969,40.067163000129646],[-75.936223999605104,40.065358999977434],[-75.936225000328335,40.065284999856679],[-75.936187999620088,40.064942000086546],[-75.936158000381184,40.064660000256765],[-75.936133000266821,40.064421000320891],[-75.936105999604322,40.064169000254218],[-75.936033999634319,40.063492999945531],[-75.935630000301572,40.059718999692578],[-75.935615000232957,40.059583999663964],[-75.935601999814182,40.059458000083559],[-75.935585999920647,40.059310999705616],[-75.935359999964845,40.057295999677144],[-75.935158000298472,40.05530200031567],[-75.935140999681721,40.055151999941337],[-75.935124999788201,40.05498900025583],[-75.935113999917533,40.054899999971923],[-75.935106000419935,40.054811000259392],[-75.935066000236972,40.054435999784545],[-75.935032999726701,40.054124000336259],[-75.934780999831617,40.051766999992218],[-75.934540999632105,40.04952000000565],[-75.934426000004365,40.048443000079388],[-75.93433200029304,40.047565999762888],[-75.934847999778768,40.044268999836937],[-75.935222999697487,40.041725999707637],[-75.935360999789737,40.040818999825788],[-75.935498000057109,40.039921000115108],[-75.935580000072861,40.039352999929967],[-75.935713000142258,40.038493999687056],[-75.935869999602772,40.037465999886109],[-75.936181999772316,40.037067999683487],[-75.936677000239953,40.036392000150755],[-75.937781000079724,40.034887999868289],[-75.939253999990456,40.032916000319076],[-75.940038000163085,40.031776999956278],[-75.9400530002317,40.031755999843497],[-75.940253000248248,40.031463999864975],[-75.943024000167512,40.027764999877043],[-75.944323999825855,40.026029000065492],[-75.945045000249308,40.025066999765556],[-75.945344000000048,40.024664999980537],[-75.945641999925883,40.024270000009864],[-75.945686000306807,40.024210000240878],[-75.945793000436936,40.024064999950852],[-75.945811999805201,40.024044000215348],[-75.945902000216876,40.023946000217855],[-75.947560999900446,40.021676000051642],[-75.948348000446131,40.020592000097189],[-75.949202000040643,40.019414000249832],[-75.951367000062504,40.016463000159234],[-75.951398000024639,40.0164210001303],[-75.952985999563083,40.0142710000245],[-75.95344900024368,40.013636999931002],[-75.954491999984086,40.012210000008608],[-75.955528999876719,40.010767999858267],[-75.955538999922453,40.010754000288607],[-75.95587799985617,40.010304999741614],[-75.956108000009948,40.009998999734449],[-75.956215999964968,40.009855999681257],[-75.959965000225637,40.004724000294061],[-75.965801999616914,39.996736000314229],[-75.96747799991725,39.994438999710695],[-75.96842199992345,39.993114999985139],[-75.968443999664757,39.993083999849873],[-75.968464999581158,39.993054999666192],[-75.968539999924218,39.992950000013508],[-75.968585999954982,39.992885000311489],[-75.968652999902133,39.992791000251827],[-75.969600000281375,39.991463000213223],[-75.969608999603906,39.991451000138682],[-75.969631000243524,39.991419999936397],[-75.971828000052426,39.988337999754279],[-75.97203100044203,39.988050000037717],[-75.972069999901763,39.987994000315105],[-75.972144000419931,39.987889999823444],[-75.972243000154137,39.987748000326043],[-75.972407000185655,39.987509999963542],[-75.974224000052956,39.984979999754927],[-75.974321999962257,39.984842000127415],[-75.975055999906189,39.983805000338513],[-75.975887999759394,39.982628999851713],[-75.976881999994305,39.981246999678106],[-75.977880000427206,39.979833999820691],[-75.978431000073016,39.979054000297793],[-75.978537000378239,39.978904000189544],[-75.978641999960217,39.978754999944137],[-75.979468999790555,39.977583000111451],[-75.979544999958534,39.977475999659887],[-75.979698000119413,39.977262000319286],[-75.979708000165175,39.977248000075306],[-75.979738000302376,39.977206000014505],[-75.979958000410406,39.9768960001769],[-75.981140000067995,39.975237000236348],[-75.982437000251636,39.973420000118274],[-75.982504000198773,39.973326999706089],[-75.983088000354883,39.972483000017945],[-75.983582000099275,39.971767999782863],[-75.985819000091169,39.968540999995334],[-75.985896999908974,39.968427999851052],[-75.986002000389277,39.968275000168319],[-75.986018000282783,39.968253000136279],[-75.986084000405043,39.968156999913646],[-75.986301000140003,39.967845999987709],[-75.986701999998004,39.967240000286921],[-75.986712999868672,39.967211000148374],[-75.986696999975123,39.967171000150749],[-75.986701000173099,39.96708099989845],[-75.98670500037106,39.966991999891924],[-75.986727000112353,39.966893999920899],[-75.986734999609951,39.966865000324056],[-75.986738999807912,39.966838999749157],[-75.986743000005873,39.966814000219777],[-75.986739999632846,39.966773000310845],[-75.986696999975123,39.966722999817677],[-75.986677999708547,39.966700999974663],[-75.986600999715662,39.966601999904967],[-75.986582000347397,39.966575999918525],[-75.986570999578433,39.966543000080378],[-75.986557000233049,39.966517999754252],[-75.986527999920725,39.966445999838015],[-75.986503999631282,39.966388000251953],[-75.986439000232266,39.966347999772772],[-75.986373999934926,39.96630700027282],[-75.986361000414476,39.966268999807554],[-75.986402000422345,39.966158000103157],[-75.986451999752745,39.966078000229253],[-75.986476999867094,39.966029000294689],[-75.98648299971488,39.966000000330915],[-75.986481999889975,39.965981000015603],[-75.986457999600532,39.965943000057585],[-75.986439000232266,39.96586599969752],[-75.986372000285115,39.965592999850124],[-75.986318999683363,39.965398999974383],[-75.986275000200749,39.965251999982286],[-75.986178000116368,39.965099999779859],[-75.986174999743312,39.964954999933077],[-75.986153000002005,39.964868000015159],[-75.986110000344297,39.964754000287471],[-75.986095000275668,39.96472499978281],[-75.986021999582434,39.964686000105708],[-75.986019000107703,39.964664000295691],[-75.985993000168435,39.96463499975291],[-75.985977000274914,39.96457099967482],[-75.985983999947607,39.964543000181202],[-75.986040000024104,39.964502999999553],[-75.986101000123469,39.964495000235821],[-75.986138999758296,39.964457999853288],[-75.986260999957025,39.964409999848179],[-75.986392000376597,39.964407000018873],[-75.986399000049289,39.964380999886174],[-75.986423000338746,39.964366999757658],[-75.986424000163652,39.964346000247986],[-75.986373999934926,39.964179000213022],[-75.986359999691246,39.964157999957123],[-75.986313999660496,39.964133999853509],[-75.986281000048535,39.964130000294432],[-75.986259000307214,39.964138000100867],[-75.986240000040638,39.964162999920283],[-75.986183000139221,39.964186000296884],[-75.986133999735443,39.964148999747131],[-75.986125000412912,39.964106999898988],[-75.986162000222819,39.964096999964077],[-75.986183000139221,39.96406999999494],[-75.986220999774062,39.963993999999033],[-75.986216999576101,39.963949999926584],[-75.986194999834794,39.963915999788561],[-75.986163000047739,39.963887000305533],[-75.986200999682595,39.963861999696626],[-75.986214000101384,39.963835000323215],[-75.986240999865558,39.963779000033206],[-75.986267999629732,39.963659000142563],[-75.986270000177868,39.963649999866881],[-75.986267999629732,39.963599999843744],[-75.986266999804812,39.963581999964113],[-75.986276000025654,39.963564999805747],[-75.986331000277247,39.963513999993729],[-75.986348999820592,39.963501999829937],[-75.986373999934926,39.963493000222108],[-75.986459000323748,39.963529999749873],[-75.986472999669132,39.963569000086402],[-75.986496999958604,39.963577999684226],[-75.986548000012206,39.963559999798854],[-75.986602000438893,39.963521999872249],[-75.986623000355294,39.963488000209956],[-75.986682999731428,39.963440999940126],[-75.986695000325298,39.963422000290677],[-75.986707999845791,39.963382000141657],[-75.986722999914406,39.963331000193136],[-75.986738999807912,39.963277000327693],[-75.986763000097369,39.963250999765265],[-75.986795999709329,39.963247000154531],[-75.986819000173853,39.963252000184305],[-75.986845000113135,39.963245999735406],[-75.986862999656481,39.96323400021312],[-75.986865000204617,39.963206999903122],[-75.986907000037405,39.96317300008419],[-75.98693999964938,39.963145999750111],[-75.986957000266131,39.963132000057243],[-75.987020000015306,39.963093000159922],[-75.987076000091818,39.963065000061079],[-75.987088999612297,39.963059000284311],[-75.987107000053953,39.963037999684346],[-75.987136000366277,39.962989000325031],[-75.987151000434878,39.962974000176914],[-75.987199000115467,39.962943999870802],[-75.987261000039751,39.962886999803708],[-75.987278999583083,39.962828999952407],[-75.987301000222729,39.962807999970344],[-75.987327000161969,39.962791000308052],[-75.987372000367827,39.962747000149882],[-75.987387000436456,39.962732999686779],[-75.98744699981259,39.962665000249025],[-75.987461999881191,39.962647999862639],[-75.987591999577546,39.962546999950447],[-75.987626999737643,39.962525999881819],[-75.987671000118567,39.962483999725158],[-75.987678999616165,39.962456000065387],[-75.987753000134333,39.962387999663669],[-75.987774000050734,39.962375999990783],[-75.987786999571199,39.96235999996459],[-75.987821999731295,39.962332000254094],[-75.987857999716311,39.962301999666238],[-75.987960999648479,39.96221900017462],[-75.988020000098018,39.962171999720994],[-75.988049000410342,39.962148000297304],[-75.988140999573531,39.962075999909985],[-75.988227999612178,39.962004999884165],[-75.988342000313295,39.961913999966256],[-75.988373000275445,39.961891000202414],[-75.98845299974306,39.961853999787706],[-75.988496000299079,39.961822000175864],[-75.98856499989607,39.961675000066776],[-75.988650000284892,39.961613000169542],[-75.988688999744625,39.961552999726862],[-75.988717000232029,39.961449000303674],[-75.988773000308527,39.961359000092571],[-75.988796999699645,39.961281000318714],[-75.988836999882622,39.961245999782157],[-75.988887999936239,39.961196999827173],[-75.988896000332161,39.961138000157923],[-75.988896000332161,39.961074000249084],[-75.988881000263547,39.961060000131958],[-75.988868999669677,39.961046000011976],[-75.988969000127113,39.960818000014761],[-75.989194000257996,39.960601999932237],[-75.989283999771374,39.960384000311031],[-75.989348000243794,39.960336999973151],[-75.989358000289528,39.960330000183781],[-75.989416000015851,39.960285000045118],[-75.989486000336058,39.960239999876876],[-75.989530999643577,39.960171000249936],[-75.989543000237461,39.960126999782837],[-75.989537000389674,39.960092999809412],[-75.989487999985869,39.96006700010183],[-75.989455000373923,39.96004200016187],[-75.989477000115215,39.959999000078405],[-75.98950899990227,39.959986000208005],[-75.989591999742956,39.959980999939397],[-75.989708000093898,39.959943999868251],[-75.989746999553645,39.959942000310413],[-75.98985500040699,39.959937999817569],[-75.989892000216926,39.959853999741853],[-75.989852000033949,39.959786000195123],[-75.989886000369125,39.959698000114315],[-75.989891000392007,39.959650999993485],[-75.989970999859636,39.959574000121208],[-75.990123000195609,39.959475999845431],[-75.990211999884053,39.959426000212687],[-75.990253999716842,39.959392999677647],[-75.990266000310726,39.959377000330569],[-75.990272999983432,39.959352999925805],[-75.990382999588292,39.959298999672939],[-75.990394000357242,39.959294000042611],[-75.990432999817003,39.959262999710127],[-75.990422999771241,39.959229999784988],[-75.990375000090665,39.959211000342485],[-75.990349999976317,39.959209999864321],[-75.99034499995345,39.959190999727738],[-75.990335999732608,39.959149000276774],[-75.990384000311494,39.959048999807962],[-75.990359000197159,39.958995000003547],[-75.990487000243661,39.958778999670898],[-75.990530999726289,39.95873799976345],[-75.990591000000734,39.958723000059848],[-75.990663999795672,39.958676999754807],[-75.990715999674222,39.958596000280131],[-75.990645000427421,39.958539999830649],[-75.990636000206578,39.958491000002219],[-75.990664999620591,39.958418999895514],[-75.990671000366675,39.958275000143267],[-75.990632000008617,39.958127000177555],[-75.990612999742055,39.958064000011248],[-75.990622999787789,39.957974999972429],[-75.990626000160844,39.957956999989172],[-75.990664999620591,39.957917000085928],[-75.990704999803569,39.957870999927295],[-75.990771999750706,39.957772000154549],[-75.990741999613476,39.957644999985838],[-75.990857000139528,39.957515999952506],[-75.990946999652891,39.95745799967677],[-75.990997999706508,39.957393999766509],[-75.991038999714405,39.957235999710122],[-75.991040000437607,39.957077000156445],[-75.991079999722274,39.956996999985712],[-75.991093000141078,39.95697200030051],[-75.991120999730171,39.956830999728858],[-75.991108000209678,39.95657800030861],[-75.991170000133963,39.956542000290533],[-75.991249999601592,39.956548999779116],[-75.991319999921785,39.956523000101257],[-75.991334999990414,39.956463000012363],[-75.991402999762471,39.956352000225571],[-75.991415000356355,39.956332000151775],[-75.991457000189158,39.956304999870753],[-75.991471000432838,39.956283000118439],[-75.991480999580276,39.95626600021108],[-75.991466000409972,39.956246999945073],[-75.991448999793221,39.956225000174115],[-75.991463999861836,39.956217000130415],[-75.99147899993045,39.956209999919302],[-75.991503000219893,39.956198999684474],[-75.991519999938347,39.956185999780224],[-75.99153800037999,39.956172000039487],[-75.991533000357123,39.956085999798653],[-75.991529999984081,39.95604100031008],[-75.991551999725374,39.955989999706304],[-75.991534000182043,39.955920000084809],[-75.991562999596027,39.95587700016376],[-75.991607999801886,39.955852999907826],[-75.991733000373671,39.955868000240891],[-75.991781999879151,39.955865000036823],[-75.991810000366556,39.955864000198304],[-75.991863999894917,39.955812000311809],[-75.99195099993355,39.955688999999218],[-75.992013999682754,39.955549999911561],[-75.99209200039887,39.955483000060653],[-75.992183999562059,39.955440999709566],[-75.992258999905118,39.955440999709566],[-75.992458000096775,39.955353000234695],[-75.992602999861717,39.955258000337992],[-75.992766999893234,39.955146000123605],[-75.992843999886148,39.955065999759817],[-75.99291199965819,39.954972999856238],[-75.992971999932664,39.954944000023318],[-75.993147999659769,39.95488700017345],[-75.993166999926331,39.954858000304064],[-75.993243999919216,39.954769000224509],[-75.993376999988627,39.954623999815915],[-75.993423999844268,39.954564000126766],[-75.993469000050126,39.954505000243444],[-75.993477000446035,39.954370999805747],[-75.993488000316702,39.954296999770087],[-75.993498000362436,39.954229000206503],[-75.993517999555607,39.954173000312608],[-75.993542999669955,39.954103000208541],[-75.993626000408966,39.954006000221462],[-75.993684000135261,39.95396400034052],[-75.993771000173922,39.953939000235167],[-75.993863000235422,39.953940999968523],[-75.993951999923866,39.953890999731925],[-75.993961999969628,39.953882000236334],[-75.993977000038242,39.953868999891661],[-75.994043999985394,39.953810000097363],[-75.99407900014549,39.953748999824725],[-75.994142999719571,39.953703000305609],[-75.994170000382084,39.953643999679485],[-75.994208000016911,39.953540999806712],[-75.994309000299253,39.953289999674411],[-75.994402000185673,39.953084999963878],[-75.994433000147808,39.953004000063451],[-75.994484000201439,39.952849999724627],[-75.994515000163574,39.95275599967826],[-75.994571000240072,39.95261900028779],[-75.994628999966395,39.95242900034215],[-75.994644000035024,39.952250000051883],[-75.99455000032367,39.952160000129005],[-75.994546999950629,39.952135000052898],[-75.994542999752667,39.952102000131291],[-75.994495999896998,39.952049000244713],[-75.994221000435701,39.951805000120245],[-75.994093000389185,39.951708000317218],[-75.994065999726686,39.95168499987517],[-75.994048000183341,39.951670000001897],[-75.993950000274054,39.951539999814671],[-75.993906999718035,39.951382000006653],[-75.993884999976714,39.951315000204524],[-75.993766999975961,39.951118000036089],[-75.993695000005928,39.951036999872144],[-75.993532999624222,39.950921999899762],[-75.993506999684968,39.95088599965905],[-75.993467000400301,39.950829999782613],[-75.993437000263071,39.950775999686158],[-75.993399999554839,39.95069499980584],[-75.993331999782768,39.950609000253095],[-75.99326099963767,39.950562999999462],[-75.993147999659769,39.950521999986904],[-75.993027000184242,39.950472999922823],[-75.993008999742585,39.950458999701318],[-75.992899999962646,39.950373999770598],[-75.992780000312038,39.950273000323257],[-75.992740000129061,39.950237999661809],[-75.992678000204805,39.950164999896948],[-75.992617999930317,39.950080000289553],[-75.992525999868832,39.949927000179116],[-75.992323000377553,39.949575000079662],[-75.992305999760802,39.949554000159274],[-75.992288000217457,39.949530999681585],[-75.99210900011731,39.949226999977135],[-75.992021000253757,39.949059000267596],[-75.991945000085778,39.948954999748793],[-75.991779000404421,39.948789999885797],[-75.991596999931232,39.948546999788682],[-75.991585000235659,39.948512000310068],[-75.991580000212792,39.948503000106733],[-75.991510999717505,39.948384000214759],[-75.991375000173392,39.948190999672008],[-75.991360999929682,39.948170000015431],[-75.991330999792453,39.948075999735529],[-75.991312000424202,39.948027999938446],[-75.991268999868169,39.947963000202549],[-75.99119400042342,39.947854000305512],[-75.991169000309057,39.947826000164952],[-75.991093000141078,39.947697000205459],[-75.991040000437607,39.947575999680694],[-75.99103700006458,39.947533999983513],[-75.991043999737258,39.947497000064921],[-75.991078000072463,39.94748000003981],[-75.991108000209678,39.947465999894433],[-75.991145000019614,39.947459000164983],[-75.991215000339807,39.947443000092022],[-75.991278000088997,39.947426000053504],[-75.991407999785338,39.947391000001346],[-75.99149200034924,39.947366000248245],[-75.991592999733271,39.947330000202129],[-75.991622000045595,39.947319999879859],[-75.9916999998634,39.947286999701326],[-75.991812999841301,39.947225999809362],[-75.991897000405203,39.947152000307746],[-75.991977999697738,39.947016999959075],[-75.992027999926464,39.946926000068601],[-75.992144000277406,39.946727999684285],[-75.992246000384668,39.946551000264307],[-75.992320000004497,39.946429999778601],[-75.99232599985227,39.946408000293403],[-75.992350999966646,39.946311999702132],[-75.992371999883034,39.946227000127962],[-75.992367999685072,39.946092000020037],[-75.992346999768671,39.945989999777055],[-75.992333000423287,39.945942999877303],[-75.992299999913016,39.945821999693642],[-75.99226899995088,39.945743000118448],[-75.992241000361773,39.945671999664015],[-75.992220000445386,39.945639000067935],[-75.992191999957967,39.945595999881654],[-75.992169000391755,39.945561000270622],[-75.992135999881484,39.945518000035321],[-75.99210699956916,39.945483999685941],[-75.992027000101544,39.945388999855865],[-75.991966999827085,39.945314999744625],[-75.991916999598359,39.945259000128381],[-75.991868999917799,39.945205999760688],[-75.991820000412318,39.945161000000986],[-75.991734000198591,39.945098000287679],[-75.991566999793989,39.945033999830855],[-75.991427999876819,39.94498999995551],[-75.991391999891817,39.9449799999799],[-75.991165000111096,39.944919000097045],[-75.991068999851635,39.944916000101365],[-75.991025000369021,39.944907000113638],[-75.990997999706508,39.944911000108355],[-75.990939999980199,39.944918000098461],[-75.990867000185276,39.944945000053735],[-75.990837999872952,39.944966000011568],[-75.990780999971548,39.945012999893848],[-75.990684999712073,39.945026999852566],[-75.990671000366675,39.945030999840228],[-75.990606000069349,39.945048999781854],[-75.990591999825654,39.945052999768272],[-75.990570000084347,39.945058999747381],[-75.990555999840637,39.94506299973321],[-75.990522000403757,39.94508099966643],[-75.990457999931365,39.945107000250268],[-75.990421999946349,39.945113000224694],[-75.990354999999198,39.945130000149327],[-75.990329999884835,39.945141000098289],[-75.990206000036281,39.945158000015972],[-75.990063999746056,39.945155000030773],[-75.989987999578076,39.945133000135577],[-75.989971999684542,39.94512800015837],[-75.989953000316291,39.945123000180864],[-75.989899999714524,39.94508800032785],[-75.989840000338361,39.94504599979193],[-75.989688999827322,39.944850000163925],[-75.989600000138878,39.944706000079435],[-75.989564999978754,39.944569999721359],[-75.989569000176729,39.944545000314811],[-75.989602999613595,39.944512000175081],[-75.989624000428307,39.944492000082676],[-75.989647999819439,39.944468999969182],[-75.98968200015463,39.944426999741921],[-75.989704999720857,39.944338999870958],[-75.98971200029186,39.944312999683916],[-75.989703999895937,39.944238999786243],[-75.989687000177497,39.944216000276377],[-75.989534000016619,39.944127000123935],[-75.98927500044887,39.943915999733171],[-75.989212999626261,39.943829999922535],[-75.989159999922805,39.943708000117894],[-75.989118999914936,39.943560000311187],[-75.989108999869202,39.943533999828112],[-75.989103999846307,39.943522000290564],[-75.989060000363693,39.943411000163842],[-75.989039000447292,39.943217000031083],[-75.989046999944904,39.943171000316504],[-75.989067999861305,39.943052000103009],[-75.989078999731959,39.942986999771662],[-75.989087000127881,39.942942999957289],[-75.989114999716975,39.942785000265573],[-75.989108000044268,39.942635999807905],[-75.989089999602612,39.942460000166648],[-75.989118999914936,39.942294999790519],[-75.989137000356592,39.94226500005508],[-75.989165999770606,39.942231000155324],[-75.989180000014301,39.942216000275195],[-75.989217999649142,39.942198000276974],[-75.989247999786357,39.942168999848924],[-75.989332000350274,39.942088000108363],[-75.989354000091566,39.941985000053101],[-75.989281000296643,39.941884999971499],[-75.98927500044887,39.941876000273815],[-75.989181999664126,39.941724999812457],[-75.989027999678328,39.941599000198721],[-75.988933000142097,39.941552000037383],[-75.988880000438641,39.941547999846335],[-75.988851000126331,39.941553000085101],[-75.988689999569516,39.941527000216851],[-75.988666000178398,39.941518999831558],[-75.988544999804589,39.941476999859638],[-75.988523999888187,39.941462999863305],[-75.988504999621611,39.941449999913296],[-75.988467999811675,39.941416000297302],[-75.988456000116116,39.941403999699517],[-75.988447999720194,39.941397000038585],[-75.988430000176848,39.941344000122875],[-75.988451000093235,39.9412729999245],[-75.988502999971786,39.941180999916831],[-75.988518999865306,39.941165999806522],[-75.988533000109015,39.941150000328072],[-75.988593000383474,39.941097000221035],[-75.988637999690994,39.941074999709691],[-75.988718000056934,39.941010000255183],[-75.988781999631044,39.940913999665739],[-75.9888000000727,39.940841000282475],[-75.988753000217031,39.940752999931732],[-75.988709999661026,39.940586000136761],[-75.98864000023913,39.940485000013474],[-75.988557000398458,39.940413000236923],[-75.988476000207612,39.940406999850325],[-75.988445000245463,39.940419999998504],[-75.988350999635813,39.940443000095634],[-75.988280000389011,39.940437999775696],[-75.988112999984438,39.940310999792409],[-75.988088999695009,39.940268999767774],[-75.988083999672128,39.940239999899681],[-75.988087999870089,39.940155999737428],[-75.988098999740743,39.940078999957301],[-75.988134999725759,39.939998999879293],[-75.988184999954456,39.939937000305513],[-75.988210000068818,39.939905000081374],[-75.988217999566416,39.939897000195188],[-75.988229000335394,39.939885000019757],[-75.988246999878754,39.939815999831261],[-75.988210000068818,39.939683000309778],[-75.988137000273895,39.939603999845012],[-75.988005000029403,39.939562000075149],[-75.987882000005769,39.939564000228749],[-75.987782000446643,39.93959399977097],[-75.987707999928503,39.939647999740238],[-75.987625000087817,39.93973500006026],[-75.987610000019188,39.939819000050555],[-75.987582000430109,39.939858000133988],[-75.987550999569649,39.939879999659091],[-75.987519999607514,39.939896000123262],[-75.987454000383607,39.939938999759384],[-75.987369999819691,39.939929999805749],[-75.987326000337077,39.939893999979311],[-75.987327999986888,39.939816999904409],[-75.987368999994786,39.939729000302982],[-75.987396999583879,39.939708000115253],[-75.987403000329962,39.939656999730971],[-75.987379999865439,39.939607000073551],[-75.987199999940387,39.939462999974502],[-75.987152000259798,39.939330999847122],[-75.987148999886756,39.939312999778736],[-75.987139999665914,39.939287999828892],[-75.987108999703779,39.939250000190754],[-75.986999000098905,39.939160999777492],[-75.986921000281129,39.93908899998538],[-75.986801999557102,39.939035999659495],[-75.986748000028754,39.939029999840933],[-75.986687999754309,39.939024000021838],[-75.986606999563435,39.938996999796352],[-75.986599000065837,39.938986000237101],[-75.98653100029378,39.938893999909595],[-75.986454000300881,39.938788000292213],[-75.986425999813491,39.938716000107647],[-75.986375999584766,39.938682999911585],[-75.986287999721213,39.938655000150213],[-75.986131000260684,39.938635999813656],[-75.986043000397146,39.938649000298298],[-75.985995999643151,39.938644999937488],[-75.985949999612416,39.938632000140863],[-75.985910000327763,39.938567999834646],[-75.985885000213401,39.938527000209653],[-75.985870000144786,39.938503000065012],[-75.985763000014671,39.938330999815165],[-75.985773999885311,39.938314999673786],[-75.985777000258381,39.938295999931611],[-75.985772000235485,39.938255000143656],[-75.985744999573001,39.938237999888408],[-75.985690000219719,39.938215999835407],[-75.985578999891644,39.938219000124803],[-75.985506000096706,39.938225000014469],[-75.985398000141686,39.938243999776404],[-75.985310000278147,39.938234000192359],[-75.985263000422464,39.938233000096126],[-75.985234000110168,39.938231999999878],[-75.985177000208751,39.938214999738911],[-75.98515899976708,39.938199000259203],[-75.985140000398829,39.938181999990043],[-75.985126999980039,39.938144999835266],[-75.985136000200853,39.938110999954624],[-75.985164999614867,39.938039999845543],[-75.985163999789947,39.937984999885067],[-75.985173999835681,39.937934999694761],[-75.985130000353081,39.937899000196353],[-75.985055999834927,39.937871000114185],[-75.984991000435912,39.937866000295095],[-75.984937999834145,39.937850000045053],[-75.984899000374384,39.93784400012251],[-75.984839999924844,39.937825999662977],[-75.984803999939842,39.937824000147309],[-75.984731000144905,39.937810000092313],[-75.984670999870445,39.937787999901715],[-75.984617000342098,39.93778400017942],[-75.984551000219852,39.937756000050207],[-75.984517999709567,39.937724000183671],[-75.984506000014022,39.937710000108225],[-75.984453000310566,39.937646999733303],[-75.984448000287685,39.937581999777649],[-75.984448000287685,39.937513000022072],[-75.984365000447028,39.937465999809305],[-75.984328999563687,39.937452999788718],[-75.984300000149688,39.93742699974019],[-75.984265999814497,39.937412000184544],[-75.984251999570802,39.937392000083086],[-75.984177000126053,39.93736600001133],[-75.983968999713582,39.937242000169086],[-75.983710000145805,39.93697699993087],[-75.983505999931296,39.936851999956147],[-75.983419999717569,39.936778000254755],[-75.983399999626101,39.936760000203563],[-75.983307999564587,39.936678000140233],[-75.983213999853248,39.936557000102432],[-75.983111999746015,39.936426000002498],[-75.983017000209756,39.936317000322376],[-75.983002000141155,39.936302999959089],[-75.982956999935311,39.936261000229642],[-75.982867000421933,39.936185999763048],[-75.982783999682937,39.936112000030299],[-75.982724000306803,39.936066999799969],[-75.982628000047342,39.936017999714537],[-75.982565000298152,39.935953000278012],[-75.982530000138055,39.935917999867065],[-75.982380000350219,39.935833999909846],[-75.982330000121507,39.935793000024489],[-75.98227300022009,39.935747000140644],[-75.98215199984628,39.935619000271188],[-75.981826000331353,39.935091999713038],[-75.981725000048996,39.934869000024683],[-75.981591999979628,39.934618999723263],[-75.98150099974302,39.934512000221659],[-75.981418999727254,39.934440999822783],[-75.981263999916564,39.934314999884243],[-75.981212999862933,39.934237999731089],[-75.981160000159477,39.934122000294003],[-75.981119000151594,39.934029000157913],[-75.981066000448152,39.933826999693679],[-75.981059999702055,39.933813999670669],[-75.981036000310937,39.933765000038591],[-75.981006999998598,39.933648000325384],[-75.98096599999073,39.933479000080467],[-75.980962999617674,39.933376000154453],[-75.980991999929998,39.933216000075674],[-75.981036000310937,39.933143000057548],[-75.98107399994575,39.933085999951537],[-75.981131999672087,39.933039000142642],[-75.981229999581373,39.932944000254409],[-75.981284999832951,39.932846999884447],[-75.981261000441819,39.932787999869177],[-75.981263000091644,39.932732000332948],[-75.981257000243858,39.932643999886785],[-75.981278000160259,39.932569000278278],[-75.981229999581373,39.932420999799355],[-75.981222999908667,39.932341999906093],[-75.981247000198124,39.932288999865598],[-75.981369000396853,39.932122000080319],[-75.981422000100324,39.932049000273032],[-75.981439999643655,39.932015000119229],[-75.981458000085311,39.931980999948486],[-75.981533000428399,39.931855999803702],[-75.981552999621556,39.931822000242825],[-75.981582999758785,39.931771000181044],[-75.981597000002495,39.93162599993277],[-75.981607000048228,39.931524999673364],[-75.981610000421284,39.931456000010691],[-75.981648000056111,39.931404999676154],[-75.981639999660203,39.931303000270802],[-75.981603999675187,39.931161999829563],[-75.981520999834501,39.931037000255671],[-75.981477000351887,39.930942000344139],[-75.981473000153926,39.93093299989615],[-75.981429999597907,39.930836000120493],[-75.9814079998566,39.930796999717487],[-75.981401000183908,39.930783999807787],[-75.981346999757235,39.930646999814797],[-75.981315999795086,39.930497000272318],[-75.981288000205993,39.930402999822057],[-75.981284999832951,39.93023300030675],[-75.981335999886596,39.929888999825799],[-75.981360000176025,39.929755000079723],[-75.981458000085311,39.929643000131847],[-75.981587999781652,39.929538000186533],[-75.981700999759582,39.929464000154503],[-75.981858999943313,39.929446999782108],[-75.9819719999212,39.929445000021687],[-75.982069999830514,39.929465999914413],[-75.982228000014246,39.929495000214899],[-75.982310999854931,39.929516000092285],[-75.982450999597006,39.929599000003819],[-75.982576999993711,39.929675000332487],[-75.982703000390401,39.929799000107529],[-75.982911999729453,39.93004000022777],[-75.982983999699485,39.930120000237302],[-75.983032000278371,39.930242999682115],[-75.983042000324104,39.930368000017147],[-75.98323499976965,39.9307239998748],[-75.983296999693934,39.930814999959246],[-75.983606000388747,39.931223999776023],[-75.984083000414699,39.931764999725551],[-75.984160000407613,39.931834999955392],[-75.984179999600769,39.931848999854978],[-75.984213000111055,39.931870999888254],[-75.984301999799513,39.931932999881312],[-75.984319000416264,39.931945000073476],[-75.984373999769531,39.931982000136088],[-75.984481999724565,39.932037000099101],[-75.98449599996826,39.932042999841961],[-75.984548999671716,39.93206499981283],[-75.984681999741113,39.932119000212424],[-75.984766000305015,39.932134000239351],[-75.984972999994241,39.932113999973105],[-75.985136000200853,39.932081000037734],[-75.985268000445345,39.932030000168893],[-75.985277999592768,39.932023999736103],[-75.985403000164553,39.93195200001238],[-75.985415999685031,39.931945000073476],[-75.985505000271814,39.931895000292222],[-75.985660000082504,39.93180800033771],[-75.985831999611648,39.931663000167866],[-75.985942999939724,39.931517000185266],[-75.985956000358513,39.931472999884072],[-75.98597899992474,39.931390000178325],[-75.986039000199185,39.931215000053918],[-75.986092999727546,39.930914999685413],[-75.986108999621081,39.930860999713666],[-75.986137999933391,39.930794999996451],[-75.986143999781177,39.930783999807787],[-75.986183000139221,39.930712000157428],[-75.986271999827693,39.930586000242613],[-75.986279000398696,39.93057699974775],[-75.986370999561885,39.930438999819202],[-75.986435000034305,39.930366000283584],[-75.986459000323748,39.930339000086512],[-75.986563000080821,39.930224999978797],[-75.9866390002488,39.930152999740415],[-75.986650000119468,39.930145000091926],[-75.98674999967858,39.93006900028508],[-75.986957000266131,39.929942999875536],[-75.987196999567317,39.929865000096207],[-75.987363000146985,39.929800000327006],[-75.987973000242349,39.92970999980286],[-75.988301000305427,39.929624000048719],[-75.988549000002536,39.92956900021337],[-75.988939999814775,39.929533999982034],[-75.989190000060049,39.929477999850207],[-75.989548000260328,39.929401999991633],[-75.99007299996687,39.929279999951611],[-75.990303000120647,39.929229000062421],[-75.990430000342258,39.929215999854989],[-75.990579000305175,39.929185999896696],[-75.990887000276743,39.929119999942209],[-75.991467000234891,39.929002999866555],[-75.991574000365006,39.92895400023469],[-75.991755999939883,39.928841999665131],[-75.991858999872051,39.928745999916742],[-75.991904999902815,39.928659000093084],[-75.991924000169377,39.928575999730683],[-75.991844999628356,39.928362999817502],[-75.991673999924117,39.92817499981566],[-75.991608999626791,39.928058999747485],[-75.991546999702521,39.927954000128018],[-75.99147999975537,39.927776000116424],[-75.991422000029033,39.927682000062923],[-75.99135400025699,39.927556000081836],[-75.991325999769586,39.927486999862708],[-75.991203999570843,39.927315999738724],[-75.991170999958882,39.927280000165794],[-75.991166999760921,39.927258000034762],[-75.991175999981749,39.927154999702992],[-75.991164000286176,39.927115999958247],[-75.991170999958882,39.926982999866873],[-75.991202999745937,39.926905999732121],[-75.991320999746705,39.926810000024382],[-75.991444999595259,39.926777000287458],[-75.991516999565292,39.926725999911319],[-75.991673000099212,39.926735999798922],[-75.99174599989415,39.926732000119642],[-75.991760999962764,39.92672900001552],[-75.991842000153611,39.926714999757628],[-75.992135000056592,39.926655999967984],[-75.992156999797885,39.926652000283966],[-75.992263000103094,39.926633000059574],[-75.99234400029394,39.926616999938965],[-75.992417000088878,39.926602999658215],[-75.99259700001393,39.926569999821517],[-75.992786999984745,39.926574000199217],[-75.992945000168476,39.926590999907297],[-75.993213999782,39.926675000186044],[-75.993426000392418,39.926740000166923],[-75.993670999716471,39.926850999779703],[-75.993792000090309,39.926910000090182],[-75.993818999854483,39.926923000046649],[-75.993961999969628,39.927008000178311],[-75.994038000137607,39.927063000004601],[-75.9941579997882,39.927200000281665],[-75.994340000261403,39.927342000183948],[-75.994732999723468,39.927616000036117],[-75.994818999937195,39.927686999937109],[-75.994901999777881,39.927815000174064],[-75.994992000189555,39.927907000239578],[-75.995249000107506,39.928129000322862],[-75.995394999697382,39.928207000013671],[-75.995525000292034,39.928270999675917],[-75.995629999874012,39.928316000209868],[-75.995674000254951,39.928338000000906],[-75.995692999623216,39.928344000067931],[-75.995752999897661,39.928362000265857],[-75.995803999951292,39.928382999801933],[-75.996027000432377,39.928465999709516],[-75.996312999764314,39.928579999991172],[-75.996392000305349,39.928604000171276],[-75.996445000008791,39.928619000279596],[-75.996541000268266,39.92861800004286],[-75.996604000017442,39.928610000214988],[-75.996706999949609,39.928622000300834],[-75.996763000026107,39.928628000342968],[-75.996896999920409,39.928654999837214],[-75.99694999962388,39.928674000189353],[-75.997010999723216,39.928689999829153],[-75.997110000355747,39.928689999829153],[-75.997164999709014,39.92867100017034],[-75.997233000379396,39.928598999675188],[-75.997284000432998,39.928488000141215],[-75.997310000372281,39.928377999978586],[-75.997359999702681,39.928250999658715],[-75.997399000060753,39.928126999835051],[-75.997413000304448,39.928064999838966],[-75.997418000327329,39.927990000035344],[-75.997413000304448,39.927888999921969],[-75.997390999664816,39.927730999916378],[-75.997389999839925,39.927719999924207],[-75.997382000342313,39.927644000180493],[-75.997373999946376,39.927428000049503],[-75.99735800005287,39.927339000106606],[-75.997326000265815,39.927120999873765],[-75.997302999801263,39.927008999749674],[-75.997296000128586,39.926992000145397],[-75.997264000341531,39.926908999828477],[-75.997209000089939,39.926777999862246],[-75.99718399997559,39.926719999702435],[-75.997033000362848,39.926420000300837],[-75.996961000392815,39.926259999806895],[-75.996915000362065,39.926148000340874],[-75.996898999570234,39.926100999901443],[-75.996876999828928,39.92604700026547],[-75.996846999691712,39.925992000311851],[-75.996823000300566,39.925927999896778],[-75.996802000384164,39.925867000252815],[-75.996778999919641,39.925803999998813],[-75.996769999698799,39.925782000082307],[-75.99675899982816,39.925750000128573],[-75.996723999668035,39.925649999746128],[-75.996654000246167,39.925514000093855],[-75.996645000025339,39.925502000152115],[-75.996598999994589,39.925444999883346],[-75.996511999955928,39.925349999789177],[-75.996502999735114,39.925342000268323],[-75.996446999658616,39.925293000082718],[-75.996343999726449,39.925192999721666],[-75.996330000381064,39.925176999953472],[-75.996300000243821,39.92514400011833],[-75.996240999794281,39.925092999903462],[-75.996179999694931,39.925008999750396],[-75.996071999739883,39.924909999954366],[-75.996045999800614,39.924885000254626],[-75.995942999868475,39.924797000054028],[-75.995894000362966,39.924746999873989],[-75.995849000157122,39.924683999967129],[-75.995834000088507,39.924638000195337],[-75.995827000415815,39.924594999901537],[-75.995858000377964,39.924434999964802],[-75.99589199981483,39.924351999992425],[-75.995928999624752,39.92427700025457],[-75.995942999868475,39.924254999847378],[-75.995971000355865,39.924210999700783],[-75.996012000363748,39.924094999805064],[-75.996080000135805,39.923999999904382],[-75.996137999862128,39.923938000304219],[-75.996156000303785,39.923920000320884],[-75.996189999740679,39.923886000262918],[-75.996325000358183,39.923715999719853],[-75.996359999619983,39.923588999707377],[-75.996368999840811,39.923571000321211],[-75.996397000328216,39.923513999822596],[-75.996445000008791,39.923394000249459],[-75.996516000153889,39.923280999913771],[-75.996564999659384,39.923253000051716],[-75.996582000276149,39.923243999970595],[-75.996626999583668,39.923197999920248],[-75.996636999629416,39.923190999775109],[-75.996718999645182,39.923131999704246],[-75.996819999927524,39.923064999795585],[-75.997025999791845,39.922982999859357],[-75.997106999982705,39.922881999937346],[-75.997153999838346,39.922711000023028],[-75.997153000013455,39.922590999731426],[-75.997147999990574,39.922362999700347],[-75.997133999746879,39.922289999819988],[-75.997136000295015,39.922141999852037],[-75.997132000097054,39.922062000164445],[-75.997100000309999,39.921907999762055],[-75.997035000012673,39.921768000285631],[-75.996938999753212,39.92151100004417],[-75.996891000072637,39.921376999744709],[-75.996875000179088,39.921334000158623],[-75.996785999592333,39.921017999840423],[-75.996742999934625,39.920894999666686],[-75.99672500039128,39.920849999766439],[-75.996721000193318,39.920839000046556],[-75.9966490002233,39.920612999711622],[-75.996541000268266,39.920347000184776],[-75.996423000267498,39.920027999736583],[-75.996417000419697,39.920018000247111],[-75.996181000418147,39.919607000261117],[-75.99617499967205,39.919597000021199],[-75.99611100009794,39.919484999989947],[-75.995947999891328,39.919204999799412],[-75.995720000285701,39.91879000030228],[-75.995572999972595,39.918555999780779],[-75.995458000344883,39.918357000289198],[-75.995245999734465,39.91793699988996],[-75.995137999779431,39.917721999845256],[-75.995105999992376,39.917669999906146],[-75.994950000356766,39.917047000029513],[-75.994905000150922,39.916777000169496],[-75.994902999602772,39.916728000055237],[-75.994901999777881,39.916715000229978],[-75.994895999930094,39.916584999774528],[-75.994957999854378,39.916366000023309],[-75.994965000425381,39.916341999687084],[-75.995008999907995,39.916257000093736],[-75.995300000161137,39.915937999884633],[-75.995332999773083,39.915901999841211],[-75.995440999728132,39.915753000110769],[-75.995521999918978,39.915633000027441],[-75.995526999941859,39.915624000322794],[-75.995594999713902,39.915507999659717],[-75.995605999584569,39.915490000216316],[-75.995649999965508,39.915419000069086],[-75.995695000171352,39.915352999934086],[-75.995782000209971,39.91523700018999],[-75.995855999829814,39.915145000324564],[-75.995911000081421,39.915073000074031],[-75.996008000165787,39.914844000065884],[-75.996097999679165,39.914565999697949],[-75.996102999702018,39.91455199970909],[-75.99606500006719,39.914432000277486],[-75.996034000105055,39.914346999691659],[-75.996022000409496,39.91431299970337],[-75.996000999594784,39.914255000008708],[-75.995972000180771,39.914126000155235],[-75.995983000051424,39.9139349996696],[-75.995973999830611,39.913687000307775],[-75.995952000089289,39.913622000337597],[-75.995952999914209,39.913585999765765],[-75.995946000241517,39.913498000202281],[-75.995948999716248,39.913477000234892],[-75.995959999586887,39.913400000069856],[-75.995958999761982,39.91330100002569],[-75.995967000157904,39.913146999902253],[-75.995963999784848,39.913051999971145],[-75.99595499956402,39.912994999673572],[-75.995932999822713,39.912944000056179],[-75.995890000165019,39.91284400026381],[-75.995803000126372,39.912701999921921],[-75.995710000239967,39.912514000326524],[-75.99561099960745,39.912327000000829],[-75.995604999759664,39.912314000029241],[-75.995574999622434,39.912250999707801],[-75.995525000292034,39.912139000065203],[-75.995509000398485,39.912115000314792],[-75.995458000344883,39.912040000265534],[-75.995345000366981,39.911826999898175],[-75.995316000054643,39.911770999753145],[-75.995299000336232,39.911668000240347],[-75.99530600000891,39.911622999789138],[-75.995297999612987,39.911581000076332],[-75.995317999704483,39.911526000216568],[-75.995389999674501,39.911427000219973],[-75.99543300023052,39.911397999845889],[-75.995520000269153,39.911355999995067],[-75.995746000224955,39.911261000336047],[-75.996362999993011,39.911014999859539],[-75.99664599985023,39.910912999705388],[-75.99682199957735,39.910840999829333],[-75.996834000171219,39.910836000103124],[-75.996927000057653,39.910797999829036],[-75.997091000089156,39.910733999682371],[-75.997236999679032,39.91065399975956],[-75.997341000334416,39.91056699968572],[-75.997430000022888,39.910411999803124],[-75.997441999718447,39.910303000044649],[-75.997481999901424,39.91017100018707],[-75.997516000236615,39.909996000260406],[-75.997516000236615,39.909890999814166],[-75.997480000251599,39.909823000220292],[-75.997430000022888,39.909726999989573],[-75.997327000090735,39.909494000025788],[-75.997322000067854,39.909482999860039],[-75.997291000105719,39.909413000204673],[-75.997210999739764,39.909253999766825],[-75.997178000127818,39.909117999935873],[-75.997163000059189,39.909030999978441],[-75.997153000013455,39.908935999851188],[-75.997143999792613,39.908825999974425],[-75.997146000340763,39.908799000240762],[-75.997143999792613,39.908787000126047],[-75.997133999746879,39.908741000011325],[-75.997128999723998,39.908556000091849],[-75.997117000028439,39.908440999703885],[-75.997111000180666,39.908427999683859],[-75.997035999837593,39.908255999663332],[-75.997023000317114,39.90819299974406],[-75.997002000400713,39.908119000071153],[-75.996988000156989,39.907936000238848],[-75.996983000134136,39.907913000244143],[-75.996961000392815,39.907811000294508],[-75.996923999684597,39.90768500026865],[-75.996921000209852,39.907674999666057],[-75.996862999585218,39.907371000081817],[-75.996799999836028,39.90711000011278],[-75.996686999858127,39.906628000228061],[-75.996490000214635,39.906067999694557],[-75.996382000259601,39.905795000324453],[-75.996337000053757,39.905709000163796],[-75.996312999764314,39.905639000097523],[-75.996279000327434,39.905568999959783],[-75.996264000258833,39.905545999859505],[-75.996244999992257,39.905518000326232],[-75.996203999984374,39.905358999806445],[-75.996198000136587,39.905340999763311],[-75.996130000364516,39.905151000168544],[-75.996179999694931,39.904862000209853],[-75.996181000418147,39.904804000092746],[-75.996209000007241,39.904552999673314],[-75.996184999717798,39.90436000025467],[-75.996182000243067,39.904350999757902],[-75.99611199992286,39.904119000020906],[-75.996066999717002,39.903985000147607],[-75.996019000036441,39.903874999901454],[-75.995988999899225,39.903785999667001],[-75.995921000127154,39.903698999829352],[-75.995868000423698,39.903612999794156],[-75.995845999784081,39.903577000164056],[-75.99571500026282,39.903409999948032],[-75.995646999592466,39.903328999824616],[-75.995490999956843,39.90317400010413],[-75.995136000129591,39.902860999839753],[-75.995024999801515,39.902767999965612],[-75.994910000173789,39.902711000069324],[-75.994766000233753,39.902657999832989],[-75.994694000263721,39.902627000026875],[-75.994664999951411,39.902609999882699],[-75.99455000032367,39.902540000095854],[-75.994500999919879,39.902421000225175],[-75.994485000026344,39.902367999764564],[-75.994568999691936,39.902212000004198],[-75.994623999943514,39.902075000041044],[-75.99467699964697,39.901922000115519],[-75.994680999844931,39.90162300021175],[-75.994720000202989,39.901446999868121],[-75.994731000073642,39.901428000230794],[-75.994766000233753,39.901368000071976],[-75.994830999632754,39.901245999701935],[-75.994901999777881,39.901089000193977],[-75.994904000326017,39.90106400006794],[-75.994907999625653,39.900990000275449],[-75.994920000219523,39.900636000106559],[-75.994895000105174,39.900438000195763],[-75.994839999853582,39.900196999950026],[-75.994834999830729,39.900183999743966],[-75.994815999564153,39.900131000309663],[-75.994794999647752,39.899991999700134],[-75.994803000043675,39.89994499991608],[-75.994808000066541,39.899916000194587],[-75.99485200044748,39.899657999993039],[-75.994873000363881,39.899590999861921],[-75.994894000280269,39.899502000265365],[-75.994902999602772,39.899463999906835],[-75.994981000318901,39.899376000120043],[-75.994989999641433,39.899360999808401],[-75.99502300015169,39.899305999786094],[-75.995060999786531,39.899242999906761],[-75.995101999794414,39.899174000103791],[-75.995111000015243,39.899069000300244],[-75.995126999908763,39.898994999731634],[-75.995128999558588,39.898965000316522],[-75.995131000106738,39.898945000009967],[-75.995132999756549,39.898915999865274],[-75.99501099955782,39.89850200009711],[-75.994931999915096,39.898417999719058],[-75.994847000424599,39.898340999856408],[-75.994813000089408,39.898317000096334],[-75.994654999905649,39.898205999718336],[-75.99461300007286,39.898189999847659],[-75.994562000019258,39.898199999767286],[-75.994469999957744,39.898232000189296],[-75.994416000429368,39.898253000005873],[-75.994387999941978,39.898256999970187],[-75.994254000047675,39.89836100033925],[-75.993827000250405,39.898741000133569],[-75.993696999655754,39.898849999680259],[-75.993582000028042,39.898957999761905],[-75.993529000324571,39.8989959997119],[-75.99346200037742,39.899008000163256],[-75.9934039997528,39.899009000143337],[-75.993329000308037,39.8989959997119],[-75.993192000040693,39.898868000050285],[-75.993178999621904,39.898858000228195],[-75.993108000375102,39.898803999785237],[-75.992802999878251,39.898526999779506],[-75.992554000356236,39.898296000299368],[-75.992537999564377,39.898281999742004],[-75.992489000058896,39.898239000128861],[-75.992417999913798,39.898173999973316],[-75.992403999670074,39.898161000072655],[-75.992135000056592,39.897921000084921],[-75.991911999575507,39.897762999852461],[-75.991748000442286,39.897645999955898],[-75.991494999823985,39.897468999732716],[-75.991405000310607,39.897412000252729],[-75.991314000074013,39.897356000040318],[-75.991300999655223,39.897349000010571],[-75.991186999852403,39.897286999715696],[-75.991052000133195,39.89721299997953],[-75.990849999568525,39.897047000113112],[-75.990797999689974,39.897000999696978],[-75.990790000192391,39.89699400032017],[-75.990728000268092,39.896937999766195],[-75.990688999910034,39.896876999799929],[-75.990633999658456,39.896816999791369],[-75.990543000320159,39.896705999740533],[-75.990468999802019,39.89665699974163],[-75.99040799970264,39.896617999858044],[-75.99032700041009,39.896573999874427],[-75.990304999770487,39.896560000343669],[-75.989996999798905,39.896370999850539],[-75.989740999705873,39.896200999928055],[-75.989719999789472,39.896190999716794],[-75.989569000176729,39.896114000108646],[-75.989455000373923,39.896018999989614],[-75.989438999582063,39.896010999799451],[-75.989378000381038,39.895979999743027],[-75.989288999794255,39.895898999796096],[-75.989169000143647,39.895792999772034],[-75.989046999944904,39.895679000044311],[-75.988989000218595,39.895536999961045],[-75.988959999906271,39.895392000174326],[-75.988933000142097,39.895243999975797],[-75.988873999692544,39.89501899999771],[-75.988667000003304,39.894746000024981],[-75.98857800031486,39.894658999737011],[-75.988518000040386,39.894650000033593],[-75.988472999834556,39.894635000065897],[-75.988385999795909,39.894608000253591],[-75.988217999566416,39.894582999830753],[-75.988078999649261,39.894714000042761],[-75.988050000235262,39.894785000284557],[-75.987991999610614,39.894840999840959],[-75.987968000219496,39.894845000004423],[-75.987876000157968,39.894848000126878],[-75.987835999975005,39.89481999966803],[-75.987793000317296,39.894773999824778],[-75.987765999654812,39.894654000208263],[-75.987764000004987,39.894410000156206],[-75.987796999616947,39.894231999796212],[-75.987822999556215,39.893981999989109],[-75.987821999731295,39.893954999919565],[-75.987819000256579,39.893903999912304],[-75.987793000317296,39.893814999822268],[-75.987784999921388,39.89372300013428],[-75.987770999677679,39.893678999670513],[-75.987748999936372,39.893584000311549],[-75.987741000438774,39.893569000110546],[-75.987716000324411,39.893525000237162],[-75.987644000354393,39.893411000183065],[-75.98758499990484,39.893337999770793],[-75.987567000361508,39.893321000079041],[-75.987531000376492,39.893289000120745],[-75.987379000040519,39.893168999971905],[-75.987317000116235,39.89313200030292],[-75.987194999917506,39.89314599984472],[-75.987107999878859,39.893129000105354],[-75.987057999650148,39.89311800006903],[-75.987039000281882,39.893113999804719],[-75.986989999878091,39.89310399983227],[-75.986948000045302,39.893079000239311],[-75.986850999960907,39.893045000033879],[-75.986762000272449,39.892979999776649],[-75.986736000333195,39.892925000147045],[-75.986728999762178,39.892878999721198],[-75.986757000249597,39.892826000151196],[-75.986829000219615,39.89265999999737],[-75.986829000219615,39.892573999892427],[-75.986819000173853,39.892462999861998],[-75.986805999755063,39.892283999881222],[-75.986823000371814,39.892192000205974],[-75.986861000006655,39.892164000040566],[-75.986921000281129,39.892107999675439],[-75.986936000349729,39.892096000083576],[-75.987045999954589,39.892013000206795],[-75.987194999917506,39.891930000229507],[-75.987214000184068,39.891917999917233],[-75.987310000443543,39.891855000138676],[-75.987476000124886,39.891755999975828],[-75.987491000193515,39.891746999891289],[-75.987579000057053,39.891693000048434],[-75.987701000255797,39.891631000150809],[-75.987752000309428,39.891618999786182],[-75.987989000135897,39.891511999945664],[-75.988326000419775,39.891374999957542],[-75.988504999621611,39.891286000029872],[-75.988665000353478,39.891199000174716],[-75.988832999684661,39.891070999735561],[-75.988851999951237,39.891056999769951],[-75.988938000164964,39.890991999695203],[-75.989103999846307,39.890863000149054],[-75.989293999817122,39.890685000227073],[-75.989370999810021,39.890616000078801],[-75.98938199968066,39.890602000020216],[-75.989419000388907,39.890558000309952],[-75.989523999970885,39.890389999965883],[-75.989539999864405,39.890369999913872],[-75.989580000047368,39.890318999996133],[-75.989612999659357,39.890194999727086],[-75.989615000207479,39.890180000162907],[-75.989621000055266,39.890120999915453],[-75.989653999667226,39.890023000116422],[-75.989657999865187,39.890006999713933],[-75.989668999735841,39.889957000327591],[-75.989801999805223,39.889701000085815],[-75.989838999615159,39.889620999728024],[-75.990062000096245,39.889397000021681],[-75.990089999685324,39.889353000227231],[-75.990113000149847,39.889315999876906],[-75.990231999975549,39.889179999758902],[-75.990250000417205,39.889160000043184],[-75.99030999979334,39.889090000302822],[-75.990376999740491,39.889040999683878],[-75.99040799970264,39.889018000239368],[-75.990508999984982,39.888959999807724],[-75.990541999596942,39.888813999763642],[-75.990582999604811,39.8887320001785],[-75.990595000198709,39.888657000034968],[-75.99059799967344,39.888639999871565],[-75.990622999787789,39.88851499987851],[-75.990632999833537,39.888413000002004],[-75.990647000077246,39.888313999692961],[-75.990674999666325,39.888223000341021],[-75.990702000328824,39.888129999901437],[-75.990760999880052,39.888025999860794],[-75.990893999949449,39.887891000083009],[-75.990981999812988,39.887800000169584],[-75.991257999997529,39.887591000161137],[-75.991315999723838,39.887494000339728],[-75.991396000089779,39.887292999917776],[-75.991422000029033,39.887115999840077],[-75.991432000074795,39.886953000112015],[-75.991463999861836,39.886867999897149],[-75.991467000234891,39.886858999860088],[-75.99147999975537,39.886779000321432],[-75.991540000029815,39.886563999677115],[-75.991577999664656,39.886411000276254],[-75.991559000296405,39.886231000179137],[-75.99150800024276,39.886063000259426],[-75.991497000372121,39.886019999873305],[-75.991497000372121,39.885937999703359],[-75.991504999869733,39.885925000239041],[-75.991572999641789,39.885820000127325],[-75.991601000129194,39.885701000173967],[-75.991582999687537,39.885555000082221],[-75.991543000402871,39.885392000089311],[-75.991494999823985,39.885240000321872],[-75.991413999633124,39.885190999708271],[-75.991310999700957,39.8851999999643],[-75.991238999730939,39.885157999908323],[-75.991125999753024,39.885078999946757],[-75.99105399978302,39.885032999770139],[-75.990976999790107,39.88499499966089],[-75.990873999857968,39.884983000202475],[-75.990775999948653,39.884960000085826],[-75.990759000230227,39.88489099968956],[-75.990772999575626,39.884838000147219],[-75.990750000009413,39.884783999686988],[-75.990683999887153,39.884704999983789],[-75.990615000290191,39.88463899990019],[-75.990582999604811,39.884584999972489],[-75.990599000396671,39.884483999955314],[-75.99061000026731,39.884467000135714],[-75.990636000206578,39.884399000125853],[-75.990694999757807,39.884300999729497],[-75.990842000070913,39.884115999999096],[-75.990853999766472,39.88408699978374],[-75.990899999797222,39.88398100010437],[-75.990967999569293,39.883903999876907],[-75.991139999996733,39.883710000003539],[-75.991181999829536,39.88367000013195],[-75.991271000416305,39.883596999685757],[-75.991356999731721,39.883480999940531],[-75.991417999831071,39.883241000248745],[-75.991422000029033,39.883230000004353],[-75.991513000265641,39.883006000095506],[-75.991551999725374,39.882907999776059],[-75.991569000342139,39.882865000168486],[-75.991575000189911,39.882850999905656],[-75.991617000022714,39.882828999979282],[-75.991664999703275,39.882798000165018],[-75.991836000305824,39.882703000202305],[-75.991904999902815,39.882659000247514],[-75.992027999926464,39.882587000323284],[-75.992270999600706,39.882430000120969],[-75.992339000271059,39.882375999832234],[-75.992364000385422,39.882328999686706],[-75.992372999707953,39.882304999834624],[-75.992382999753687,39.882279999750011],[-75.992378999555726,39.88222799979291],[-75.992346999768671,39.882160000319878],[-75.992247000209574,39.882051999963856],[-75.992133000406753,39.881929000136246],[-75.992080999629906,39.881872000141357],[-75.992069999759238,39.881861999907585],[-75.992037999972197,39.881833000117538],[-75.991995000314489,39.881792000298354],[-75.991916999598359,39.881717000145393],[-75.991733000373671,39.881540000148391],[-75.991566999793989,39.88137799980916],[-75.991411999983299,39.881241999799016],[-75.991381000021164,39.881217000016143],[-75.991320999746705,39.881155999845973],[-75.991313000249093,39.881147999989167],[-75.991284999761703,39.881121999930983],[-75.991200000271192,39.881009000173549],[-75.99118100000463,39.88099200018172],[-75.991158000438404,39.880970999902125],[-75.991109000034598,39.880873999676204],[-75.991078000072463,39.880809000286632],[-75.991061000354009,39.880717999934717],[-75.991095999615808,39.880513000017665],[-75.991088999943116,39.880437999844446],[-75.991088000118211,39.88038899993515],[-75.990987999660774,39.880273999841656],[-75.990971999767254,39.880262000246397],[-75.990939000155294,39.880237999670847],[-75.990881000428971,39.880191000127894],[-75.990591999825654,39.879944000211019],[-75.990284999678977,39.879677999941904],[-75.990225000302843,39.879622999980405],[-75.990185999944771,39.879600999707719],[-75.990153000332825,39.879582000218562],[-75.990137000439304,39.87956900023849],[-75.990050000400657,39.879501999771946],[-75.989725999637258,39.879217999845586],[-75.989530999643577,39.879053999682519],[-75.989359000114447,39.878964000031651],[-75.989323000129431,39.878949999661707],[-75.989263999679892,39.878926000005677],[-75.989135999633362,39.878861000148369],[-75.989000999914154,39.878794999954451],[-75.988925999571094,39.878761999833664],[-75.988882000088466,39.878741999836322],[-75.988837999707542,39.878721999833097],[-75.988709999661026,39.878644999904218],[-75.988644000437077,39.878596999680923],[-75.988631000018302,39.878586000070243],[-75.988586999637377,39.878544999688401],[-75.988492999926038,39.87842899966904],[-75.988486000253346,39.878414999879269],[-75.988456000116116,39.878357000128844],[-75.988415000108233,39.878279999790088],[-75.988405000062485,39.878257999775919],[-75.988385999795909,39.878218000170762],[-75.988347000336162,39.878094000074512],[-75.988333000092481,39.878017999726822],[-75.988326000419775,39.877928999693324],[-75.988323000046719,39.877888000297403],[-75.988316000374027,39.877797000205497],[-75.988162000388243,39.877445999704769],[-75.988058999557765,39.877254000078956],[-75.987993000333844,39.877063999826738],[-75.98798099973996,39.876953000190497],[-75.987998000356711,39.876803999862254],[-75.98798199956488,39.876705000024977],[-75.987928000036518,39.876582000257855],[-75.987851999868539,39.876457000341418],[-75.987788000294429,39.876368999971284],[-75.987736000415893,39.876265000014953],[-75.987661000072833,39.876114999946068],[-75.987526000353611,39.875798999931526],[-75.987385999713212,39.87548600012024],[-75.987255000191951,39.875234000236333],[-75.987190999719544,39.875139000135526],[-75.987184000046852,39.875127999970204],[-75.98700499994672,39.87494100033701],[-75.986923999755859,39.874862999967007],[-75.986834000242482,39.874760999773521],[-75.986816999625731,39.8747480002584],[-75.986777000341064,39.874715999903536],[-75.986743000005873,39.874655000155208],[-75.98673299996014,39.87459199968005],[-75.986728999762178,39.874577999796422],[-75.986715000416794,39.874534000143498],[-75.986697999800043,39.874377000117796],[-75.986729999587098,39.874082000006496],[-75.986737000158101,39.873905999952719],[-75.986803000280347,39.873655999789449],[-75.986840000090254,39.873578000026328],[-75.986872999702214,39.873529000041373],[-75.986913999710112,39.873498999822232],[-75.986969999786609,39.873471999958539],[-75.987097999833111,39.873422000233958],[-75.987174000001104,39.873424999915095],[-75.987245000146217,39.873428999949397],[-75.987346000428559,39.873432999983457],[-75.987391999560998,39.873435999664103],[-75.987462999706096,39.873420000216633],[-75.98750600026213,39.873375000156209],[-75.987599999973455,39.873266000086737],[-75.987630000110698,39.873220999925323],[-75.987657999699778,39.87316200025117],[-75.987682999814126,39.873108000247775],[-75.987683999639046,39.873048999786981],[-75.987673999593298,39.873006999872054],[-75.987637999608296,39.872918000229944],[-75.987588000277896,39.872801999655529],[-75.987565999638264,39.872716999823304],[-75.987524999630395,39.872618000291432],[-75.987490000368595,39.87254200008028],[-75.98747699994982,39.872508999708423],[-75.987473999576764,39.872499000177548],[-75.987466000079152,39.872478000054883],[-75.98747699994982,39.872422999834541],[-75.987497000041287,39.872379999857223],[-75.987526000353611,39.872325000247734],[-75.9875680001864,39.872280999838949],[-75.987604999996336,39.872250999763402],[-75.98772800001997,39.872183999731213],[-75.987773000225829,39.87215700003928],[-75.987846000020767,39.872115000267613],[-75.987908999769957,39.872089999915282],[-75.988025999945819,39.872059000072433],[-75.988072999801474,39.87203700013098],[-75.988107000136651,39.872026000157604],[-75.988136000448975,39.872015999866868],[-75.988255000274677,39.871965000085197],[-75.988290000434773,39.871954000100274],[-75.988376999575095,39.871962000340154],[-75.988395000016752,39.871962000340154],[-75.988456999941036,39.871963000025389],[-75.988543000154763,39.871969999889714],[-75.988588000360593,39.871974000008869],[-75.988698999790358,39.872067000300071],[-75.988737000323511,39.872083999746614],[-75.988793000400008,39.872107999728634],[-75.988868999669677,39.872104000306742],[-75.988930999593961,39.872098000139353],[-75.988991999693326,39.872093000344115],[-75.989011999784807,39.872087000175718],[-75.989055000340841,39.87207499983738],[-75.989137000356592,39.872041000246227],[-75.989355999741392,39.871927000317804],[-75.989445000328175,39.871871999655696],[-75.989551999559978,39.871787999737577],[-75.98960199978869,39.871731999964894],[-75.989708000093898,39.87160099996094],[-75.989763000345476,39.871533999983257],[-75.989827999744492,39.871450000340673],[-75.989914999783139,39.871381999832415],[-75.989930999676659,39.871370999753999],[-75.990019000438522,39.871311000172696],[-75.990098999906152,39.871239999750081],[-75.990179000272107,39.871195000327809],[-75.990235000348591,39.871150999883625],[-75.990250000417205,39.871143000238554],[-75.990304999770487,39.87111299966535],[-75.990397999656878,39.871041000028541],[-75.990433999641894,39.871000999661462],[-75.990492000266542,39.870935999876991],[-75.990556999665571,39.870811999714292],[-75.990606999894268,39.870709999701546],[-75.990703999978649,39.870526000241234],[-75.990823999629242,39.870319000086113],[-75.990876000406104,39.870236999755342],[-75.990897000322491,39.870152999903425],[-75.990975999965215,39.869878999786422],[-75.991003999554309,39.869739000164699],[-75.991023999645776,39.869580999785569],[-75.991026000193926,39.869568999698245],[-75.991040000437607,39.869397000054768],[-75.991051000308275,39.869319999998481],[-75.991047999935233,39.86925599972475],[-75.991068999851635,39.868984000308387],[-75.991121999555062,39.868863999675511],[-75.991223999662338,39.868780999942331],[-75.991283999936769,39.868737999750344],[-75.991377999648108,39.868703999884097],[-75.991485999603142,39.868693999798545],[-75.991575000189911,39.868698999841477],[-75.991643999786902,39.868713000235616],[-75.991817999864168,39.868773999752591],[-75.991913000298723,39.86880999973593],[-75.992054999690637,39.868870999856078],[-75.992181000087328,39.868918999991656],[-75.992320999829417,39.868972000116678],[-75.992470999617225,39.869040999983909],[-75.99251900019614,39.869069999667595],[-75.992593999640903,39.869103000315022],[-75.992622000128279,39.869121000222755],[-75.992644999694505,39.869136000257157],[-75.992716999664538,39.869177000058627],[-75.992773999565941,39.869217000110417],[-75.992807999901132,39.869240999716595],[-75.99286599962744,39.869282000144793],[-75.992884000069111,39.869292999868776],[-75.9929319997497,39.869322999859058],[-75.993034999681868,39.869404999903452],[-75.993195000413735,39.869521000017528],[-75.993258000162925,39.869555000168276],[-75.993352999699169,39.86959200015103],[-75.993474999897913,39.86964999972971],[-75.993561999936531,39.869688000069033],[-75.993716999747235,39.869756999905547],[-75.993785000417617,39.869785000259078],[-75.993813999831616,39.869805999827264],[-75.993976000213323,39.869866999751224],[-75.994001000327685,39.869876999665784],[-75.994167000009043,39.869957000308595],[-75.99437700007131,39.870049000174099],[-75.994633000164356,39.870174999759712],[-75.994855999747131,39.870262000093611],[-75.995074000205335,39.870380999951642],[-75.995168999741566,39.870411999863421],[-75.995287999567253,39.870480999661162],[-75.995429000032559,39.870531999856723],[-75.995651999615319,39.87062799983817],[-75.995793000080624,39.870671000224334],[-75.995803999951292,39.870676000123225],[-75.996200999611332,39.870854999985163],[-75.996294000396048,39.87089299965691],[-75.996511999955928,39.871006000225705],[-75.996629000131804,39.871043999813857],[-75.996800999660948,39.871136999987101],[-75.996818000277699,39.871146000019408],[-75.997029999989806,39.871255999706058],[-75.997070000172769,39.871275000122978],[-75.997122999876211,39.871300000082897],[-75.997481999901424,39.871507999727321],[-75.997537000153002,39.871540999891359],[-75.99757700033598,39.871565999754388],[-75.997662999651382,39.871621999662594],[-75.998091000171883,39.871877999842859],[-75.998229000264132,39.871943999799051],[-75.998373000204168,39.87202699984185],[-75.998423000432908,39.872072000097205],[-75.998451000021987,39.872122999799323],[-75.998465000265696,39.872198999785283],[-75.998507000098471,39.872299000291633],[-75.998543000083487,39.872497000133315],[-75.998548999931273,39.872520999970831],[-75.998538000060634,39.872584999956096],[-75.998517999969138,39.872635000290813],[-75.998492000029884,39.872657999715564],[-75.998442999626064,39.872726000337742],[-75.998416999686796,39.872781999988369],[-75.998395999770395,39.872811999831676],[-75.99837700040213,39.872840000317005],[-75.998280000317777,39.872924999996869],[-75.998220999868209,39.872958999839291],[-75.998127999981804,39.87298599990492],[-75.998045999966038,39.872994000024491],[-75.997921000292564,39.872973999723868],[-75.997839000276798,39.872958999839291],[-75.997543000000789,39.872925999668006],[-75.997464000358079,39.872920999933172],[-75.997395999687697,39.872937999857506],[-75.99730899964905,39.872948000013771],[-75.99716800008207,39.872975999754196],[-75.997122999876211,39.873019999717158],[-75.997101000134919,39.873117999689867],[-75.997102999784744,39.873127999819886],[-75.997120000401495,39.873198999667125],[-75.997148999815494,39.873239999797931],[-75.997185999625401,39.873311999884187],[-75.997369999748415,39.873492999776865],[-75.997496999970025,39.873614999907311],[-75.997620999818594,39.873700999665473],[-75.997708999682132,39.873756000239858],[-75.997801999568551,39.873807000068737],[-75.998056999836692,39.873917999970764],[-75.998153999921072,39.873944000002552],[-75.998337000219166,39.874014999694552],[-75.998375999678913,39.87402699969352],[-75.998425999907624,39.874042000033924],[-75.998478999611081,39.874048999686089],[-75.99863299959685,39.874058999680415],[-75.998671999954936,39.874054999682862],[-75.998709999589764,39.874050999685068],[-75.998822999567665,39.874046999687103],[-75.998959000010103,39.874034999691624],[-75.999133000087369,39.874016999694526],[-75.999298999768726,39.874089999998233],[-75.999379999959572,39.874161000228469],[-75.999436000036084,39.874243999656791],[-75.99945500030266,39.874260999942649],[-75.999497000135449,39.874300000136344],[-75.999565999732425,39.874418999883254],[-75.999611999763175,39.87451000032091],[-75.999650000296313,39.874577000149301],[-75.999665000364942,39.874604000267446],[-75.999781999642494,39.874682000242643],[-75.999950999696878,39.874754999838508],[-76.000120999576197,39.874787000175168],[-76.000268999714208,39.874801999659994],[-76.000604000348275,39.874855999708494],[-76.000739000067497,39.874870000224796],[-76.000822999733074,39.874878000124617],[-76.000894999703092,39.874876000149754],[-76.000974000244128,39.87486899989257],[-76.001017999726741,39.874864000299318],[-76.001052000061918,39.874860999991697],[-76.001139999925485,39.87485100011434],[-76.001307000330058,39.874826000069824],[-76.001554000202262,39.874756000172454],[-76.001709000012951,39.874698000085161],[-76.001806000097346,39.874661000098918],[-76.002239999567294,39.874465999934991],[-76.00243200008623,39.874353000240326],[-76.002574000376455,39.874217999738725],[-76.002863999906367,39.873913000308193],[-76.003196999992284,39.873598000150828],[-76.003397999833751,39.873428000285529],[-76.003482000397653,39.87335200028248],[-76.003698000307708,39.873210999808862],[-76.003926999738269,39.873037999975892],[-76.004135999975645,39.872878999939864],[-76.004284000113643,39.87270100020806],[-76.004378999649887,39.872561999817464],[-76.004413999809984,39.872476999687777],[-76.004460999665653,39.872284000259427],[-76.004472000434603,39.872178000260227],[-76.004458000190908,39.872087000175718],[-76.004438000099427,39.871956000160353],[-76.00441600035812,39.871826999958579],[-76.004332999619137,39.87152500000186],[-76.004285999763454,39.871383000215552],[-76.004265999671986,39.871327000112167],[-76.004222000189358,39.871227000257086],[-76.00412099990703,39.870999999962216],[-76.004089999944867,39.870917999756102],[-76.004053999959879,39.870804000029686],[-76.004047000287173,39.870592000119416],[-76.004202999922796,39.870023999758196],[-76.004254999801333,39.86989400034453],[-76.004294000159376,39.869776000048205],[-76.004346999862832,39.869560999868682],[-76.004376000175142,39.869357000107989],[-76.004419999657756,39.869051999746524],[-76.004442000297388,39.868870000125838],[-76.004556999925114,39.868556999720902],[-76.004710000085993,39.868188000048271],[-76.004796000299706,39.868054000255171],[-76.004996000316268,39.867790000246792],[-76.005040999623773,39.867744999940335],[-76.005079999981845,39.86772099981075],[-76.005091999677418,39.867714999949456],[-76.005109000294169,39.867704999719741],[-76.005136000058343,39.867690000061941],[-76.005193999784652,39.867660000046961],[-76.00528500002126,39.867602999913487],[-76.005361000189254,39.867550000109787],[-76.005386000303588,39.867525999911983],[-76.005399999648972,39.867467000165774],[-76.005485999862699,39.867417999952345],[-76.005577000099308,39.86737000014552],[-76.005638000198672,39.867345999884741],[-76.005643000221539,39.867329999706264],[-76.005695000100076,39.867250999890651],[-76.005797000207338,39.867038000274903],[-76.005855999758566,39.866834999666288],[-76.005873000375317,39.866759999703866],[-76.005875000025142,39.866730999733186],[-76.005855999758566,39.866605999790607],[-76.005810999552722,39.866526999830796],[-76.005712999643436,39.866417000145454],[-76.005577999924213,39.8663140000357],[-76.005521000022796,39.866245999952142],[-76.005491999710486,39.86617400003356],[-76.005514000350118,39.866048999765646],[-76.005599999665534,39.86592499973267],[-76.005797000207338,39.865767000222235],[-76.005997000223871,39.865532000176927],[-76.006051999577139,39.865429999897998],[-76.006085999912329,39.865325000121622],[-76.006125000270401,39.865191000252494],[-76.006160000430498,39.864686999759705],[-76.006162999905214,39.864392000035544],[-76.006173999775868,39.864270000050006],[-76.006237000423383,39.864150999934225],[-76.006270999860263,39.864082999775434],[-76.006280999905997,39.8640630003243],[-76.006367000119724,39.864005999960398],[-76.006398999906779,39.863974999911925],[-76.006480000097625,39.86388099987964],[-76.006501999838932,39.863817000048009],[-76.006520000280602,39.863733999724964],[-76.006509000409949,39.863690000011431],[-76.006487999595223,39.863646000269689],[-76.006429000044008,39.863587999752106],[-76.006429000044008,39.863528000258874],[-76.006434999891795,39.863500000109632],[-76.006479000272719,39.863423000329824],[-76.006547999869696,39.863246000006946],[-76.006579999656751,39.863134000260189],[-76.0065760003571,39.863086000214253],[-76.006516000082641,39.862953999742444],[-76.006439999914662,39.862819000250894],[-76.0064359997167,39.862759000085163],[-76.006464000204105,39.86266499976599],[-76.00651199988468,39.862590000071819],[-76.006578000006925,39.862554000272254],[-76.006727999794748,39.862497999856956],[-76.006784999696151,39.862462000009124],[-76.006807000335783,39.862429000304431],[-76.006822000404384,39.862398000233],[-76.006795999566819,39.862341999690386],[-76.006761000305019,39.862279000318189],[-76.006723999596787,39.86223600018814],[-76.0065760003571,39.862144000188138],[-76.006523999580239,39.862095000310227],[-76.006405999579485,39.862044000048279],[-76.006347999853148,39.861991999917954],[-76.006338999632334,39.861983999894399],[-76.00626199963942,39.861901000112205],[-76.006193999867378,39.861802000141004],[-76.006176000324004,39.861594000028759],[-76.006202000263286,39.861504000222325],[-76.006316999891013,39.86130499984057],[-76.006379999640203,39.861179999666049],[-76.006407000302701,39.861147999877147],[-76.006463000379185,39.861082999721255],[-76.00649799964097,39.861044000287706],[-76.006598999923327,39.860956000140682],[-76.00667199971825,39.860866000187031],[-76.006725000320017,39.860782999742071],[-76.006756000282152,39.860685000076082],[-76.00677999967327,39.860518000174991],[-76.006798000114941,39.860244000191884],[-76.00677999967327,39.860105999932109],[-76.006767000152806,39.859998000014862],[-76.006722999771867,39.859861999672994],[-76.006675999916212,39.859677000215257],[-76.006710000251402,39.859593999711244],[-76.006856999666184,39.859337999892226],[-76.006957999948526,39.859182000126793],[-76.007008000177237,39.859106000201031],[-76.007039999964277,39.858976999970999],[-76.007040999789197,39.858962999658836],[-76.007043000337333,39.858947000283649],[-76.007046999636984,39.858905999885259],[-76.007044000162253,39.858832999973046],[-76.007014000025009,39.858349000102237],[-76.007007000352317,39.858218999942949],[-76.007038000314452,39.858099999676647],[-76.007152999942193,39.857891000175677],[-76.00727199976788,39.857725000263663],[-76.007599999830944,39.857432000053919],[-76.007640000013907,39.857335000327858],[-76.007653000432697,39.857159000062474],[-76.007630999793079,39.856831000056189],[-76.007630999793079,39.856645000104578],[-76.007634999991041,39.856607000126552],[-76.007640000013907,39.85655799974284],[-76.007641999663718,39.856462999982774],[-76.007641999663718,39.856452000270643],[-76.007640000013907,39.856203999773022],[-76.007614999899545,39.856143000113953],[-76.007598000181105,39.856100000276456],[-76.007548999777313,39.855977000111459],[-76.007439999997374,39.855755999917072],[-76.007419000080972,39.855657000045412],[-76.007398000164571,39.855389000212632],[-76.007373000050222,39.855288999883456],[-76.007371000400397,39.855159000134158],[-76.007357000156688,39.85512199995361],[-76.007344999562804,39.855089000167148],[-76.007337999890098,39.854967000191984],[-76.007327000019473,39.854866999937521],[-76.00727199976788,39.854727999962471],[-76.00714399972135,39.854608999849482],[-76.007116000132257,39.854573000000634],[-76.006983000062874,39.854399000120324],[-76.00685900021432,39.854265000292337],[-76.00676499960467,39.854111999865175],[-76.006740000388632,39.854019000060916],[-76.00673399964252,39.853957999839075],[-76.006742999863363,39.853821999940664],[-76.006762000129939,39.85372899974341],[-76.00682900007709,39.85356799987531],[-76.006918999590454,39.853445999954992],[-76.006964999621204,39.853388999737021],[-76.006993000108622,39.853367999971482],[-76.007061999705599,39.853309999731728],[-76.007177000231636,39.853285000112649],[-76.007229999935078,39.853348000155933],[-76.007336000240286,39.853338999857726],[-76.007428000301815,39.853289999899282],[-76.007467999586439,39.853185000166128],[-76.007496999898777,39.853103000046048],[-76.007501000096738,39.853012000176577],[-76.007513999617203,39.852885000141889],[-76.007533999708699,39.852824000291513],[-76.007544999579352,39.852761999732294],[-76.007542999929527,39.852699999806717],[-76.007530000409048,39.852549999933103],[-76.007513999617203,39.852463999866863],[-76.007513999617203,39.852424999673048],[-76.007544999579352,39.85238900005799],[-76.007576000439812,39.852348999850548],[-76.007640000013907,39.852311000252563],[-76.007797000372747,39.852227999805294],[-76.007943999787528,39.85215900027098],[-76.008128999735433,39.852063999939176],[-76.008326000277265,39.852014999760193],[-76.008450999950725,39.851976999977303],[-76.008574999799293,39.851965000259263],[-76.008763999945174,39.852036999915249],[-76.009141000412029,39.852285000297748],[-76.009326000359962,39.852384000205731],[-76.009427999568885,39.852450000295001],[-76.009577000430127,39.852547000028814],[-76.009594000148553,39.852557999677153],[-76.009742000286565,39.852562000238471],[-76.009831999799943,39.852584000218201],[-76.009989000158768,39.852577999722882],[-76.0100610001288,39.852638999791928],[-76.010431000024639,39.852652000048352],[-76.010491000299112,39.852665000302302],[-76.010681000269898,39.852747000255988],[-76.010877000088499,39.852793000018899],[-76.01111499973986,39.852855999824122],[-76.011211999824241,39.852937000276825],[-76.01133300019805,39.853106999885959],[-76.011447999825791,39.853147000341323],[-76.011580000070282,39.853177999764412],[-76.011782999561547,39.853194999753534],[-76.012041000202728,39.853186000124907],[-76.012320999686892,39.853149000260018],[-76.012749000207364,39.853154000056556],[-76.01298900040689,39.853132000259514],[-76.013221000210478,39.853083000153283],[-76.013472000280657,39.85300299983431],[-76.013637000137095,39.852939000201651],[-76.013669999749041,39.852931999774846],[-76.013924000192262,39.852875999783024],[-76.013961000002197,39.852868000075986],[-76.014290999715058,39.852796999876887],[-76.014320000027396,39.852795999912431],[-76.014367999707972,39.852806000246154],[-76.014388999624373,39.852812000031903],[-76.014678000227676,39.852846000187277],[-76.014922999551743,39.852911999832259],[-76.015111999697638,39.853053999919119],[-76.015366000140844,39.853251000174787],[-76.015534000370337,39.853443000089868],[-76.015611000363222,39.853542999660569],[-76.015648000173158,39.853651000081506],[-76.015696999678639,39.853705000228217],[-76.015804999633687,39.853757999692384],[-76.016413000079211,39.853955999943942],[-76.016666999624121,39.854011999744266],[-76.016926999915114,39.854068000188526],[-76.017161000266853,39.854094000157588],[-76.017509000421398,39.854094000157588],[-76.017778000034909,39.854080000228542],[-76.017993999944963,39.854049999779818],[-76.018245999840047,39.854008999903868],[-76.018429000138156,39.854019000060916],[-76.018624999956742,39.854053000307985],[-76.018824999973276,39.854080000228542],[-76.019230999854145,39.853944999830013],[-76.019465000205869,39.85384800000292],[-76.019661000024456,39.85372799979254],[-76.019910000444796,39.853523999849912],[-76.020165999639516,39.853219000136683],[-76.020626999771977,39.85269599994308],[-76.020636999817725,39.85268500031686],[-76.02072600040448,39.852592999925761],[-76.02082299959055,39.852520000194872],[-76.020924999697797,39.85241300003333],[-76.020943000139468,39.852390000028421],[-76.02099599984291,39.852320999967354],[-76.021001999690696,39.852313000195636],[-76.021067999812928,39.852220000022733],[-76.021164999897309,39.852089999977707],[-76.021241999890194,39.851955999779776],[-76.021261000156784,39.85192299985038],[-76.021270000377612,39.851907000213281],[-76.021280000423346,39.851889999905161],[-76.021333000126802,39.851751000108031],[-76.02136099971591,39.851670000324667],[-76.021350999670133,39.851504999831768],[-76.021381999632297,39.851394000217418],[-76.021475000417013,39.851240000299939],[-76.021913999909856,39.850856000021842],[-76.021964999963487,39.850838000150063],[-76.022022999689796,39.850841000129037],[-76.022073999743426,39.850822000260081],[-76.022222999706344,39.850760999955632],[-76.022299999699229,39.850636999881949],[-76.022364000171663,39.850543000199607],[-76.022370999844327,39.850533000225866],[-76.022445000362495,39.850408999740282],[-76.022457000058068,39.850391999750826],[-76.022549999944488,39.850258999687817],[-76.022739000090368,39.849993000168134],[-76.022822999755974,39.849843999903804],[-76.022862999938937,39.849619999930063],[-76.022884999680244,39.849386999788358],[-76.022862999938937,39.848901000159195],[-76.022749999961036,39.84866700031116],[-76.02265100022683,39.848575000052264],[-76.022497000241032,39.848540999850385],[-76.022236000125133,39.848604000109681],[-76.022014000367264,39.848703999833276],[-76.021892999993455,39.848804000100877],[-76.021720999566014,39.849043000267535],[-76.021522000272697,39.849293999789182],[-76.021352000393378,39.849492999826587],[-76.021304999639383,39.849531000294881],[-76.021226999821607,39.849574000109776],[-76.021104999622864,39.84955999994844],[-76.020953000185202,39.849459000079356],[-76.020825000138686,39.849134999899242],[-76.020703999764862,39.848712000025536],[-76.020645000213634,39.848602000058555],[-76.020621999749096,39.848533000327876],[-76.020609000228617,39.848369999938974],[-76.020472999786179,39.848145999983274],[-76.020420000082723,39.847944000073895],[-76.020386999572466,39.847641999824589],[-76.020416999709695,39.847274000141283],[-76.020481000182102,39.846919999877635],[-76.020413000410045,39.846609000150409],[-76.020439000349313,39.846159999680232],[-76.020540999558236,39.845672999898042],[-76.020594000160003,39.845338999741479],[-76.020594000160003,39.845236999795162],[-76.020594000160003,39.845139000001559],[-76.020754999818493,39.84502699967198],[-76.020749999795626,39.844927000110161],[-76.020728000054305,39.844658999766075],[-76.020675000350863,39.844452000202367],[-76.020600000007775,39.844236999991416],[-76.020492000052755,39.844042000260501],[-76.020362000356428,39.843895999777544],[-76.020234000309898,39.843840000001244],[-76.019989999912426,39.843870000084117],[-76.019824000231068,39.843959000161021],[-76.019639000283135,39.844020999704675],[-76.019565999589886,39.844022999889269],[-76.019528999779979,39.843990999687733],[-76.01950000036598,39.843943000047233],[-76.019508999688483,39.843730999911514],[-76.019538000000807,39.843612000046321],[-76.019590999704249,39.84344299978477],[-76.019614000168772,39.843406000186235],[-76.019644000306016,39.843362999956646],[-76.019710000428262,39.843311000156341],[-76.019743000040222,39.843144000053854],[-76.019758000108837,39.842850999677317],[-76.019628000412496,39.842465999951223],[-76.019423000373067,39.841780999866863],[-76.019409999954291,39.841698999919394],[-76.019462999657719,39.841594999828303],[-76.019420999824931,39.841479000097983],[-76.019354999702699,39.841369999709059],[-76.019271000037122,39.841221000042815],[-76.01919999989201,39.841057000091951],[-76.019152000211434,39.840964999981651],[-76.018978000134155,39.84075800031745],[-76.018908999638853,39.840684999727259],[-76.018834000194104,39.840624000072189],[-76.018804999881795,39.840586000191834],[-76.018774999744551,39.840514000251915],[-76.018843000414947,39.840333999727029],[-76.018985999631767,39.840164999674613],[-76.019075000218521,39.840112000062298],[-76.0191360003179,39.840092999983057],[-76.019266000014241,39.840107000005659],[-76.019394000060757,39.840168000119981],[-76.019661000024456,39.84030699991802],[-76.019774000002357,39.840322000043159],[-76.01992600033833,39.840296999832781],[-76.01997200036908,39.840164999674613],[-76.019964999798063,39.84002900004058],[-76.019887999805178,39.839907999663048],[-76.019813000360415,39.83973899994178],[-76.019644000306016,39.839551999732784],[-76.019451999787094,39.839416999733899],[-76.019075000218521,39.839257000260091],[-76.018942000149153,39.839206000271894],[-76.018865999981173,39.839172999731858],[-76.018769999721698,39.839099000051775],[-76.018660000116839,39.83892000012311],[-76.018558999834482,39.838801000197506],[-76.018530000420498,39.838769000321477],[-76.018456999727249,39.838688999876261],[-76.018337999901561,39.838562000245631],[-76.018233000319583,39.838515999914137],[-76.018080000158704,39.838447999877467],[-76.017930000370882,39.838324000327034],[-76.017808999997058,39.838172999904671],[-76.01773399965397,39.837985000079605],[-76.017710000262852,39.837815999764651],[-76.017752000095641,39.837649000093798],[-76.01777999968472,39.837494999694648],[-76.017932999845613,39.837211999892617],[-76.018038000325916,39.837117000260704],[-76.018106999922892,39.836965999943615],[-76.018140000433149,39.836824999886822],[-76.018137999885028,39.836656000166244],[-76.018108999572704,39.836515999674653],[-76.018040999800633,39.836376000277241],[-76.017941000241535,39.83627199971238],[-76.01779800012639,39.836177000159786],[-76.017449999971859,39.83603299992663],[-76.017227000389084,39.835920999919821],[-76.017110000213222,39.835805999784377],[-76.01710099999238,39.835772000157284],[-76.017102999642205,39.835746000147104],[-76.017136999977396,39.835695999834478],[-76.017259000176139,39.835639000054528],[-76.017321000100409,39.835617000163118],[-76.017502999675287,39.835515999787368],[-76.017520000292038,39.835423999841701],[-76.017531000162705,39.835407000280618],[-76.017659000209207,39.835265000252363],[-76.017640999767565,39.83517499972298],[-76.017619000026244,39.835137000276511],[-76.017613000178457,39.835109999803834],[-76.017619000026244,39.835075000299454],[-76.017650999813299,39.835041999843803],[-76.017664000232088,39.835022000207921],[-76.017737999851931,39.834975000040522],[-76.017783000057776,39.834875999861474],[-76.017762999966294,39.834765999801746],[-76.017668000430049,39.834662999786815],[-76.017492999629539,39.834554999846326],[-76.017419000009724,39.834488000257771],[-76.0173550004356,39.834369000240564],[-76.017338999643769,39.834171000062277],[-76.017327999773116,39.834093000253446],[-76.017352999887464,39.833960999897478],[-76.017455999819632,39.833713000235974],[-76.017383999849599,39.833487999815617],[-76.017377000176921,39.833464999679002],[-76.017285999940313,39.833137999842862],[-76.017111999863047,39.832643000147826],[-76.017023999999495,39.832547999714748],[-76.017012000303936,39.832537999879378],[-76.016967000098077,39.832499999663796],[-76.016875999861483,39.832376999983786],[-76.016863000341019,39.832362000192802],[-76.016844999899348,39.832259000021999],[-76.016797000218787,39.832057999860133],[-76.01666199960124,39.831918999922422],[-76.016653000278737,39.831907999726752],[-76.016530000255074,39.831667999659814],[-76.01647300035367,39.831481000239464],[-76.016490000072096,39.831353999697235],[-76.016542999775567,39.831261999695556],[-76.016732999746353,39.831110000022697],[-76.017080999900912,39.830861999725464],[-76.017249000130406,39.830692000222868],[-76.01735600026052,39.83060699996885],[-76.017574999645305,39.830564000003207],[-76.017712999737569,39.830562999714935],[-76.017762999966294,39.830581000073053],[-76.018236999619234,39.83080399978823],[-76.018665000139706,39.830922999773122],[-76.018871000004026,39.830954000262871],[-76.019292999778415,39.831054000167349],[-76.019630000062321,39.831067999963039],[-76.019913999744446,39.831051000013709],[-76.020180999708131,39.830974999985855],[-76.020625000122138,39.83090899994793],[-76.020943999964373,39.83087199980487],[-76.021256000133903,39.830857999969282],[-76.021455000325545,39.83088000000528],[-76.021677000083386,39.830910999824567],[-76.021934000001337,39.830929000091551],[-76.022276000308096,39.830917999737338],[-76.022616000066733,39.83086300000943],[-76.022811999885306,39.83080399978823],[-76.022826000129001,39.830800000028681],[-76.022985999962572,39.830637999911382],[-76.023187999628945,39.830365000292943],[-76.023232999834775,39.830019000079339],[-76.023309999827688,39.829707999690115],[-76.023492000300877,39.829498999981766],[-76.023580999989335,39.829393999736496],[-76.023493999950688,39.828746000269099],[-76.023422999805589,39.828549000066928],[-76.023427000003537,39.828243000152412],[-76.023437999874204,39.828166999777508],[-76.023462999988553,39.828004999659896],[-76.023466000361594,39.827988000332304],[-76.02346800001142,39.827971000310662],[-76.023471000384475,39.827952000322036],[-76.023564000270909,39.827524000057728],[-76.023784000378924,39.827134000331988],[-76.023817999815805,39.827091000262151],[-76.024031000251128,39.826822000337216],[-76.024058000015302,39.826789000055904],[-76.024401999971886,39.826373999847988],[-76.024411000192728,39.826361999794713],[-76.024679999806239,39.82600100031658],[-76.024824999571194,39.825828000131324],[-76.025146999786472,39.825441999818629],[-76.025499999963884,39.825109000289046],[-76.025865999661775,39.824769999669527],[-76.026310999900701,39.824468000299603],[-76.027033999973995,39.824153000161623],[-76.027563999703389,39.824050999794267],[-76.027606000434503,39.824036999948454],[-76.028772000198558,39.823935000098821],[-76.029603000226871,39.823905000276596],[-76.029670000174022,39.82391299990848],[-76.029830000007593,39.823932000324163],[-76.030231999690514,39.823973000222828],[-76.030482999760665,39.824104999764103],[-76.030671999906559,39.824263999658825],[-76.030818000394731,39.824393000266333],[-76.031471000147803,39.824844999981195],[-76.031750999631981,39.825039000039666],[-76.032056999953738,39.825197000166241],[-76.03239199968948,39.825454999705379],[-76.033099999694144,39.825987999843214],[-76.033764000216181,39.82627499969071],[-76.034083999883322,39.826316000260974],[-76.035094999836687,39.826444999775369],[-76.035556999794039,39.826619000132531],[-76.035627000114232,39.826645000148076],[-76.035929000238013,39.826621999789872],[-76.0365819999911,39.826868999874243],[-76.036936999818337,39.826884999826753],[-76.037635999602173,39.826916999720588],[-76.03767099976227,39.826844999938523],[-76.037943999573741,39.826261999959101],[-76.03795299979457,39.825909000044938],[-76.037809999679439,39.825527000254155],[-76.037703000447635,39.825295999807096],[-76.037561000157396,39.82499300031008],[-76.037500000058031,39.824860999715135],[-76.037453000202376,39.824760999764614],[-76.037319000308074,39.824526000066847],[-76.03724200031516,39.824420000122196],[-76.037053000169294,39.824162999837768],[-76.036878000267109,39.823923000309485],[-76.036306999631478,39.823317000288128],[-76.035869999788474,39.822932999776114],[-76.034004000415692,39.821323000213475],[-76.033968000430676,39.8212920002074],[-76.033118000135801,39.820497999670657],[-76.032468999682365,39.819790999763732],[-76.031825999975041,39.818990000075566],[-76.031384999934076,39.818287000322016],[-76.031071999939627,39.817526000170119],[-76.030942000243286,39.816538000227922],[-76.030943999893111,39.815829999788512],[-76.031023000434146,39.815099000260574],[-76.031071000114736,39.814766000288124],[-76.030779999861579,39.814191000018774],[-76.030742000226752,39.814130000295997],[-76.030425000034356,39.81361499992434],[-76.029825999809646,39.813186000207395],[-76.029592000356232,39.812998000311183],[-76.029619999945311,39.812730000274897],[-76.029925000442148,39.812505000137875],[-76.030472999714917,39.812333000339933],[-76.030614000180236,39.812284000102096],[-76.030755999572136,39.812238000114604],[-76.031006999642301,39.812141000025072],[-76.031174000046889,39.812075999703531],[-76.031184999917528,39.812072000233719],[-76.031839000393845,39.812066000338611],[-76.032725999600331,39.812232000233948],[-76.033159999968589,39.812390999998932],[-76.033416999886526,39.812476999879138],[-76.033683000025334,39.812515000128911],[-76.03390200030843,39.812546999814522],[-76.034166999723993,39.812534000245925],[-76.03443799988564,39.812516999850963],[-76.034566999757061,39.812439000298397],[-76.034867000231031,39.812258000172967],[-76.035191999921039,39.811863999883691],[-76.035216000210497,39.811835000182974],[-76.035426000272778,39.811199999862588],[-76.035431000295659,39.811028000249522],[-76.035432999945485,39.810946000162147],[-76.035437999968352,39.810730999956675],[-76.035437999968352,39.810645999850429],[-76.03538899956456,39.810073999998522],[-76.035264999715992,39.809820000277945],[-76.035252000195513,39.809802999901791],[-76.035174000377694,39.80970100031692],[-76.035129999996769,39.809642999768336],[-76.035119000126116,39.809633999952467],[-76.035105999707326,39.8096199999299],[-76.035068999897405,39.80957400022988],[-76.03503799993527,39.809518999978131],[-76.035027000064616,39.809488000168102],[-76.035022000041749,39.809453999937467],[-76.035017000018868,39.809380999892895],[-76.035017000018868,39.809343999887972],[-76.035042999958151,39.808873999826758],[-76.035053000003884,39.808684999951957],[-76.035057000201846,39.808651999931435],[-76.035059999676577,39.808617000059733],[-76.035068999897405,39.808499999925409],[-76.035071000445541,39.808482999912911],[-76.035082000316194,39.808386000045346],[-76.035087000339075,39.808348000273348],[-76.035094000011753,39.808290999885898],[-76.035105999707326,39.808230999681214],[-76.035110999730193,39.808202999751821],[-76.035123000324077,39.808143000160413],[-76.035155000111132,39.808028999688382],[-76.035195000294095,39.807899000178494],[-76.035212999837441,39.807844999895785],[-76.035248999822457,39.807737999823672],[-76.035278000134781,39.807663000163991],[-76.035300999701008,39.807604000033784],[-76.035336999685995,39.807511999975368],[-76.035360000150547,39.8074629997515],[-76.035478999976235,39.807214999674088],[-76.035500999717542,39.807144999829809],[-76.035610000395792,39.806869000202859],[-76.035703000282211,39.806634999996263],[-76.035741999741958,39.806537000333712],[-76.035796000168645,39.806400999683362],[-76.035831000328741,39.806308000134088],[-76.035858000092915,39.806240999913356],[-76.035926999689892,39.806092999915407],[-76.035941999758506,39.806063999850515],[-76.036000000383126,39.805946000245513],[-76.036023999774272,39.805896000328453],[-76.036089999896504,39.805770000072428],[-76.036149000346043,39.80567199986708],[-76.036203999699325,39.805593000177225],[-76.036935999993418,39.804411000085189],[-76.036997999917716,39.804285999849029],[-76.037110999895617,39.804037000059473],[-76.037253000185828,39.803825000292917],[-76.037315999935032,39.803694999735193],[-76.037391000278092,39.803511000075694],[-76.037454999852201,39.803367999692782],[-76.037510000103794,39.803269000209021],[-76.037578999700756,39.803158999925351],[-76.037691999678657,39.802979000210826],[-76.037756999975997,39.802880000166994],[-76.037817000250428,39.802793000010837],[-76.038124000397119,39.802336000143214],[-76.038337999759037,39.802006999821522],[-76.038500999965649,39.801730000255766],[-76.03858499963124,39.801618000231649],[-76.038673000393104,39.801514000193841],[-76.038752000035828,39.801429999756451],[-76.038911999869384,39.801289999949731],[-76.039023000197474,39.801222000335144],[-76.039163999764469,39.801165000251139],[-76.039296999833851,39.801123999858852],[-76.039408999986861,39.801099999904025],[-76.039590999561739,39.801073999885979],[-76.039660000057026,39.801069999776161],[-76.039747999920579,39.801071999831116],[-76.04022300029672,39.801120999778703],[-76.04023900019024,39.801132000071973],[-76.040362000213875,39.801196999698725],[-76.040485000237553,39.801276000298472],[-76.040641999698053,39.801384000097904],[-76.040808000277735,39.801507000046264],[-76.040987000377868,39.801634999871197],[-76.041051999776883,39.801676999977481],[-76.041199999914895,39.801781999785973],[-76.041378000190122,39.80190000032583],[-76.041560999589919,39.802015999945652],[-76.041784999895896,39.802162999736055],[-76.042169999860377,39.802402000020273],[-76.042312000150588,39.802486999967286],[-76.042394000166354,39.802529000243339],[-76.042466000136386,39.802572999814878],[-76.042673999650518,39.802674000309082],[-76.04279300037453,39.802717999787852],[-76.04361000015912,39.802995000204547],[-76.045719999929403,39.80377800017807],[-76.04662399975264,39.803961999813154],[-76.047530999948918,39.804008999802228],[-76.048286999634158,39.803967999725408],[-76.048756000162527,39.803802999876055],[-76.049161000218476,39.803533999887527],[-76.049413999938466,39.803142999969779],[-76.049634999871415,39.802852000128745],[-76.049763999742837,39.802687999675726],[-76.049746000199491,39.80242800022635],[-76.049593999863518,39.80230599986443],[-76.049471999664789,39.802208000242899],[-76.048981000293423,39.802044000324329],[-76.04878100027689,39.801977000089359],[-76.048503000442523,39.801901000341253],[-76.047720999919719,39.801687000163334],[-76.046684999852005,39.801363000303546],[-76.04573800037106,39.80098900026276],[-76.045041000237049,39.800412999974704],[-76.044394000331764,39.799630999691196],[-76.043970999834144,39.798749999709258],[-76.043785999886225,39.798165000055583],[-76.043507000226953,39.797852000293872],[-76.043421999838159,39.797834000334809],[-76.042995999865795,39.797741000241295],[-76.042420000105608,39.797663999875688],[-76.041919999615118,39.797456000106486],[-76.041486999970061,39.797253000123355],[-76.041364999771318,39.797196000200522],[-76.041316000265851,39.7971460001325],[-76.041241999747683,39.797067999705256],[-76.041256999816298,39.796947000274379],[-76.041379999839947,39.796627999938764],[-76.041462999680633,39.796535999688246],[-76.041517000107291,39.7964849997364],[-76.041620999864364,39.796384999910536],[-76.042016999699499,39.796028000050136],[-76.042127000202669,39.795911999992441],[-76.042167000385632,39.795877999950335],[-76.042221999738913,39.795861999681122],[-76.042293999708917,39.795841999684484],[-76.042357000356446,39.795677999768543],[-76.042529999710467,39.79545899969613],[-76.042578000289367,39.79536300020095],[-76.042606999703366,39.795320999689437],[-76.042692999917094,39.795166000242055],[-76.042800999872142,39.794999999863244],[-76.043381999655182,39.794376000036308],[-76.043717000289249,39.794224999657764],[-76.043934999849128,39.794100000231779],[-76.044125999644834,39.794011999881207],[-76.044144000086519,39.794003000089965],[-76.044320999638515,39.793920999713976],[-76.044459999555698,39.793800999711465],[-76.044493000065955,39.793753000204013],[-76.044560000013107,39.79367799978489],[-76.044586999777309,39.793656000263077],[-76.044674999640847,39.79358400014732],[-76.044755000006788,39.793526999944731],[-76.044775999923189,39.793505999821825],[-76.044804000410593,39.793499000239592],[-76.044847000068302,39.793469000247086],[-76.044927000434242,39.793414000226832],[-76.044986999810376,39.793340999717927],[-76.045041000237049,39.793258999933158],[-76.045126999552465,39.79316300012831],[-76.045103999986239,39.793033000121511],[-76.044991000008338,39.792920999738051],[-76.044786999793828,39.792756000301544],[-76.044626000135366,39.79262899997628],[-76.044401000004456,39.79228399974054],[-76.044236000148018,39.792168000270941],[-76.044067000093605,39.792115999683581],[-76.043945999719782,39.792068999848887],[-76.043774000190652,39.791980999660872],[-76.04364000029635,39.791890000257958],[-76.043552000432811,39.791778000084207],[-76.043511000424942,39.79166100028722],[-76.043460000371297,39.791486999778691],[-76.043488999785311,39.791369000008473],[-76.043636999923308,39.791241999883397],[-76.043959999963491,39.79109599969992],[-76.044508000134584,39.790869000198633],[-76.045170000108499,39.790574000159289],[-76.04580100012025,39.790384999682111],[-76.046012000007437,39.790350999668973],[-76.046288000191964,39.790340999905567],[-76.046561999828342,39.790294999732566],[-76.046631000323629,39.790283000282564],[-76.046651000415125,39.790279999729513],[-76.046944000318078,39.790234999700772],[-76.04726800018318,39.790071999718322],[-76.04778799986687,39.789773999827609],[-76.048161999960683,39.789544000210626],[-76.048382000068713,39.7893619996686],[-76.048525000183844,39.789240000287315],[-76.048587000108114,39.789079999933435],[-76.04862300009313,39.788889999978998],[-76.04865300023036,39.788631000343912],[-76.048766000208275,39.788284000338642],[-76.048901999752388,39.787948000294847],[-76.049028999973984,39.787638999798418],[-76.049146000149861,39.787382000048446],[-76.049245999708972,39.787016999927459],[-76.049333999572525,39.786651999940872],[-76.049393000022064,39.785711999798181],[-76.049521999893486,39.785381999772035],[-76.04963300022159,39.785052000234138],[-76.049642000442404,39.784617000182088],[-76.04963300022159,39.784316000010527],[-76.04963099967344,39.784049999870639],[-76.04967800042742,39.783784000083038],[-76.049696999795685,39.783760999879242],[-76.049846999583522,39.783580000198],[-76.050133999638689,39.783237000026261],[-76.05052899964889,39.782792999667954],[-76.05072199999276,39.782619000201457],[-76.05104900023089,39.782392000343158],[-76.051257999569955,39.782270999948501],[-76.051429999997396,39.782166000038316],[-76.051877999711067,39.781969000254612],[-76.052183000207904,39.781874000188843],[-76.052283999591921,39.781863000267265],[-76.052487999806416,39.781838000187797],[-76.05281300039475,39.781856999807168],[-76.053114999620234,39.78175900004279],[-76.053378000284283,39.781677999878582],[-76.05363500020222,39.781599000240249],[-76.054098999809412,39.781358000215135],[-76.054493999819627,39.78108300027548],[-76.054504999690266,39.781074999801397],[-76.054528000154818,39.781054000019516],[-76.054621000041223,39.781011999746063],[-76.055139000075073,39.780523999686821],[-76.055200999999371,39.780462999781307],[-76.055211000045105,39.780452999961391],[-76.055387999597116,39.780279000100798],[-76.055646000238298,39.780162999719209],[-76.055846000254832,39.780139999685758],[-76.055929999920409,39.780129999818911],[-76.056103000172783,39.780110000080853],[-76.05658000019875,39.780125000230157],[-76.057080999615863,39.780056000068711],[-76.057571000060619,39.780011000256316],[-76.058038999865772,39.779949999896061],[-76.058397000066051,39.779860999748728],[-76.058556000074717,39.779692000083017],[-76.058717999558098,39.779437000328848],[-76.058782999855438,39.779068999821938],[-76.059142999705557,39.778384000100779],[-76.059674000158211,39.777468999834873],[-76.060051999551675,39.776779000235557],[-76.060311000017748,39.776329999768699],[-76.060371000292207,39.77614499969453],[-76.060408000102129,39.776031999733021],[-76.060444000087131,39.775919999979088],[-76.060455999782704,39.775868999932115],[-76.060430999668341,39.775653999833089],[-76.060404999729073,39.77549900026024],[-76.060427000368705,39.775430000293596],[-76.060419999797688,39.775381999705658],[-76.06041099957686,39.775364999791435],[-76.060429999843421,39.775201000078638],[-76.060523999554775,39.775010999771162],[-76.061604999828305,39.774155999836871],[-76.061675999973431,39.77411499991554],[-76.061726000202142,39.774086000175359],[-76.062015999732054,39.773919000290995],[-76.062246999710737,39.773712999999525],[-76.062527000093226,39.773334999791707],[-76.063348999900683,39.772468999709524],[-76.064564000068557,39.77118899967445],[-76.064889999583485,39.770683000230797],[-76.064923000093756,39.77028299986415],[-76.06466799982563,39.769634999681969],[-76.064303999777565,39.768864000207536],[-76.064086000217671,39.768347000235536],[-76.063897000071776,39.767900000332901],[-76.063767000375449,39.767592000089032],[-76.063651000024493,39.767391000020851],[-76.06362699973505,39.767352999694623],[-76.063278999580504,39.766794999975936],[-76.063208000333688,39.766658000313761],[-76.063185999694085,39.766614999703343],[-76.062984999852631,39.766227000062514],[-76.062691000124758,39.765659000296758],[-76.062666000010395,39.765610999800344],[-76.062467999643673,39.765097999698469],[-76.062462999620791,39.764957999835929],[-76.062459000321155,39.764845000153628],[-76.062511000199706,39.76472099969601],[-76.062602000436286,39.764500999960724],[-76.062695000322719,39.764380999746031],[-76.062757000246989,39.764300999716937],[-76.062783000186272,39.764267999807274],[-76.062789999858964,39.764259000268645],[-76.062795999706736,39.764250999910459],[-76.063265000235106,39.763645999996214],[-76.063696000230337,39.76311100013455],[-76.063865000284721,39.763039999710138],[-76.064014000247639,39.762976999719598],[-76.064375999747597,39.762797999717002],[-76.064528999908461,39.762651000053573],[-76.064598000403748,39.762564000119049],[-76.064682999894231,39.762457000040889],[-76.064717000229436,39.762284000162978],[-76.064723999902128,39.762208999969076],[-76.064725999551953,39.762181999851684],[-76.064738000145823,39.762053999815919],[-76.064891000306702,39.761884000026434],[-76.065017999630001,39.761788999859732],[-76.065046999942311,39.761767999717947],[-76.065224000392647,39.761690999833874],[-76.065409000340566,39.76157499989084],[-76.065605999984044,39.76144800002082],[-76.065739000053441,39.761357000290708],[-76.065867000099971,39.761248999802326],[-76.066077000162252,39.761072999896832],[-76.066194000338101,39.76095000016273],[-76.066437000012343,39.760647000217404],[-76.066561999685831,39.760475999789683],[-76.066584000325449,39.760346000177869],[-76.066607999716581,39.760101999829622],[-76.066684999709466,39.759968999708732],[-76.066784000341997,39.759898000188045],[-76.066871000380644,39.759844000202072],[-76.067016999970491,39.759775999673593],[-76.067184000375079,39.759723000220482],[-76.067427000049321,39.759649999877666],[-76.067560999943623,39.759647999999622],[-76.067743000416826,39.759668000158541],[-76.067889999831593,39.759708999706646],[-76.067995000311896,39.759762999798475],[-76.068171000038987,39.759815999911375],[-76.06825800007762,39.759836000021508],[-76.06835599998692,39.759853000317769],[-76.068519000193533,39.759939000289798],[-76.068602999859124,39.759932999990092],[-76.068617000102819,39.75993200005518],[-76.068802000050738,39.759966999839953],[-76.068898000310213,39.759961000233218],[-76.069000000417475,39.759943000028919],[-76.069023999808607,39.759943000028919],[-76.069070999664262,39.759942000094156],[-76.069238000068836,39.759887000207122],[-76.069460999651611,39.759844000202072],[-76.069833999920505,39.759922000014761],[-76.070735000269011,39.760152999818196],[-76.071769999613494,39.760495999708183],[-76.072086999805904,39.760612000087725],[-76.07241900006693,39.760732999888447],[-76.072954999644139,39.760893999778723],[-76.073816999634587,39.761172999945387],[-76.074425000080112,39.761320999916528],[-76.075090000427068,39.761456000014107],[-76.075694999601254,39.761581000047471],[-76.076441000139056,39.761807000272064],[-76.076461000230552,39.761812999717939],[-76.076492000192687,39.761807000272064],[-76.07651999978178,39.761802000042898],[-76.076538000223437,39.761797999721182],[-76.077108000135823,39.761824000081766],[-76.077517000389733,39.761817999946302],[-76.077597999682297,39.76181899985383],[-76.078304000037122,39.761805999673818],[-76.078644999620664,39.761844000299327],[-76.078683999978708,39.761847999927809],[-76.079136999715246,39.761899000004433],[-76.079567999710477,39.761963000196118],[-76.079720999871341,39.761915999791427],[-76.079853999940724,39.761875000176161],[-76.080427000226166,39.761665000113645],[-76.081177000063633,39.761526000088331],[-76.081851999557998,39.761351000114551],[-76.08212699991762,39.761089999887687],[-76.082291999774057,39.760983000281399],[-76.082479000270126,39.760862000229373],[-76.082598000095814,39.760785999945334],[-76.083178999878868,39.760240999966982],[-76.083824999959248,39.759454999755448],[-76.084103999618506,39.75904400033496],[-76.084352000213926,39.758644000024063],[-76.084421999635808,39.758252999786428],[-76.084425000008864,39.758243000192799],[-76.084431999681541,39.758214999941707],[-76.084436999704423,39.758196999971602],[-76.084536000336939,39.757828999858241],[-76.084640000093998,39.757625999667283],[-76.084650000139774,39.757607000265168],[-76.084723999759603,39.757461999821132],[-76.08507799976195,39.757040999788074],[-76.08529600022014,39.756854999692031],[-76.085316000311622,39.756838000036915],[-76.085398000327388,39.756769000012433],[-76.085523000000876,39.756512000313982],[-76.085671999963765,39.75623999983037],[-76.085794000162508,39.755890000197155],[-76.085702000101008,39.755674999856311],[-76.085492999863632,39.755462000225243],[-76.085114999571857,39.755075999906012],[-76.084762000292756,39.754869999862969],[-76.084349999665804,39.754774999689232],[-76.084033000371704,39.754720999830113],[-76.083645999859087,39.754577000228998],[-76.083412000405687,39.754421000148753],[-76.083357999979,39.754385000292544],[-76.083311999948251,39.754332000143897],[-76.083275000138329,39.75428900012362],[-76.083264000267661,39.754252000181054],[-76.083209999841003,39.754216000236575],[-76.08313600022116,39.754130000024361],[-76.083081999794487,39.754012999756014],[-76.082997000303976,39.753826999770283],[-76.082619999837121,39.753090999913539],[-76.08259899992072,39.75304999987889],[-76.082704000401023,39.752749999826094],[-76.083292999681674,39.752058999669707],[-76.083701000110679,39.751286000106077],[-76.083987000340954,39.750957000154791],[-76.084194999855086,39.750464000080626],[-76.084243000433986,39.750044000173453],[-76.084250000106678,39.750000000159964],[-76.084274000396121,39.749855999668199],[-76.084333999772255,39.749491000142996],[-76.084320000426871,39.749210000127654],[-76.084352000213926,39.748885000312647],[-76.08436499973439,39.748758999931539],[-76.084306000183176,39.748488000013886],[-76.084333999772255,39.748342000299452],[-76.084423000359038,39.748210999781406],[-76.084661000010414,39.747770999798],[-76.085051999822667,39.747359000298758],[-76.085514999604939,39.746924999761021],[-76.085839000368352,39.746628999793167],[-76.08652599955829,39.746003999813986],[-76.086774999978644,39.745788999698547],[-76.086904999674985,39.745691999841277],[-76.088032999804199,39.744931999893168],[-76.088698000151155,39.744666000210202],[-76.089191999895576,39.744438000059354],[-76.089387999714134,39.744348000119309],[-76.089651000378197,39.744218999931149],[-76.089874999785877,39.744141000294597],[-76.090130000054003,39.744010000077544],[-76.090157999643083,39.743994999657168],[-76.090269999796092,39.743961999687869],[-76.09035299963675,39.743927000058946],[-76.090401000215664,39.743904999829233],[-76.090585000338663,39.743793000308962],[-76.091024999656398,39.743577000029333],[-76.09203999980771,39.743115999850822],[-76.092608999895205,39.742931000326486],[-76.092986000362075,39.742829999857534],[-76.093510000243711,39.742753000214421],[-76.094034999950253,39.74273299997909],[-76.09462400012923,39.742788999932699],[-76.095293999600727,39.74290899977872],[-76.09569600018196,39.742965000280037],[-76.095998000305755,39.742981999905197],[-76.096302000079362,39.743002000068252],[-76.096629000317506,39.743037999656444],[-76.096877000014629,39.743111000336945],[-76.097008000434215,39.743239999836511],[-76.097260000329271,39.743534000203049],[-76.097441000079243,39.743869000003258],[-76.097683999753485,39.74401299988493],[-76.097821000020829,39.744066999849323],[-76.097902000211675,39.744191000195748],[-76.097963000311054,39.74433299977251],[-76.098202999612255,39.744767000060151],[-76.098410000199792,39.745143000012277],[-76.098515999606718,39.745340000194993],[-76.098607999668218,39.745486000054626],[-76.099108000158736,39.745736999984317],[-76.099520999712283,39.745844999931414],[-76.099816999988292,39.745896000116176],[-76.100135000005608,39.745852999664905],[-76.100335999847061,39.745721999939903],[-76.100467000266633,39.745525000158715],[-76.100602999810746,39.745007999712648],[-76.100805000375431,39.744392999758659],[-76.100903000284717,39.743850000260245],[-76.10094199974445,39.743490999659194],[-76.100910999782329,39.743321999815791],[-76.100744000276066,39.743108999978702],[-76.100657000237419,39.742877000162579],[-76.100642999993724,39.742687999946412],[-76.100677000328915,39.742472999844999],[-76.100831000314699,39.742171999819455],[-76.100997999820962,39.741807999847424],[-76.101192999814629,39.741479000224182],[-76.101474999846928,39.741027999846914],[-76.101798999712045,39.740575000230798],[-76.101971999964405,39.740214000085047],[-76.102049999782196,39.739884000224237],[-76.101952999697829,39.739531999920359],[-76.101787999841392,39.739320999888974],[-76.101590000372994,39.739103999860525],[-76.101053999897459,39.738891999659927],[-76.100749000298933,39.738759000032104],[-76.100413999664866,39.738575999662388],[-76.10004600031715,39.738224000276347],[-76.099715999705964,39.738026000220174],[-76.099415000305385,39.737939999830218],[-76.099006999876394,39.73794900004475],[-76.098723000194255,39.738021999899203],[-76.098437999788899,39.738056000202448],[-76.098197999589388,39.738012999694206],[-76.097902000211675,39.737923000342846],[-76.097697000172275,39.737865000069242],[-76.097670000408101,39.737857000099112],[-76.097629000400232,39.73783999990048],[-76.097327000276422,39.73771299978749],[-76.096795999823783,39.737531999923675],[-76.096495000423204,39.737364999807063],[-76.096389000118009,39.7373220002493],[-76.096343000087245,39.737301999819302],[-76.096188000276541,39.737235999671626],[-76.095562000287657,39.73682400004256],[-76.095025999812137,39.736433000296557],[-76.094418000264895,39.735995000273789],[-76.09341300015933,39.735028999800775],[-76.092943999630947,39.734624999759973],[-76.092720000223281,39.734358999668075],[-76.092592000176765,39.73418699999192],[-76.0925310000774,39.733998000121957],[-76.092507999612863,39.733799999669458],[-76.092619999765859,39.733533999847957],[-76.092932999760308,39.733207999690109],[-76.093317999724775,39.732817000156416],[-76.093675000100149,39.732448000226732],[-76.093998000140331,39.732117999795953],[-76.094132000034634,39.731985000222402],[-76.094583999946266,39.73147399976488],[-76.094968999910719,39.731083000067628],[-76.095276999882302,39.730573000193516],[-76.095605999770271,39.730135000240395],[-76.095818000380703,39.729873000196946],[-76.096124999629041,39.729571999719631],[-76.096382000445303,39.729339999930737],[-76.096762000386903,39.729087000310273],[-76.097716000438851,39.728563999942914],[-76.098564000185604,39.728103999914943],[-76.09946299998596,39.727661999934533],[-76.099887000308485,39.72744299969473],[-76.100390000273748,39.726997000042971],[-76.100919000178237,39.726516000089546],[-76.101248999891126,39.726129999963753],[-76.101539000319349,39.725670000278001],[-76.101689999932091,39.725420999987982],[-76.101747999658414,39.725277999697973],[-76.101694000130053,39.725029999815639],[-76.101674999863477,39.724865999760105],[-76.101675999688396,39.724602999973143],[-76.101765000275165,39.724368000074087],[-76.101776000145819,39.724308999688425],[-76.101791000214433,39.724270999776365],[-76.10201399979718,39.724126000337641],[-76.102479000127602,39.724033000141659],[-76.10304099964408,39.724001000052652],[-76.103176000261612,39.72398900010181],[-76.103470999814391,39.724004000040011],[-76.103988999848241,39.723954999769106],[-76.104510000255146,39.723950000247115],[-76.10520099964306,39.72398099990307],[-76.105835000027866,39.724088000324734],[-76.106193000228174,39.724223000148399],[-76.106287999764405,39.724269000253166],[-76.106423000381923,39.724405999932685],[-76.106553000078279,39.724580999793098],[-76.106832999562457,39.72475099974551],[-76.107471999970116,39.725093999714687],[-76.10795999986675,39.72537400021529],[-76.108360999724738,39.725779000321822],[-76.108971999645021,39.726226999718968],[-76.109582999565291,39.726719000058289],[-76.110113000193039,39.727165999846164],[-76.110643999747367,39.727603000294856],[-76.110919999931909,39.727864000274025],[-76.11107800011564,39.72808000005756],[-76.111186000070674,39.728346999900644],[-76.111176999849846,39.728520999730918],[-76.111034999559621,39.728882000324703],[-76.110887000319934,39.729208000214548],[-76.110585000196139,39.729520999889566],[-76.110344000171722,39.729780000153077],[-76.110330999752918,39.729793999840851],[-76.11016400024667,39.730131000152255],[-76.109944999963545,39.730540999685495],[-76.109712000335037,39.731635000336652],[-76.10958099991548,39.732242999872817],[-76.109426999929681,39.732783999670282],[-76.109252999852416,39.733397000344546],[-76.109148000270423,39.733769000283296],[-76.108749999887166,39.734065000226536],[-76.108502000190043,39.734483999826118],[-76.108439000440853,39.734638999845473],[-76.108564999939247,39.734835999661158],[-76.108846999971561,39.734970000248538],[-76.109025000246788,39.735072999703263],[-76.109647000037711,39.735490000194979],[-76.110031000177258,39.735682999884936],[-76.110370999935895,39.735866999930877],[-76.110657999991091,39.73602100001218],[-76.110960000114872,39.736174999749451],[-76.111143000412966,39.736243000089118],[-76.111302000421631,39.736298000203043],[-76.111457000232335,39.736365000144346],[-76.111779000447598,39.736488000258852],[-76.112053000084003,39.736586000221045],[-76.112629999669082,39.736812999830931],[-76.11361600040641,39.737124999940185],[-76.113864999928424,39.737155000314651],[-76.113999999647646,39.73713900020865],[-76.11407199961765,39.737064999842886],[-76.11413600009007,39.737007999805677],[-76.114331999908657,39.736886999776445],[-76.114666999644413,39.736763000102755],[-76.115056999631761,39.736644000189429],[-76.115357000105718,39.736596000195256],[-76.115609999825708,39.736609999880415],[-76.115964999652945,39.736632999949066],[-76.116255000081182,39.736649000172527],[-76.116421999587445,39.736642000334264],[-76.116669000357973,39.736596999778108],[-76.11705400032244,39.736458999869726],[-76.117234000247493,39.736425999745542],[-76.117474000447004,39.736443999878027],[-76.118518999837235,39.736553000157713],[-76.118919999695223,39.736584999947226],[-76.119217999621071,39.736556000289717],[-76.119481000285091,39.73649199997805],[-76.119719999761372,39.736420999746308],[-76.119923999975896,39.736363999867315],[-76.120206000008196,39.736150999938616],[-76.120425000291306,39.735790999701138],[-76.120579000277104,39.735381999907148],[-76.120651000247136,39.735128000059994],[-76.120635000353587,39.73483800025955],[-76.120565999858314,39.734451000138002],[-76.120525999675337,39.734206000326658],[-76.120433999613823,39.734051000024465],[-76.120421999918264,39.734031000026945],[-76.120385000108328,39.733983999906265],[-76.120356999620938,39.733919999969729],[-76.120272000130427,39.733742999695416],[-76.120211999855982,39.733373000257259],[-76.120086000357603,39.733116000324472],[-76.119975000029513,39.73286899994843],[-76.119893000013747,39.732631999927484],[-76.11982500024169,39.732376999974342],[-76.119780000035846,39.732121999768736],[-76.11977800038602,39.731930000121181],[-76.12001500021249,39.731651999993211],[-76.120299999719521,39.731325999915938],[-76.12048700021559,39.731087000100473],[-76.120537000444301,39.730782999704573],[-76.120477000169856,39.730485999813865],[-76.120303999917482,39.729847999892925],[-76.120097000228256,39.729505000084131],[-76.119786999708523,39.72892399992655],[-76.119749999898616,39.72878700024259],[-76.119637999745621,39.728385000329865],[-76.119537000361603,39.728117999943045],[-76.119446999949929,39.727902000278625],[-76.119334999796934,39.727678000167685],[-76.119103999818236,39.727147000334561],[-76.11880500006751,39.726724999796417],[-76.118521000385371,39.726431999999122],[-76.118353000155878,39.726064000173409],[-76.118278999637724,39.725759999737093],[-76.118225999934268,39.725412000210419],[-76.118236999804921,39.725084999894385],[-76.118304999576992,39.724808999999141],[-76.11848399967711,39.724466999752849],[-76.118727000249706,39.724010000014388],[-76.118849000448435,39.723749999724589],[-76.118980999794601,39.723591000318621],[-76.119096000320638,39.723504999883112],[-76.119195000054845,39.723443999902806],[-76.119261000177062,39.723434999867187],[-76.119343000192842,39.723424000282662],[-76.11958900024014,39.723395999699164],[-76.11973200035527,39.723378000305125],[-76.119771999639937,39.723376000065102],[-76.120400000176957,39.723303999676112],[-76.120452000055494,39.723303999676112],[-76.120806999882717,39.723330000055547],[-76.121459999635803,39.723364000005489],[-76.122252000204369,39.723406999979105],[-76.122494999878612,39.723495999855409],[-76.122807999873061,39.723769000172268],[-76.122976000102554,39.724068000200432],[-76.123177999768913,39.724432999655839],[-76.123469000022041,39.724780000223859],[-76.12385800018447,39.725161999930897],[-76.12427199956295,39.725472000087315],[-76.124540000249866,39.725742000269221],[-76.124623000090551,39.725904999885088],[-76.124653000227767,39.725988999926649],[-76.124657000425728,39.726267999823747],[-76.124659999900459,39.726328000337581],[-76.124711999778995,39.726605999826127],[-76.124967000047135,39.72681099967032],[-76.125343999615666,39.726959999953138],[-76.125762000090418,39.726942999830477],[-76.12630000021575,39.726967000083697],[-76.126626999555597,39.72698999991546],[-76.126860000082416,39.72708899997496],[-76.127183999947519,39.727371000098032],[-76.127619999965603,39.727562000293034],[-76.127823000355193,39.727596999942236],[-76.127841999723444,39.7275929997069],[-76.127886000104382,39.727608000242874],[-76.128261999848007,39.727656999990437],[-76.128606999629525,39.727625999914508],[-76.128722999980468,39.727615000307651],[-76.129239000364493,39.727485999888167],[-76.129708999819456,39.727307999957461],[-76.130007999570225,39.727216000317696],[-76.130198000439322,39.727219000165178],[-76.130441000113578,39.727204000235474],[-76.130990000109577,39.727212000060206],[-76.131410000234155,39.72718299991385],[-76.131910999651254,39.727175999805219],[-76.132389000400451,39.727130999978172],[-76.132739000204808,39.727125999995572],[-76.13334599992713,39.727187000172968],[-76.133396999980775,39.727194000280541],[-76.133744000310386,39.727200999696436],[-76.134044999710966,39.727170999825873],[-76.134365000276404,39.727058000334502],[-76.134601000277982,39.726907000125927],[-76.1349069997014,39.72657999999106],[-76.135059999862293,39.726452000128631],[-76.135398999795981,39.726275999757128],[-76.13579100033148,39.726064000173409],[-76.135951999989956,39.725973999729341],[-76.136091999732031,39.725880000214865],[-76.136206000433177,39.725822000171213],[-76.136450999757244,39.725681999936299],[-76.136618999986723,39.725418999807218],[-76.136671999690179,39.725268000154571],[-76.136659000169701,39.725090000024998],[-76.136633000230432,39.724800000141691],[-76.136483000442595,39.724290999841777],[-76.136393000030921,39.723751000184649],[-76.136338999604234,39.723440999891075],[-76.136316999862942,39.723243000208988],[-76.136117999671313,39.722715999903798],[-76.135917999654765,39.722260000097315],[-76.135909000332248,39.72223900034269],[-76.135818000095654,39.722030999960154],[-76.13572699985906,39.721823000332144],[-76.135582999919023,39.721553000005464],[-76.135484000184803,39.721147000144747],[-76.13533199984883,39.721147999951619],[-76.131678000022745,39.721176999872448],[-76.12822400021318,39.72120400016901],[-76.127738999791291,39.721208000084104],[-76.127676000042086,39.721208000084104],[-76.127604000072083,39.721208999890095],[-76.127512000010583,39.721209999696057],[-76.127413000276377,39.721211000192973],[-76.125623999998155,39.721225000238825],[-76.124396000309829,39.72123499967757],[-76.124358999601569,39.721225000238825],[-76.124223000057455,39.721227999655987],[-76.124078000292499,39.721232000260656],[-76.124032000261749,39.721237999785266],[-76.121868999889713,39.721254999932597],[-76.121386000015946,39.721258000039469],[-76.121304000000194,39.721258999844721],[-76.120683000034163,39.721264000252773],[-76.119884999617838,39.721271000270647],[-76.117723999793938,39.721287999718875],[-76.116236999639511,39.721299000335087],[-76.115910000299678,39.721301999749038],[-76.11462599963653,39.721311999867588],[-76.108682000115095,39.72135900033615],[-76.102467000432043,39.721407999687976],[-76.086313000021278,39.721483000080845],[-76.081171000215846,39.721507000161743],[-76.079886999552699,39.72151299966243],[-76.073926000312838,39.721539999827392],[-76.067964000349761,39.721567999782607],[-76.066233999622767,39.721576000261294],[-76.060423000170744,39.721601999910355],[-76.054611999820381,39.721626999749766],[-76.054388000412715,39.721628000240628],[-76.054163000281818,39.721629000040529],[-76.053940999625667,39.721629999840403],[-76.053718999867812,39.721631000331229],[-76.053299999568154,39.72163200013113],[-76.050949999598373,39.721640999711106],[-76.048599999628593,39.721649999980919],[-76.048064999876303,39.721652000271014],[-76.047530000124013,39.721653999870142],[-76.045549000225165,39.721660999848417],[-76.043568000326331,39.721669000316282],[-76.039777000232874,39.721684000068237],[-76.035986000139431,39.721698000018009],[-76.035606000197831,39.721700000306711],[-76.03522700008115,39.721701000105611],[-76.033021999876325,39.721709999676584],[-76.030818000394731,39.721718000138793],[-76.028660999870482,39.721725999909076],[-76.027746000176592,39.721728999995463],[-76.027712999666321,39.721728999995463],[-76.025576000131878,39.721736999764452],[-76.021369999936724,39.721767999724392],[-76.020052999661615,39.72178300014572],[-76.0196579996514,39.721787999824819],[-76.01735600026052,39.721800000158687],[-76.016296999728254,39.721807000122155],[-76.01314900024046,39.72182700021132],[-76.002348000420653,39.721755000277795],[-76.001292000261444,39.721748000309056],[-75.999994000252912,39.721767999724392],[-75.999415000119683,39.721757999671965],[-75.998409000189184,39.721765000330656],[-75.99838099970178,39.721765000330656],[-75.998358000135553,39.721765000330656],[-75.998321000325646,39.721766000128554],[-75.998295000386378,39.721766000128554],[-75.998281000142669,39.721766000128554],[-75.997885000307548,39.721763000043829],[-75.997382000342313,39.721766000128554],[-75.997266999816247,39.721766999926459],[-75.996708999599434,39.721766000128554],[-75.996135000387397,39.72175999995892],[-75.995006000433264,39.72175999995892],[-75.993878000304051,39.721760999756903],[-75.989320999581309,39.721766000128554],[-75.984763999756879,39.721770999808889],[-75.981038999785653,39.7217749996911],[-75.98014800038122,39.721776000179815],[-75.973809999776179,39.721781999657104],[-75.967472000069478,39.721787000027227],[-75.966631999820336,39.721787999824819],[-75.965791999571181,39.72178900031335],[-75.963971000404229,39.721790000110907],[-75.962150000338966,39.721791999706042],[-75.955224000278193,39.721808999716792],[-75.950085999772398,39.721823000332144],[-75.95006200038128,39.721823000332144],[-75.9464529998627,39.72183800005061],[-75.942809999907254,39.721852999765765],[-75.937110999709901,39.721878000205123],[-75.937028999694135,39.721878000205123],[-75.936955000074306,39.721878000205123],[-75.936702000354302,39.721879000001387],[-75.931943999790121,39.721895999990693],[-75.931234000135632,39.721899000069641],[-75.927806000265349,39.721912000180033],[-75.926955000145554,39.721922000210064],[-75.926918000335647,39.721915000258278],[-75.924457999862682,39.721925000287932],[-75.923848999592224,39.721926000083521],[-75.921875000264393,39.721929999956735],[-75.919291999767808,39.72193500031613],[-75.91248799990575,39.721947999728734],[-75.912395000019359,39.721947999728734],[-75.912312000178659,39.721947999728734],[-75.912231999812718,39.721949000214941],[-75.91216200039085,39.721949000214941],[-75.909841999659974,39.721953000086828],[-75.906745000225783,39.721959000239664],[-75.902689999643385,39.721966999981987],[-75.89871500032524,39.721974999723429],[-75.89863999998218,39.721974999723429],[-75.898566000362337,39.721974999723429],[-75.896625999573047,39.721977999798924],[-75.894684999857191,39.721981999669133],[-75.893982999700313,39.72198300015485],[-75.893282000266652,39.721984999744322],[-75.892000000151654,39.721981999669133],[-75.880940999690665,39.721953999882011],[-75.876429999896999,39.721943000061231],[-75.875126999865586,39.721939999984208],[-75.874654999862486,39.721939999984208],[-75.87096599987629,39.721943000061231],[-75.867276999890095,39.721946999933458],[-75.866526000227736,39.721947999728734],[-75.865773999842133,39.721947999728734],[-75.865645999795618,39.721947999728734],[-75.865518999574007,39.721947999728734],[-75.864290999885668,39.721949000214941],[-75.863062000372423,39.721950999805458],[-75.860594000401861,39.721953000086828],[-75.858126000431312,39.721954999677173],[-75.857770999705764,39.721956000163289],[-75.857415999878526,39.721956000163289],[-75.856512000055289,39.721956999958465],[-75.855608000232053,39.721957999753599],[-75.853870999832367,39.721960000034755],[-75.852134000330992,39.72196099982984],[-75.847066999970309,39.721964999701022],[-75.841999999609641,39.72197000005788],[-75.841862000415702,39.72197000005788],[-75.84173099999613,39.721970999852822],[-75.832571000316534,39.722024999813577],[-75.831473000324536,39.722030999960154],[-75.831315999965696,39.722031999754257],[-75.830065999637739,39.722040000179057],[-75.829534000258477,39.72204300025173],[-75.829002999805837,39.722046000324326],[-75.828032000035449,39.722051999778117],[-75.827060000440142,39.722057999922349],[-75.821362000067708,39.722104999882468],[-75.819745000216955,39.72211799995403],[-75.812080000189368,39.722181999792056],[-75.810669000202935,39.722183000274875],[-75.81020800007046,39.722183000274875],[-75.809320000140772,39.722184000066719],[-75.80329100023053,39.722191999782943],[-75.802947000273932,39.722191999782943],[-75.802813000379643,39.722191999782943],[-75.801951000389209,39.722194000057364],[-75.801820999794558,39.722194000057364],[-75.801214000072221,39.722194999849052],[-75.800643000334915,39.722196000331678],[-75.800071999699298,39.722196000331678],[-75.799851999591269,39.722196000331678],[-75.799630999658334,39.722196000331678],[-75.799396000380014,39.722197000123337],[-75.798742999728631,39.722197000123337],[-75.796540999896834,39.72220000018924],[-75.796037999931599,39.722200999980835],[-75.794740999747972,39.722201999772423],[-75.790893999578032,39.7222070001121],[-75.788596000385098,39.722198999706663],[-75.784699999811352,39.722198999706663],[-75.778904000427943,39.722198999706663],[-75.774252999993877,39.722198999706663],[-75.773786000013644,39.72220000018924],[-75.773779000340937,39.722217000099405],[-75.773621999982097,39.722594999661183],[-75.773303000139876,39.723348000153052],[-75.773068999788151,39.723895999720995],[-75.772913999977462,39.724255000134377],[-75.772786999755837,39.724545000237114],[-75.772660000432552,39.724834999811094],[-75.772509999746404,39.725177000304903],[-75.772350999737753,39.725534999832803],[-75.772191999729102,39.725891999836605],[-75.771961999575325,39.726403000215591],[-75.771753000236274,39.726862000123326],[-75.771496000318308,39.727422000136748],[-75.771275000385373,39.727896999661027],[-75.771052999729221,39.728372000058101],[-75.77079699963619,39.728914000221032],[-75.770666000114929,39.729188000193673],[-75.77032399980817,39.729897000121099],[-75.770067999715124,39.730420000048198],[-75.769801999576345,39.730959000315366],[-75.7695170000693,39.731531000233439],[-75.769238000410041,39.732084999665993],[-75.768990999639513,39.732570999731919],[-75.768835999828823,39.732872999877642],[-75.768802000391958,39.732937999731391],[-75.768775999554364,39.732990000122982],[-75.768670000147466,39.733195000327832],[-75.768603000200315,39.733325000057633],[-75.768551000321779,39.733425000320644],[-75.768455000062318,39.733609000176834],[-75.76838599956703,39.733742999695416],[-75.768342000084417,39.73382600023583],[-75.768263000441678,39.733976999797349],[-75.768183999900671,39.734127000100315],[-75.768113999580464,39.734260999993531],[-75.768025999716912,39.734426999726928],[-75.767963999792642,39.734544000097806],[-75.767901999868357,39.734661000270094],[-75.767823000225633,39.734810999775341],[-75.767752000080534,39.734944000113693],[-75.767716000095533,39.735010999989576],[-75.767670999889674,39.735093999693909],[-75.767599999744562,39.735227000177005],[-75.767528999599463,39.735361000004254],[-75.76748400029193,39.735443999977939],[-75.767420999644429,39.735559999715434],[-75.767331000131065,39.735727000060763],[-75.767295000146049,39.735795000151604],[-75.767239999894457,39.735894000001416],[-75.767167999924439,39.736027000322402],[-75.767105000175249,39.736142999769541],[-75.767049999923657,39.736243000089118],[-75.766987000174467,39.736358999863533],[-75.766914000379529,39.73649199997805],[-75.766849999907123,39.736608000024219],[-75.766786000333013,39.736723999875146],[-75.766658000286483,39.736955999682102],[-75.766583999768343,39.737089000026216],[-75.766445999676066,39.737337000049862],[-75.766362999835394,39.737485999687863],[-75.766298000436379,39.737602000133471],[-75.766186000283383,39.737800000026112],[-75.766093000396978,39.737964999962706],[-75.766055999688732,39.738031000103021],[-75.766008999833076,39.73811400031537],[-75.765961999977392,39.738196999736971],[-75.765350000232218,39.739267999894146],[-75.764387999784333,39.740909999910443],[-75.76356299960382,39.742282999711129],[-75.762649999559756,39.743764000230826],[-75.761563000336736,39.745481000021925],[-75.760673999683775,39.746850000108815],[-75.760353000191728,39.747406000277302],[-75.759338000040415,39.748848000230105],[-75.758747000211628,39.749715999899152],[-75.758493999593313,39.750081000304277],[-75.75843900024006,39.750161000276599],[-75.758317999866222,39.750335000292786],[-75.758183999971919,39.750525999705346],[-75.758074000367074,39.750683999766508],[-75.757939999574461,39.750874000216989],[-75.757807000403389,39.751065000207078],[-75.757690000227512,39.751231000213103],[-75.75741599969281,39.751618000034284],[-75.757089000352977,39.752075999813712],[-75.756659000182665,39.752675000299391],[-75.756316999875907,39.753146999736117],[-75.756029999820726,39.753538999982169],[-75.755673000343663,39.754025000005171],[-75.755382999915426,39.754416000073938],[-75.755033999935989,39.75488399997927],[-75.754681999583468,39.755354000160665],[-75.754469999871361,39.755633999978556],[-75.754458000175802,39.755648999936668],[-75.754445999581932,39.755664999888381],[-75.754433999886373,39.755679999839742],[-75.75442300001572,39.755695999784315],[-75.754411000320147,39.755710999728919],[-75.754398999726249,39.755726999666237],[-75.754387000030704,39.755743000290451],[-75.754375000335131,39.755758000224823],[-75.754363999566152,39.75577400015127],[-75.754351999870607,39.755789000078884],[-75.75434000017502,39.755804999998091],[-75.754327999581136,39.755819999918955],[-75.754315999885591,39.755835999830957],[-75.754305000014924,39.755850999745121],[-75.754162999724713,39.75603799978159],[-75.754055999594598,39.756177999823691],[-75.753913000377764,39.756363999676246],[-75.75379399965378,39.756519000205607],[-75.753674999828064,39.756673999695494],[-75.75356799969795,39.756812999845835],[-75.753436000351783,39.756982999722929],[-75.753328000396763,39.757122999915964],[-75.753207999847845,39.757277000144853],[-75.753088000197252,39.757432000000676],[-75.752944000257216,39.757616999951146],[-75.752834999578951,39.757756000270128],[-75.752726999623903,39.757892999688913],[-75.752591999904695,39.758064000315137],[-75.752514999911796,39.758161999977879],[-75.752493999995409,39.758190000250515],[-75.752472000254102,39.75821799982117],[-75.752338000359799,39.758386999725786],[-75.752180000176054,39.758586999882134],[-75.751985000182373,39.758832999975382],[-75.751837999869295,39.759016999667161],[-75.751568000430865,39.759354000031074],[-75.751457000102789,39.759491999665215],[-75.751420000292853,39.759537999712023],[-75.751395000178491,39.759569999876589],[-75.751217999728169,39.759788000299821],[-75.751067000115427,39.759975999939527],[-75.750990000122542,39.760069999912254],[-75.750901000434084,39.760179000109289],[-75.750774000212473,39.760334000339441],[-75.750660000409653,39.760474999862666],[-75.750584000241687,39.760567999919118],[-75.750431000080823,39.76075500026878],[-75.750303000034293,39.760910999813802],[-75.750214000345835,39.761020000060782],[-75.750123999934132,39.761129000135284],[-75.750007999583175,39.761269000186893],[-75.749892999955463,39.761408999953879],[-75.749799000244138,39.761519999926946],[-75.749619000319086,39.761736999792895],[-75.749451000089593,39.761937999793808],[-75.749347000332506,39.762061999738812],[-75.749126000399585,39.762325000225218],[-75.748932000230809,39.762557000151276],[-75.748670000289991,39.762865000131264],[-75.748538999870419,39.763019999839941],[-75.748500000410672,39.763066000292255],[-75.748447999633825,39.763126999733807],[-75.748385999709555,39.763199999843458],[-75.748285000325524,39.76331800027333],[-75.748198000286891,39.763420000282935],[-75.748097999829454,39.7635369997627],[-75.748047999600743,39.763594999832385],[-75.747984999851553,39.763669000017082],[-75.747871999873638,39.763800000139739],[-75.747746000375273,39.763946000235748],[-75.747619000153662,39.764092000022188],[-75.747493999581863,39.764238000189593],[-75.747379999779071,39.764369999790731],[-75.747228000341408,39.764543999819892],[-75.74713899975464,39.764646000084973],[-75.74701200043134,39.764790999903816],[-75.746846999676592,39.764980000247476],[-75.746706999934489,39.765140999875285],[-75.746527999834356,39.765343000153948],[-75.746387000267362,39.76550299976946],[-75.746246999626976,39.765661999851943],[-75.746091999816272,39.76583600006866],[-75.746028000242163,39.765909000068298],[-75.745977000188532,39.765965999673746],[-75.745923999586779,39.766026000152273],[-75.74583099970036,39.766129000138385],[-75.745659000171216,39.766322000320855],[-75.745512999683058,39.766484999942676],[-75.74539300003245,39.766618999745205],[-75.745152999832939,39.766885000280972],[-75.744940000295912,39.767121999877062],[-75.744792000157901,39.767283999848232],[-75.744685000027786,39.76740200018402],[-75.744550000308593,39.767550999710544],[-75.744483000361441,39.76762399996327],[-75.744442000353544,39.76766799976614],[-75.744387999926857,39.767727000320711],[-75.744266999553034,39.767859999957622],[-75.744172999841709,39.767962999961931],[-75.744064000061769,39.76808000000787],[-75.744009999635097,39.768139000209374],[-75.743874999915874,39.768285999894623],[-75.74359000040883,39.768593999795698],[-75.743412999958508,39.768783999863494],[-75.743113000382877,39.769106000285461],[-75.74283999967308,39.769397999760564],[-75.742592999800863,39.769660000051431],[-75.742359000347449,39.769908000214585],[-75.742138000414513,39.770140999924145],[-75.742097000406631,39.770183999713247],[-75.742028999736263,39.77025600015098],[-75.741849999636102,39.770442999737348],[-75.741658000015491,39.770643999870977],[-75.741464999671649,39.770844000331707],[-75.741326999579385,39.770987999751235],[-75.741268000028157,39.771050000233267],[-75.741174000316832,39.771147000285211],[-75.740975999950109,39.77135299997051],[-75.740791999827096,39.771543000018625],[-75.740707000336585,39.771631000110361],[-75.740650000435167,39.7716890002662],[-75.740621999947777,39.771718000325791],[-75.740565999871265,39.771775999717917],[-75.74039699981688,39.771948999911906],[-75.740227999762482,39.772120999913284],[-75.740072999951778,39.772279000145986],[-75.739945999730168,39.77240800025929],[-75.739876000308286,39.772479999751816],[-75.739811999835879,39.772545000216638],[-75.73974900008669,39.772609000178889],[-75.739668999720735,39.772689999970225],[-75.73962100004016,39.772739000113148],[-75.739556999567739,39.772802999895028],[-75.739461000206589,39.772900000238479],[-75.73943299971917,39.772928000041709],[-75.739276000258656,39.77308599980293],[-75.739067000021294,39.773296000243896],[-75.738800999882514,39.773563000264112],[-75.738605000063927,39.773757999787371],[-75.738379999933017,39.773981999935302],[-75.738168000220909,39.774190000258272],[-75.737970999679106,39.774385000076506],[-75.737801999624708,39.77455200021106],[-75.737673999578206,39.77467699994331],[-75.737547000254892,39.774802000138934],[-75.737348999888198,39.774995999888063],[-75.737192000427669,39.775148999784989],[-75.737035999893735,39.775301000320454],[-75.736951000403224,39.775383999817137],[-75.736615999769171,39.775707999847235],[-75.736235999827571,39.776072999893231],[-75.73583999999245,39.776451999948605],[-75.735295000194427,39.776968999804836],[-75.734717999711009,39.777513000249087],[-75.734434999853789,39.777777000072398],[-75.734093000445355,39.778096000147407],[-75.733957999827808,39.778220999656703],[-75.733674000145683,39.7784839998602],[-75.733208999815275,39.778912000336959],[-75.732996000278277,39.779106999894132],[-75.732522999551932,39.779536000288765],[-75.73248200044236,39.779574000103054],[-75.732195000387179,39.779834999986505],[-75.731648000041019,39.780327999673574],[-75.731221000243764,39.780710000049616],[-75.730991000089986,39.780914000159022],[-75.730899000028472,39.780996000161167],[-75.730822999860479,39.781063999752099],[-75.730561999744594,39.78129499972853],[-75.730407999758796,39.78143000001031],[-75.730238999704397,39.781579999859289],[-75.730007999725714,39.781782999843053],[-75.72983799984641,39.781930999691753],[-75.729621999936342,39.782119999922053],[-75.729482000194238,39.782242000193136],[-75.729405000201353,39.782309000323544],[-75.729063999719514,39.782603999905447],[-75.728583000393883,39.783020999873976],[-75.728255000330819,39.783300999711095],[-75.728036999872614,39.783489000037314],[-75.727723000053274,39.783755000274994],[-75.727441000020946,39.783994999913205],[-75.72717499988218,39.784220000151308],[-75.726999000155089,39.784368000281013],[-75.726573000182725,39.784724999908924],[-75.726144999662239,39.785081999755469],[-75.725875000223823,39.785305000067446],[-75.725541000312973,39.785582000206951],[-75.725127000036181,39.785922999928744],[-75.725009999860319,39.786017999926784],[-75.72493399969234,39.78607999998551],[-75.724742000071714,39.786236999684078],[-75.724645999812239,39.786316000210292],[-75.724516999940818,39.78641999975985],[-75.724354999559111,39.786551000077267],[-75.724275999916401,39.786615999678432],[-75.724131000151445,39.78673400000816],[-75.724018000173544,39.786825000018943],[-75.723921000089163,39.786903000326816],[-75.723871999685358,39.78694199975731],[-75.723710000201947,39.78707299977107],[-75.723578999782404,39.787177999786458],[-75.723515000208295,39.787229999964801],[-75.723415999575778,39.787307999813549],[-75.723285999879423,39.787413000160548],[-75.723171000251696,39.787505000188226],[-75.723023999938604,39.787620999927761],[-75.722894000242277,39.787725999797097],[-75.722812000226497,39.787790000138472],[-75.722746999929171,39.787843000074076],[-75.7226640000885,39.787907999835198],[-75.722582000072734,39.7879730002252],[-75.722548999562463,39.787998999673697],[-75.722515999950502,39.788024999802708],[-75.722402000147682,39.788114999960882],[-75.722238999941069,39.78824400007435],[-75.722075999734429,39.788372999945885],[-75.721911999702911,39.788501000055618],[-75.721715000059419,39.788654999818071],[-75.721583999639861,39.788757999767107],[-75.721403999714795,39.788898999748866],[-75.721289000087069,39.788989000144241],[-75.721206000246397,39.789053000000962],[-75.721024999598114,39.789192999868192],[-75.720894000076868,39.789295999702027],[-75.720530999853707,39.789576000233438],[-75.720463000081637,39.789627999979828],[-75.720314000118734,39.78974300008916],[-75.720131999645531,39.789882999932757],[-75.719899999841928,39.790060000229474],[-75.719767999597451,39.790161999959665],[-75.719601999916094,39.790289000007803],[-75.719534999968943,39.790339000228798],[-75.719502000356997,39.790365000163668],[-75.719169000271066,39.790617000297587],[-75.718751999621219,39.790932999686895],[-75.718366999656752,39.791221999923849],[-75.717930999638668,39.791548000264918],[-75.717560999742815,39.791822999793787],[-75.717308999847731,39.792010000143129],[-75.716937000302053,39.79228399974054],[-75.716531000421185,39.792582999952813],[-75.716225999924347,39.792806000109849],[-75.715749999723286,39.793151999940804],[-75.715323999750936,39.793459999694612],[-75.715067999657904,39.793644000018944],[-75.714621999594058,39.793962999699929],[-75.714347999957681,39.794159000215537],[-75.714142000093361,39.794305000109858],[-75.714004000001097,39.794402999950186],[-75.713917999787384,39.794463999921142],[-75.713814999855217,39.794536999928475],[-75.713624000059497,39.794671999766237],[-75.713295999996433,39.794903000300422],[-75.713070999865536,39.795059999880067],[-75.712899000336392,39.795180999869892],[-75.712464999968134,39.795483999657684],[-75.712136000080164,39.795713000014914],[-75.711962000002899,39.795833000132689],[-75.711700999886986,39.796014000017877],[-75.711387000067631,39.796229000002285],[-75.711125000126813,39.796409000130488],[-75.710967999767973,39.79651699998125],[-75.710828000025884,39.796611999844025],[-75.710634999682028,39.79674300007887],[-75.710494999939939,39.796838999718439],[-75.710178999572463,39.797052999798787],[-75.709969000408492,39.797195000116673],[-75.709740000079634,39.797349999822856],[-75.709545999910858,39.797479999952706],[-75.709351999742111,39.797609999836787],[-75.709017000006355,39.797834000334809],[-75.708715999707479,39.798034999840169],[-75.708503999995372,39.798176000131512],[-75.70816699971148,39.798399000100076],[-75.707811999884242,39.798633000038571],[-75.707544999920543,39.798807999784863],[-75.707296000398529,39.798970999771079],[-75.707206999811746,39.799028999660287],[-75.707063999696601,39.79912300013838],[-75.70692099958147,39.799215999743467],[-75.706760999747914,39.799319999805846],[-75.706596999716382,39.799425999813792],[-75.706453999601237,39.799518999699238],[-75.706309999661201,39.799612000149111],[-75.706239000414413,39.799658000302863],[-75.706184999987727,39.799691999856577],[-75.706134999759016,39.799723999989595],[-75.706060000314267,39.799773000207523],[-75.705988000344234,39.799819000253585],[-75.705916000374231,39.799866000313891],[-75.705825999962528,39.799923000094225],[-75.705735999550853,39.799980999870719],[-75.705627999595819,39.80005000006463],[-75.705538000082456,39.80010699969251],[-75.705411999685765,39.800188000244809],[-75.705267999745701,39.80027999975092],[-75.705142000247321,39.800360000061637],[-75.705034000292287,39.800428999875315],[-75.704854000367234,39.800542999835841],[-75.704691000160608,39.800645999928243],[-75.704547000220558,39.800737000169626],[-75.704203000263988,39.800953999940837],[-75.704057999600707,39.801044999774639],[-75.703948999820767,39.801113000254418],[-75.703732000085779,39.801249999656811],[-75.703585999597607,39.801339999765553],[-75.703459000274322,39.801420000223381],[-75.703313999611055,39.801510000109623],[-75.703276999801119,39.801532999900601],[-75.703168000021179,39.801600999897801],[-75.702968000004645,39.801725000166151],[-75.702748999721521,39.801859999697633],[-75.702584999689989,39.801960999858807],[-75.70249400035172,39.802017999973103],[-75.702219999817018,39.802185999998819],[-75.701963999723972,39.802343000206399],[-75.701762000057599,39.802465999819674],[-75.701634000011083,39.802545000341766],[-75.701321999841554,39.802733999842253],[-75.70112000017518,39.80285700013642],[-75.700936999877086,39.802968000212971],[-75.700495000011202,39.80323399966732],[-75.700218000001769,39.803400000185562],[-75.700089000130347,39.803478000332248],[-75.699644999716327,39.803741999906777],[-75.699442000225062,39.803862999804359],[-75.699273000170663,39.803962999798529],[-75.698847000198313,39.804214999801353],[-75.698605000348977,39.804357999803017],[-75.698437999944389,39.804455999810983],[-75.697991000055652,39.804716999847891],[-75.697767999574566,39.804847999826158],[-75.697637000053305,39.804922999796162],[-75.69715099980651,39.805205000138344],[-75.696908000132268,39.805345000255478],[-75.696720999636199,39.805452999875008],[-75.696626999924874,39.805506999966212],[-75.696496000403613,39.805581999907503],[-75.696383000425712,39.805646000197541],[-75.696271000272731,39.805710999697951],[-75.696176999663066,39.805764000317417],[-75.696082999951741,39.805818000164315],[-75.69596999997384,39.805882000234725],[-75.695800999919442,39.805979000184699],[-75.695687999941526,39.806043000105191],[-75.695612999598453,39.806085000279474],[-75.695461999985724,39.806170999767509],[-75.695368000274399,39.806224000032365],[-75.695292999931326,39.80626700004796],[-75.695160999686848,39.806340999899483],[-75.695046999884028,39.806405000173164],[-75.694953000172688,39.806458000257642],[-75.694840000194802,39.806521999732254],[-75.694764000026808,39.806564000303986],[-75.694688999683734,39.806606000159988],[-75.694631999782331,39.806637999835836],[-75.694537000246086,39.806690999740702],[-75.694431999765783,39.806750999909198],[-75.69412100031947,39.806923999814344],[-75.693779999837631,39.80711299969979],[-75.693552000231989,39.807239000254924],[-75.693153000023827,39.807459999947866],[-75.692790999625572,39.807657999815753],[-75.692525000385103,39.807804000036143],[-75.691932999833085,39.808126000059644],[-75.691640999755037,39.808283999738222],[-75.691372999966447,39.808429000088907],[-75.690817000297741,39.808727999808454],[-75.690624999778819,39.808830000146955],[-75.690356000165309,39.808974000123577],[-75.690163999646359,39.809076000097043],[-75.689740000222145,39.809300999726702],[-75.689527999611713,39.809412999657283],[-75.689392999892519,39.809483999857704],[-75.689355000257677,39.809504000027253],[-75.689026000369722,39.809676000003172],[-75.688793999667794,39.809797999709161],[-75.688619999590529,39.809889000259567],[-75.688290999702559,39.810060000065555],[-75.68796099998967,39.810231000136199],[-75.687747999554347,39.810341000146522],[-75.687242999939272,39.81060100003576],[-75.686989000394391,39.810730999956675],[-75.68681399959388,39.810820000190716],[-75.686423999606546,39.811018999924961],[-75.686150999795061,39.811158000052977],[-75.685954999976474,39.811256000028898],[-75.685799000340879,39.811335000111981],[-75.685446999988358,39.811511999715229],[-75.685211999811727,39.811630000117603],[-75.685035000259717,39.811718000005143],[-75.684877999900891,39.811797000247331],[-75.684504999631969,39.811981999681805],[-75.684328000079987,39.81206999980872],[-75.684092000078422,39.812187000077479],[-75.683893999711714,39.812284000102096],[-75.683558999975943,39.81244900029904],[-75.683322000149474,39.812565000062392],[-75.683045999964975,39.812699999701152],[-75.682887999781215,39.81277699979038],[-75.682452999588037,39.812989000244507],[-75.682255000119639,39.81308400012194],[-75.682056999752916,39.813179999719445],[-75.68195800001871,39.813228000157991],[-75.681639000176489,39.81338099990883],[-75.681481999817649,39.813456000230559],[-75.681383000083457,39.813503999786271],[-75.68132500035712,39.813532000316698],[-75.681244000166274,39.81356999998323],[-75.681205999633121,39.813587999963197],[-75.68096200013396,39.813703999874498],[-75.680925000324052,39.813721999819386],[-75.680786000406869,39.813787999806969],[-75.68066699968287,39.813843999934996],[-75.680468000389553,39.813939000010748],[-75.680307999657671,39.814013999723613],[-75.68014899964902,39.814089000044667],[-75.679909000347806,39.814202000291068],[-75.679609999698755,39.814342000027253],[-75.679389999590711,39.814445000148851],[-75.679170000381021,39.814547000284684],[-75.678828999899167,39.814704999695635],[-75.678549000415003,39.814835000135218],[-75.678387999858202,39.814908999734222],[-75.67820799993315,39.814991999749104],[-75.677806000250229,39.815175999732361],[-75.677585000317308,39.815277000342562],[-75.677364000384358,39.815378000114279],[-75.677202999827571,39.815451000000415],[-75.676879999787388,39.815597000229992],[-75.67661799984657,39.81571499982973],[-75.676375999997219,39.815824000221397],[-75.676233999707009,39.815887000134765],[-75.675867000184212,39.816051999962745],[-75.675523000227614,39.816205000327464],[-75.675340999754411,39.816285999854962],[-75.674894999690579,39.816483999831497],[-75.674611000008454,39.816608999969063],[-75.674448999626733,39.816681000127247],[-75.674307000234833,39.816743000145479],[-75.674062999837361,39.816850000000983],[-75.673778000330316,39.816973999676662],[-75.673513999841362,39.817089000288846],[-75.673370999726245,39.817150999939017],[-75.673268999618998,39.817194999812664],[-75.673086000219186,39.817273999969871],[-75.672902000096187,39.817353999826857],[-75.672677999790182,39.817449999670359],[-75.672513999758678,39.817520000061059],[-75.672350999552052,39.817589999690519],[-75.672167000327349,39.817669000083605],[-75.672024000212204,39.817730000115425],[-75.671901000188569,39.817781999964041],[-75.67184000008919,39.817807999873615],[-75.671696000149154,39.817868999782007],[-75.671512000026127,39.817947000072429],[-75.671389000002492,39.817998999756853],[-75.671245999887361,39.818060000185746],[-75.671101999947325,39.818120000091028],[-75.670978999923662,39.818172000334535],[-75.670917999824283,39.818198000096572],[-75.670711999959977,39.8182840003008],[-75.670568000019927,39.818344000010505],[-75.670465999912679,39.818387000034747],[-75.67019899994898,39.818499000340552],[-75.670075000100425,39.818549999834119],[-75.669931000160389,39.818610000001527],[-75.669643000280303,39.81872899971868],[-75.669478000423865,39.818796999957407],[-75.669230999653323,39.818898999844258],[-75.669044999880484,39.818975000121547],[-75.668777000091893,39.819084999938219],[-75.668591000319054,39.8191610000098],[-75.668300999890832,39.81927799993754],[-75.668115000117993,39.819353999795673],[-75.667804999598275,39.819479000232946],[-75.667637000267092,39.819546999729504],[-75.667408999763154,39.819639000240052],[-75.667305999830987,39.819680999697219],[-75.667166999913817,39.81973600009745],[-75.667140000149644,39.819747000172228],[-75.666995000384688,39.819804999784665],[-75.66676699988075,39.819896000196152],[-75.666600000374473,39.81996300021742],[-75.666475999627608,39.820011999810525],[-75.66624700019706,39.820102999947956],[-75.666038999784604,39.82018500015046],[-75.665790000262561,39.820284000113176],[-75.665540000017316,39.820382000186676],[-75.665227999847758,39.820504999954437],[-75.665040000425122,39.82057799991442],[-75.664684999699546,39.82071600028852],[-75.6644770001854,39.820797000019049],[-75.664371999705111,39.820837999718499],[-75.664122000358176,39.820934000214798],[-75.663933000212282,39.821006999719039],[-75.66378699972411,39.821063000174611],[-75.663472999904755,39.821183999943564],[-75.663200999918175,39.82128700016063],[-75.6631590000854,39.8213039997663],[-75.662718999869327,39.821470999849318],[-75.662404000225052,39.821590000131799],[-75.662298999744763,39.821628999901229],[-75.662173000246383,39.821676999958576],[-75.662005000016904,39.821740000026097],[-75.661900000434912,39.821778999710453],[-75.661774000038221,39.82182699966301],[-75.661647999641531,39.82187399985721],[-75.661501000226735,39.82192899988214],[-75.661394999921527,39.821968000149113],[-75.661226999692033,39.822030999949853],[-75.661122000110055,39.822070000158945],[-75.661015999804846,39.822108999655953],[-75.660890000306466,39.822155999657269],[-75.660700000335666,39.822226000084058],[-75.660594999855377,39.822265000182462],[-75.660467999633752,39.822310999668602],[-75.660363000051774,39.822349999718774],[-75.660321000218985,39.822365000315969],[-75.660173000080988,39.82241999994789],[-75.660067999600685,39.822458000219861],[-75.659899000444582,39.822519999855864],[-75.659793000139373,39.822558999787404],[-75.659686999834165,39.822596999982458],[-75.659624000084975,39.822620000308206],[-75.659603000168573,39.822628000089743],[-75.658817000346119,39.82291199966464],[-75.658776000338236,39.822927000139188],[-75.658604999735701,39.8229890000419],[-75.658351000190805,39.823079999686591],[-75.658137999755468,39.823156000169419],[-75.657777999905349,39.823283999703136],[-75.657501999720836,39.823382000327726],[-75.657226000434619,39.823478999731137],[-75.656799999563958,39.823629000331344],[-75.656438000064028,39.823755000278865],[-75.656224999628691,39.823828999932289],[-75.656098000305406,39.823874000055511],[-75.655714000165844,39.824007000170766],[-75.655478999989199,39.824088000161453],[-75.655287000368588,39.824153999853351],[-75.654859999673008,39.824300000221733],[-75.654581999838641,39.824393999954566],[-75.654367999578412,39.824466999922571],[-75.653960999872623,39.824603999700436],[-75.653703999954686,39.824690999850603],[-75.653554000166864,39.824740999895006],[-75.653467999953136,39.824769999669527],[-75.653339999906606,39.824812999812224],[-75.653168000377477,39.824870000296869],[-75.653082000163749,39.824899000016941],[-75.652932000375927,39.824948999909971],[-75.65280299960618,39.824991000261164],[-75.652696000374377,39.82502699975322],[-75.652503000030521,39.825090999876934],[-75.652308999861788,39.825154000263858],[-75.652159000073937,39.825203999971329],[-75.652030000202529,39.825246000166587],[-75.651878999691462,39.825295999807096],[-75.651728999903639,39.825344999736892],[-75.651620999948605,39.825380000059575],[-75.651449000419476,39.825435999710862],[-75.651297999908422,39.825485000230671],[-75.651169000036973,39.825527000254155],[-75.650995999784627,39.825582999785688],[-75.650824000255483,39.825638000291313],[-75.650716000300449,39.825672999774824],[-75.650542000223183,39.825728999877199],[-75.65039099971213,39.825776999830055],[-75.650282999757081,39.825811999932661],[-75.650088999588348,39.825873999991792],[-75.649937000150672,39.825921999843338],[-75.649850999936959,39.825950000143713],[-75.649721000240618,39.825991000218018],[-75.64963500002689,39.826018999800368],[-75.64952700007187,39.826053000115621],[-75.649501999957508,39.826055999797674],[-75.649440000033223,39.826080000009014],[-75.649311000161802,39.826121000005749],[-75.649245999864462,39.826141999826298],[-75.649094000426814,39.826190000180567],[-75.648985999573469,39.826223999721293],[-75.648855999877128,39.826265000321939],[-75.648747999922094,39.826298999825546],[-75.64863999996706,39.826332000342219],[-75.648510000270733,39.826373000188568],[-75.648423000232071,39.826399999956202],[-75.648315000277051,39.826434000082912],[-75.648207000322017,39.82646800019279],[-75.648076999727351,39.826508000300514],[-75.647967999947411,39.826541999683869],[-75.647859999992377,39.826575000083821],[-75.647772999953759,39.82660199977213],[-75.647643000257403,39.826641999801836],[-75.647556000218771,39.826669000153665],[-75.647448000263736,39.826703000147262],[-75.647316999844165,39.826743000118164],[-75.647208999889131,39.826775999731659],[-75.647143999591819,39.826795999698746],[-75.64707800036787,39.826815999660063],[-75.646883000374217,39.826876000198887],[-75.646643999999611,39.826949000289375],[-75.646426000439718,39.827014999992592],[-75.646187000065126,39.827087000286348],[-75.645991000246525,39.827146000250416],[-75.645685999749702,39.827238000245373],[-75.645489999931115,39.82729700007981],[-75.645294000112528,39.827355000218461],[-75.64514199977657,39.827400999746445],[-75.644988999615691,39.827446000289719],[-75.644792999797119,39.827504000302568],[-75.644575000237225,39.82756899983054],[-75.644422000076347,39.827614000263772],[-75.644268999915468,39.827658999977629],[-75.644094000013283,39.827710000261611],[-75.643962999593725,39.827749000006868],[-75.643875999555092,39.827773999955703],[-75.64378799969154,39.827800000224038],[-75.643612999789354,39.827850999713448],[-75.643459999628462,39.827895000324688],[-75.643372999589843,39.827920999857298],[-75.643197999687658,39.827971000310662],[-75.643001000044151,39.828028000244942],[-75.642804000400673,39.828085000131942],[-75.642628999600177,39.828134999775997],[-75.642474999614393,39.828179000205346],[-75.642344000093118,39.828217000051779],[-75.64225600022958,39.828241999830347],[-75.642081000327408,39.828292000050027],[-75.641979000220147,39.828320999705433],[-75.641835000280111,39.828361000114086],[-75.641682000119232,39.828404999708795],[-75.641506000392141,39.828454000180763],[-75.641308000025418,39.828508999767749],[-75.641175999780927,39.828545999803843],[-75.641088999742308,39.828571000152522],[-75.640934999756524,39.828613999985969],[-75.640759000029419,39.828663000308801],[-75.640626999784942,39.828698999946496],[-75.640472999799158,39.828741999699822],[-75.640252999691128,39.828803000250254],[-75.640055000222716,39.82885800024777],[-75.639922000153334,39.828893999783268],[-75.639702999870224,39.828955000198732],[-75.639570999625732,39.828990999683406],[-75.639373000157335,39.829044999909875],[-75.639173999965706,39.829099000093883],[-75.638975999598998,39.829153000235401],[-75.638711000183434,39.829224999668249],[-75.638424999953159,39.829303000175912],[-75.638182000278917,39.829368000071419],[-75.637983999912208,39.829422000001536],[-75.637807000360198,39.829468999829494],[-75.637651999651183,39.829511000176979],[-75.637475999924092,39.829557999944036],[-75.637233000249822,39.829623000288144],[-75.637034000058208,39.829675999716578],[-75.635950000309919,39.829961000120178],[-75.634843000097106,39.83024999982311],[-75.634793999693301,39.830261999887128],[-75.634739000340019,39.830277000136682],[-75.634683000263522,39.830291000090682],[-75.634606000270637,39.830310999724361],[-75.634561000064792,39.830322999777728],[-75.6345059998132,39.830336999722348],[-75.634438999866049,39.830353999848427],[-75.634417000124742,39.830358999925259],[-75.634350000177591,39.830376000045838],[-75.634238999849501,39.830403999910622],[-75.634139000290389,39.830429000273057],[-75.63401700009166,39.830459000006037],[-75.633961000015162,39.830472999922989],[-75.63386099955774,39.830496999970983],[-75.633831000318821,39.830503999925945],[-75.633738000432402,39.830526000075324],[-75.633603999639789,39.830558000342769],[-75.633503000255757,39.830581000073053],[-75.633401999973415,39.830605000083366],[-75.633268000079113,39.83063499973953],[-75.633166999796771,39.830658000133901],[-75.633032999902468,39.830689000053376],[-75.632944000214025,39.830711000143502],[-75.632856000350486,39.830731999940781],[-75.632744000197476,39.830759999660501],[-75.632587999663542,39.830798999743791],[-75.632498999975098,39.830820000204028],[-75.63241000028664,39.830842000252204],[-75.632320999699857,39.830864000293325],[-75.63225399975272,39.83088000000528],[-75.632186999805555,39.830896999996931],[-75.632098000117097,39.830919000020437],[-75.632009000428624,39.830939999754129],[-75.63191999984187,39.830961999763922],[-75.63180799968886,39.830988999797597],[-75.631740999741723,39.831005000170293],[-75.631697000259109,39.831015999820707],[-75.631585000106099,39.831042999833151],[-75.631518000158948,39.831059000193278],[-75.631473999778024,39.831069999835044],[-75.631428999572194,39.831081000164907],[-75.63127299993657,39.831118000195396],[-75.631072000095131,39.831167000111897],[-75.630893999819889,39.83120900011108],[-75.630737000359375,39.831246999661147],[-75.630535999619596,39.831294999897814],[-75.63035800024268,39.831336999818696],[-75.630200999883854,39.831373999711289],[-75.629978000301094,39.831426999858365],[-75.629799000200961,39.831468999698529],[-75.629665000306659,39.831501000216548],[-75.629507999947805,39.831536999746675],[-75.629352000312196,39.831574000221394],[-75.629218000417907,39.831604999727496],[-75.629082999800374,39.831635999909508],[-75.628860000217614,39.831688000272301],[-75.62861300034541,39.83174499988187],[-75.628478999552797,39.831776000000652],[-75.628231999680594,39.831833000227057],[-75.627963999891961,39.831894000102302],[-75.627738999761078,39.831945000001646],[-75.627559999660932,39.831985999947392],[-75.627424999941724,39.832015999690249],[-75.627312999788728,39.832041999732752],[-75.627066999741444,39.832096999896386],[-75.626932000022222,39.832127000280614],[-75.626908999557685,39.83213299980401],[-75.626841999610534,39.832148000334854],[-75.626730000355849,39.832173000062518],[-75.62663999994416,39.832192999838114],[-75.626393000071957,39.832247999880785],[-75.626235999713131,39.832283000135902],[-75.626123999560136,39.832307999814439],[-75.626010999582235,39.832331999911212],[-75.625921000068857,39.83235200033031],[-75.625830999657182,39.832372000053788],[-75.62574199996871,39.832391999771495],[-75.625651999557022,39.832410999911758],[-75.625562000043658,39.832431000307906],[-75.625471999631984,39.832451000008383],[-75.625358999654082,39.83247500005514],[-75.625291999706931,39.832489999821448],[-75.625247000399384,39.832499999663796],[-75.625202000193553,39.832510000194588],[-75.625111999781879,39.832529000302216],[-75.625022000268501,39.832548999974158],[-75.624864000084756,39.832582999817006],[-75.624729000365534,39.832611999730531],[-75.624593999748001,39.832641000321615],[-75.624504000234637,39.83266099996095],[-75.624370000340335,39.832689999841548],[-75.624346999875797,39.832694999748355],[-75.624301999669967,39.832703999993605],[-75.624233999897896,39.832718999709911],[-75.624144000384533,39.832737999759722],[-75.62402700020867,39.832762999962505],[-75.623914000230769,39.83278699990025],[-75.623847000283618,39.832802000288275],[-75.623711999666071,39.832831000109344],[-75.623576000121957,39.832858999663287],[-75.623485999710269,39.83287799967438],[-75.623418999763118,39.832893000042532],[-75.623284000043896,39.832921999825125],[-75.623192999807301,39.832940999818838],[-75.623171000065994,39.832945000143575],[-75.623103000293924,39.832959999807251],[-75.623036000346772,39.832973999904269],[-75.622923000368885,39.832997999768295],[-75.622810000390984,39.833021000061301],[-75.622720999804201,39.83304000002758],[-75.622585000260074,39.833068999748171],[-75.622472000282173,39.833092000017402],[-75.622381999870498,39.833110999964042],[-75.622314999923347,39.833125000030286],[-75.622223999686739,39.833143999967795],[-75.622155999914682,39.833158000027325],[-75.622110999708838,39.833167000211915],[-75.62202000037054,39.833186000137815],[-75.62197500016471,39.833195000318732],[-75.621908000217559,39.833208999678021],[-75.621795000239658,39.833233000149775],[-75.621658999797219,39.83326100022969],[-75.621500999613488,39.833292999912871],[-75.621343000328039,39.833325999829192],[-75.6210939999077,39.833375999797624],[-75.620846000210577,39.833426999976304],[-75.620641999996081,39.833467999727247],[-75.620462000071029,39.833504999851662],[-75.620281000321057,39.833540999711204],[-75.620144999878619,39.83356800011083],[-75.619985999869968,39.833600000340773],[-75.619805000119996,39.833636000150562],[-75.619601999730406,39.833676000223605],[-75.619420999980434,39.833711999993511],[-75.619171999560095,39.833761000129101],[-75.618922000213146,39.833810000229683],[-75.618718999823571,39.833850000201394],[-75.618492000042835,39.833893999729547],[-75.618265000262113,39.833937999919286],[-75.618128999819689,39.833965000162863],[-75.617948000069717,39.834000000232862],[-75.617743999855207,39.834038999856261],[-75.61760800031108,39.834064999822864],[-75.617471999868656,39.834090999779562],[-75.617290000293764,39.834125000238792],[-75.61710799982059,39.834160000227257],[-75.616881000039854,39.834203000011343],[-75.616744999597429,39.834227999680905],[-75.616563000022538,39.83426300030672],[-75.616358999808043,39.834301000236735],[-75.616199999799377,39.834330000114754],[-75.616132000027321,39.834342999699267],[-75.615949999554118,39.834377000033747],[-75.615767999979255,39.834410999661522],[-75.615634999909858,39.834434999713316],[-75.615517999733981,39.834456999983345],[-75.615336000159118,39.834490000030264],[-75.61504400008107,39.834542999842441],[-75.614900999965926,39.834569000308086],[-75.614719000391048,39.834602000301189],[-75.614468000320898,39.834647999805213],[-75.614309000312232,39.834677000226506],[-75.614218000075638,39.834692999740142],[-75.614172000044888,39.834701000185355],[-75.614104000272818,39.834713000161592],[-75.614081999633186,39.834716999693349],[-75.613967999830379,39.834738000335349],[-75.613875999768879,39.834753999834724],[-75.613785000430582,39.8347700000202],[-75.613626000421917,39.834798999700197],[-75.613489000154573,39.834823000306194],[-75.613375000351766,39.834843000000021],[-75.613238999909328,39.834866999900818],[-75.61310199964197,39.834890999793224],[-75.612987999839149,39.834911000157071],[-75.612850999571805,39.834935000034108],[-75.612714000202772,39.83495899990276],[-75.612531999729597,39.834991000174512],[-75.612417999926762,39.835010999819367],[-75.612304000123942,39.83503100014827],[-75.612212999887362,39.835046000046169],[-75.612075999620004,39.83506999987609],[-75.611939000250956,39.835093000165031],[-75.611825000448164,39.835112999780236],[-75.611710999747018,39.835133000079438],[-75.611574000377985,39.835155999657459],[-75.611391000079863,39.835187000306263],[-75.61127700027707,39.835205999673384],[-75.611094999803854,39.835237000299571],[-75.610934999970297,39.83526400003251],[-75.610729000105977,39.835299000130433],[-75.610546999632788,39.835328999805959],[-75.610364000233005,39.835359999686808],[-75.610158000368671,39.835394000207664],[-75.609883999833983,39.835439000343598],[-75.609677999969648,39.835473000135529],[-75.60949499967154,39.835502999735048],[-75.609267000065913,39.835540000142814],[-75.609037999737041,39.835576999840832],[-75.608763000275758,39.835621000332061],[-75.608557000411423,39.835653999819705],[-75.608374000113315,39.835684000029993],[-75.608190999815221,39.83571300001384],[-75.607861000102346,39.835765000049406],[-75.607663999560543,39.835795999733463],[-75.607545999559761,39.835814000099944],[-75.60748000033584,39.835824999670074],[-75.60739599977191,39.835837999661443],[-75.607312999931253,39.83585100034017],[-75.607229000265662,39.835864000326623],[-75.607168999991217,39.835873000156631],[-75.607093999648129,39.835884999928091],[-75.6069430000354,39.835907999944169],[-75.606864000392676,39.835920999919821],[-75.606758000087467,39.835936999833443],[-75.60662800039114,39.835955999682902],[-75.606522000085917,39.835972000278169],[-75.606416999605614,39.835988000179896],[-75.60631100019873,39.836004000077892],[-75.606194000022853,39.83602299990882],[-75.60607500019718,39.836041000215758],[-75.605926000234248,39.836062999971361],[-75.605778999921156,39.836085999927832],[-75.605707999776058,39.8360970001442],[-75.60555399979026,39.836118999881819],[-75.605311999940938,39.836155999957775],[-75.605070000091587,39.836191999807404],[-75.604828000242264,39.83622800032802],[-75.604586000392914,39.836262999934654],[-75.604357000064056,39.836297000008429],[-75.60415000037483,39.836326999937846],[-75.603966000251816,39.836353999932093],[-75.603712999633515,39.836389999677984],[-75.603530000233718,39.836416000134186],[-75.603322999646167,39.83644600001162],[-75.60304700035995,39.836485000315527],[-75.602771000175451,39.83652399990752],[-75.60249499999091,39.836563000167132],[-75.60228800030167,39.836591000269095],[-75.60210400017867,39.836616999959453],[-75.601896999591105,39.836645000039397],[-75.601689999901879,39.836674000307283],[-75.601458999923196,39.836705000270918],[-75.60125200023397,39.836733000314986],[-75.601068000110956,39.836757999753473],[-75.600861000421716,39.836785999775998],[-75.600653999834165,39.836813999787047],[-75.600446000320019,39.836841000279641],[-75.600216000166256,39.836870999971431],[-75.600100999640205,39.836886999663719],[-75.599869999661536,39.836917000025167],[-75.599709000003045,39.836937999994475],[-75.599524000055126,39.836960999657911],[-75.599385999962863,39.836978999719015],[-75.599201999839849,39.83700300025302],[-75.599016999891916,39.837027000088838],[-75.59881000020269,39.837053000303889],[-75.598601999790219,39.837078999819283],[-75.598487000162493,39.837093999959762],[-75.598463999697955,39.83709599965632],[-75.598375000009497,39.837106999710933],[-75.598278999750022,39.83712000014944],[-75.59816400012231,39.837134000088334],[-75.598093999802103,39.837142000249216],[-75.598025000205126,39.837150999911714],[-75.597979000174377,39.83715699968608],[-75.597955999709839,39.83716000026287],[-75.597863999648339,39.837171000307229],[-75.597748000195693,39.837185000235685],[-75.597656000134194,39.837196999777959],[-75.59756400007268,39.837207999816393],[-75.59747100018626,39.837218999853071],[-75.597401999690973,39.837228000195267],[-75.597379000124747,39.837229999887981],[-75.597309999629474,39.837239000228735],[-75.59717099971229,39.837256000026166],[-75.597102000115328,39.837264000172837],[-75.596985999764371,39.837278000082321],[-75.596893999702857,39.837289000107781],[-75.596778000250211,39.837303000012227],[-75.596662999724174,39.83731699991381],[-75.596594000127212,39.837325000053376],[-75.596428000445854,39.837344000208603],[-75.596312999919803,39.837358000101837],[-75.596174000002634,39.837374999869816],[-75.596059000374908,39.837388000257583],[-75.595965999590177,39.837399000265435],[-75.595780999642244,39.837421000275775],[-75.595712000045253,39.837428999713481],[-75.59568899958073,39.837432000278334],[-75.595666000014504,39.837435000153306],[-75.595573000128098,39.837444999965527],[-75.595503999632797,39.837453000090171],[-75.595457999602047,39.837458999838162],[-75.595389000005085,39.837466999961187],[-75.595342000149415,39.837472000210042],[-75.595296000118665,39.837476999768732],[-75.595226999623378,39.837486000077178],[-75.595180999592614,39.837491000324647],[-75.595133999736959,39.837495999881966],[-75.595041999675445,39.83750699987251],[-75.594972000253563,39.837514999989942],[-75.594926000222813,39.837520000235294],[-75.594880000192049,39.837524999790503],[-75.595568000105217,39.837643999857832],[-75.596564999814888,39.838222000306509],[-75.596862999740722,39.838442999699673],[-75.597019000274628,39.838569000068425],[-75.59718699960581,39.838716999801285],[-75.597360999683076,39.838883000156777],[-75.597429000353458,39.838996000327093],[-75.597570999745372,39.839233999986071],[-75.597723000081345,39.83950899984881],[-75.597826000013512,39.839758000118913],[-75.597877000067129,39.839927999945381],[-75.597892999960649,39.840072999748791],[-75.597889999587593,39.840226999885012],[-75.59786299982342,39.840763000326689],[-75.597836999884166,39.840943999864209],[-75.597806999746922,39.841026000023561],[-75.597742000347907,39.841146999810647],[-75.597644000438621,39.841261999969284],[-75.597465000338474,39.841496999664649],[-75.597425000155496,39.841536999987632],[-75.597368000254093,39.841593000262741],[-75.597054000434738,39.841861000158666],[-75.596822999557745,39.842050999960826],[-75.596629000287294,39.842174000249436],[-75.596531000378008,39.84223600002538],[-75.596466999905601,39.842277000035622],[-75.596372000369357,39.842346999962849],[-75.596249000345694,39.842509000052765],[-75.596144999690324,39.842682000301643],[-75.595999000100448,39.842983000190017],[-75.595856999810223,39.843198000189247],[-75.59562699965646,39.843564000140809],[-75.595454000302396,39.843813000191304],[-75.595308999639144,39.844050999708465],[-75.595197000384459,39.844250999858815],[-75.595050999896273,39.844558999668273],[-75.594956000360042,39.844706000203182],[-75.594865000123434,39.844898999958417],[-75.594819000092684,39.845064999853527],[-75.594746000297761,39.845285999984391],[-75.59471299978749,39.845410000067673],[-75.594676999802473,39.845691999812722],[-75.59464599984031,39.845865000318135],[-75.594604999832441,39.846156000125177],[-75.594518999618728,39.846692999858575],[-75.594501000075383,39.846807999694697],[-75.594495000227582,39.84687200021569],[-75.594479000334061,39.847041000313382],[-75.594417000409777,39.847309000325367],[-75.594390999572198,39.84740400034093],[-75.594322999800127,39.847660999883999],[-75.594291999837992,39.847880999898607],[-75.594243000332526,39.848064000050734],[-75.594214000020187,39.848202999727292],[-75.594145000423211,39.848586000337086],[-75.594131000179516,39.848770000012408],[-75.594126999981569,39.848895000031554],[-75.594115000285996,39.84931000003531],[-75.59411100008802,39.849939999865846],[-75.594104000415342,39.850003000220603],[-75.594075999927924,39.850074999865505],[-75.594044999965803,39.850119000032826],[-75.594029999897174,39.850139000099539],[-75.59387599991139,39.85028299971826],[-75.593731000146448,39.850399999746372],[-75.593326000090499,39.85068900034058],[-75.593207000264783,39.850743000058948],[-75.593078000393376,39.850780999835294],[-75.59294699997379,39.850831000198653],[-75.592828999973008,39.850870999911365],[-75.592695999903626,39.850906000330561],[-75.592584999575564,39.850935000092917],[-75.592474999970676,39.850963999843017],[-75.592421000442329,39.850977999718012],[-75.592291999672582,39.851007000139617],[-75.592142999709665,39.851097999908617],[-75.592059999868994,39.851170999772478],[-75.591977999853228,39.851284999706998],[-75.591916999753863,39.851412999928058],[-75.591908000431346,39.85144500011846],[-75.591899000210518,39.851526000167276],[-75.591896999662382,39.851809000285819],[-75.591931999822478,39.85221000029324],[-75.591997000119804,39.852534999720824],[-75.592071999564567,39.852644000315202],[-75.592136000036987,39.852703999670105],[-75.59218799991551,39.85275400001202],[-75.592259999885542,39.852812999996168],[-75.592404999650512,39.852914999720596],[-75.592618000085821,39.853027000284612],[-75.592813999904422,39.853123999892667],[-75.593104000332616,39.853232000283249],[-75.59321399993749,39.853268000145825],[-75.593360000425662,39.853314000249213],[-75.593417000327079,39.853329000291254],[-75.593777000177198,39.853426000162166],[-75.594054000186631,39.85350899985044],[-75.594359999610063,39.853575000237193],[-75.594469000288328,39.853607000109321],[-75.594635999794576,39.853625999896991],[-75.595474000393907,39.853638999966471],[-75.595690000303975,39.853679000111789],[-75.595728999763708,39.853689000316862],[-75.59587899955153,39.853723999988759],[-75.596061999849653,39.853760000282918],[-75.596303999698975,39.853826999688174],[-75.596343000057047,39.853834999973024],[-75.596825000105881,39.853943999882233],[-75.596991999612143,39.853998999745428],[-75.597292000086114,39.854028000269892],[-75.597703999814755,39.854047999887307],[-75.598108000045798,39.854073999864006],[-75.598395000100993,39.854110999919882],[-75.598451000177491,39.854122000007216],[-75.598581999698723,39.854152999679535],[-75.598737000407752,39.854199999823507],[-75.598894999693172,39.854262999716518],[-75.599288999878468,39.854459000010003],[-75.599329999886365,39.854479000191461],[-75.599354000175808,39.854493000039113],[-75.599484999697054,39.85457799969344],[-75.5997409997901,39.854726000089777],[-75.5999790003398,39.854885000132015],[-75.600112000409169,39.854948000085841],[-75.600299000006927,39.855010999981893],[-75.600398999566039,39.855044999737615],[-75.600581999864147,39.855111999957316],[-75.600674999750566,39.855147000282777],[-75.601056000415369,39.855308999822988],[-75.60125200023397,39.855410999975867],[-75.601352999618001,39.855491000246609],[-75.601457000273371,39.855601000208004],[-75.601508000327001,39.855687999714057],[-75.60154000011407,39.855884999995247],[-75.601539000289151,39.85595699967692],[-75.601536999741,39.856094000088511],[-75.601535000091189,39.856232000141027],[-75.601531999718134,39.856432999886053],[-75.601498000281268,39.856623999955978],[-75.601383999580136,39.856833999773237],[-75.601160000172456,39.857076999863075],[-75.600816000215886,39.857421999704613],[-75.600630000443033,39.857575000338443],[-75.600485999604672,39.857694000135908],[-75.600236000257738,39.857941000186806],[-75.600047999936763,39.858133999970818],[-75.59995900024829,39.858265000175955],[-75.599690999561375,39.858659999738741],[-75.599421999947864,39.859055999659546],[-75.599413999551956,39.859068000206562],[-75.599081000364336,39.859546999813354],[-75.598566999630123,39.860206999994546],[-75.597887999937768,39.860979999878523],[-75.597425000155496,39.861493999776847],[-75.597252999728056,39.861686999911555],[-75.596646000005734,39.862577000318787],[-75.596579999883502,39.862645999722545],[-75.596522999982099,39.862720000225139],[-75.596456999859839,39.862831999958125],[-75.596441999791239,39.862866999794072],[-75.596405999806237,39.862971000068178],[-75.596390999737608,39.863042999900394],[-75.596384000064916,39.863112000214571],[-75.59638300024001,39.863184999711983],[-75.596390999737608,39.863257000009177],[-75.596404999981317,39.86332900023082],[-75.596420000049932,39.863380000227153],[-75.596442999616144,39.863456000246046],[-75.596461000057801,39.863517000300078],[-75.596560999616926,39.863852000071034],[-75.596661000074349,39.864188000073433],[-75.596668999571946,39.864215000143837],[-75.596687000013617,39.864255000330672],[-75.59671200012798,39.864338999819793],[-75.596722000173713,39.864439999857368],[-75.596708999754924,39.86454600009187],[-75.596671999945016,39.864649999889586],[-75.596613000393774,39.864747000308],[-75.596575999685541,39.864791999822941],[-75.596368000171395,39.864969000294643],[-75.595943000023951,39.865331999973847],[-75.595763000098898,39.865538000229179],[-75.595666000014504,39.865703000081346],[-75.595583999998752,39.865915999704832],[-75.595544999640694,39.866044000219027],[-75.595467999647809,39.866299000073781],[-75.595421999617059,39.86637800029613],[-75.595369999738494,39.866468999680194],[-75.595306000164413,39.866537000232228],[-75.595228000346609,39.866595000325283],[-75.595157000201496,39.866634000051249],[-75.595081999858422,39.866669000016273],[-75.594999000017737,39.866697000251257],[-75.594957000184948,39.866706999938415],[-75.594915000352145,39.866715999862436],[-75.594818000267793,39.866729000210263],[-75.59397399982069,39.866787000141066],[-75.593887999606949,39.866793000083561],[-75.593552999871193,39.866857999656723],[-75.593357999877526,39.866914999719725],[-75.593255999770278,39.86694500006044],[-75.593198999868861,39.866965999808492],[-75.593011000446225,39.867035000314409],[-75.592940000301112,39.867070999831377],[-75.592875000003772,39.867113999689252],[-75.592811000429663,39.86716800027439],[-75.592753999629934,39.867230000229839],[-75.592710000147335,39.867295999831654],[-75.592678000360294,39.867365000005663],[-75.592664999941505,39.867423000088273],[-75.592619999735646,39.86763000001892],[-75.592575000428127,39.867836000269115],[-75.592562999834243,39.867871000310409],[-75.592566000207299,39.867958999862516],[-75.592561000184418,39.868124999838585],[-75.592627000306649,39.868435999983447],[-75.5926309996063,39.868454999802502],[-75.592751999980123,39.868747999829431],[-75.593002000225383,39.869220999700637],[-75.593019999768728,39.869255000000123],[-75.593037000385479,39.869285999731218],[-75.59309299956368,39.869344999981479],[-75.593215999587315,39.869476000157007],[-75.593321000067618,39.86959200015103],[-75.59333899961095,39.869614999906624],[-75.593629999864092,39.869996000191698],[-75.593957999927142,39.870267000022267],[-75.594347000089584,39.870447999676585],[-75.594582000266229,39.870522000037695],[-75.594777000259896,39.870573999908252],[-75.594974999728294,39.8706189997379],[-75.595190999638362,39.870657000229841],[-75.595408000271647,39.870687000313083],[-75.595431999662793,39.870695999714968],[-75.595496999960119,39.870720000182629],[-75.595553000036602,39.870750000238317],[-75.595604000090233,39.870787000265928],[-75.595646999747942,39.870827999770107],[-75.59567400041044,39.870861999962557],[-75.595716000243229,39.870933000086964],[-75.595727000113882,39.870965999838219],[-75.595907999863854,39.871229000338353],[-75.596054000352026,39.871484999916966],[-75.596107000055483,39.871607999862206],[-75.596153000086233,39.871711000296848],[-75.596198000292091,39.871815999951536],[-75.596245000147732,39.871923999881709],[-75.596357000300742,39.872181999677792],[-75.596393000285758,39.87224300024662],[-75.596543999898486,39.872353000242477],[-75.596574999860621,39.872495999766471],[-75.596626999739158,39.872733999798143],[-75.59666600009723,39.872908000069316],[-75.596671999945016,39.872935000155024],[-75.59671100030306,39.872991999994696],[-75.596940999558527,39.873319999965737],[-75.597052999711522,39.873467000263496],[-75.597164000039584,39.873612000234488],[-75.597276000192579,39.873758000247385],[-75.597386999622358,39.873903999949555],[-75.597467999813205,39.874002999693523],[-75.59759599985972,39.874161000228469],[-75.597913999877051,39.874463999948098],[-75.597805000097111,39.87451600027736],[-75.597636000042684,39.874600000301669],[-75.597129999704421,39.87485100011434],[-75.596962000373239,39.874936000059648],[-75.596948999954435,39.87494100033701],[-75.596912999969433,39.874957999760689],[-75.596901000273874,39.874965000008785],[-75.596890000403221,39.874970000284051],[-75.596859000441086,39.874984999728852],[-75.596849000395324,39.874991000333111],[-75.596825999930786,39.875003000161314],[-75.596283999607493,39.875268000313007],[-75.596189999896168,39.875314999782901],[-75.594250999830123,39.876279000243628],[-75.594020999676346,39.876392000212107],[-75.593316999869657,39.87674099998231],[-75.59327800040991,39.876760000258578],[-75.593030999639382,39.87688299970646],[-75.592997000202502,39.876900000027547],[-75.592084000158437,39.877350999910426],[-75.589246000292022,39.878756999834877],[-75.588299999737686,39.879227000196231],[-75.586795999864819,39.879971000284357],[-75.584761000437638,39.880978000225824],[-75.585736000405973,39.882233999763486],[-75.58719199969994,39.88420699997728],[-75.587149000042245,39.884229999657265],[-75.587007999576926,39.884332999747691],[-75.586990000033595,39.884350999794457],[-75.586943000177925,39.884415999962314],[-75.586921000436604,39.884432000291106],[-75.586897000147175,39.884435000180055],[-75.586810000108514,39.884425000320086],[-75.586716000397203,39.884432999794576],[-75.586662999795436,39.884443999845963],[-75.586591999650324,39.88448500014735],[-75.58653200027419,39.884536999771306],[-75.586493999741037,39.884584999972489],[-75.586450000258409,39.884623000308984],[-75.586421999771005,39.88463899990019],[-75.586333000082561,39.88467099976063],[-75.586287999876703,39.884696999851663],[-75.586287000051811,39.884784999874583],[-75.58624900041697,39.884813999794751],[-75.586205999860951,39.884828999843727],[-75.586179999921683,39.884830000030661],[-75.586149999784453,39.884817999854064],[-75.586108999776556,39.884769000317498],[-75.586075000339704,39.884746000129056],[-75.586047999677191,39.884738000001768],[-75.585993000323938,39.884743000253721],[-75.585945999569944,39.884758999816931],[-75.585919999630661,39.884761000192896],[-75.585897000064449,39.884754999754129],[-75.585847999660658,39.884732999749396],[-75.585819000246659,39.884738000001768],[-75.585728000010064,39.884784999874583],[-75.58568399962914,39.884777999939551],[-75.585662999712724,39.884765000255292],[-75.585615999857069,39.884717000180117],[-75.585538000039264,39.884663000313914],[-75.585480000312941,39.88464000008991],[-75.585384000053466,39.884591999927224],[-75.585352000266411,39.884590999736808],[-75.585311000258542,39.884595999999476],[-75.585276000098432,39.884622000119009],[-75.585241999763255,39.884663000313914],[-75.585195999732505,39.884747999816085],[-75.585190999709624,39.884765999753895],[-75.585149999701741,39.88481499998192],[-75.585122000112662,39.884839000334033],[-75.585059000363458,39.884871000101178],[-75.584965999578728,39.884893000061687],[-75.584880000263311,39.884891999875606],[-75.584855999973882,39.884895999930407],[-75.584818000339041,39.884919000068528],[-75.584797000422654,39.884927000174699],[-75.584712999858752,39.884917999882887],[-75.584616999599262,39.884934000094525],[-75.58457800013953,39.884932999909104],[-75.584516000215245,39.884992999981066],[-75.584490000275977,39.885009000175202],[-75.584367000252342,39.884853999688211],[-75.584185999604045,39.884572999753004],[-75.58369500023268,39.884779000127295],[-75.583653000399892,39.884820000228309],[-75.582885000120768,39.885342000094155],[-75.582415999592413,39.885741000239229],[-75.580413999777178,39.883745999730174],[-75.579966000063507,39.88396999997871],[-75.579723000389265,39.88408200017318],[-75.578879999767082,39.884474000102493],[-75.578782999682716,39.88451899977337],[-75.578493999977695,39.884655999677101],[-75.578397999718248,39.884702000106664],[-75.577950999829497,39.884913000332965],[-75.576610999988162,39.885548000225803],[-75.576164999924316,39.885760000089775],[-75.572706999916804,39.887402999899372],[-75.572511999923137,39.887492000043551],[-75.572384999701526,39.887551999943895],[-75.571162000036068,39.888136000044824],[-75.573387000332374,39.891028999830162],[-75.573563000059465,39.89125599999722],[-75.573670000189594,39.891394999716333],[-75.573778000144628,39.891533999842771],[-75.574252999622459,39.892152999849372],[-75.573655000120965,39.892345999877449],[-75.572871999773241,39.892811999854793],[-75.572517999770909,39.893011999879164],[-75.572431999557196,39.893052999881029],[-75.572430999732291,39.89312399977576],[-75.572291999815107,39.893194000221285],[-75.57237899985374,39.89361800024961],[-75.572424999884504,39.893939999799755],[-75.572419000036703,39.894739999770998],[-75.572506999900256,39.89488899971964],[-75.573380999586277,39.896397000328498],[-75.572012000330943,39.897053000165116],[-75.57052299962838,39.89777199983623],[-75.569797000080371,39.898120999673623],[-75.569398999697114,39.898315000115929],[-75.567078999864563,39.899435999955621],[-75.56524100008086,39.900327999768386],[-75.563584000047115,39.901131000137077],[-75.563526000320806,39.901158000136164],[-75.563436999734023,39.901200999985114],[-75.562975999601576,39.901424999707231],[-75.562538999758559,39.901638000028285]]],[[[-75.593099000309763,39.837722999956753],[-75.593051999555783,39.837728999681147],[-75.593006000423344,39.837733999910931],[-75.5929129996386,39.83774300018564],[-75.592798000010873,39.837755999814014],[-75.592705000124468,39.837766000269283],[-75.592635999629167,39.837773000173215],[-75.592588999773511,39.837777999709999],[-75.592520000176535,39.837785999795862],[-75.592310999939158,39.837807999682283],[-75.592125999991254,39.837826999703935],[-75.59194100004332,39.837846999902538],[-75.591709000239703,39.837871000133212],[-75.591570000322548,39.837884999919019],[-75.591291999589885,39.837913999663293],[-75.590945000158555,39.837948999790243],[-75.590759000385731,39.837967999772893],[-75.590411000231171,39.838001999692388],[-75.590087000366069,39.838035000105329],[-75.589900999694933,39.838052999884994],[-75.589715999747,39.838070999659877],[-75.589553000438698,39.838086000273414],[-75.589437999912661,39.838097999658281],[-75.589321999561705,39.838109000242142],[-75.589206000109058,39.838120000134495],[-75.589042999902446,39.838135000047558],[-75.588903999985263,39.838148000291469],[-75.588694999747901,39.838167999706855],[-75.588533000264505,39.83818300029921],[-75.588483999860699,39.838187999806152],[-75.588324000027143,39.8382029997044],[-75.588185000109959,39.838214999758563],[-75.588021999903347,39.838230000340651],[-75.587836000130508,39.838246999892782],[-75.587673999748787,39.838261999778098],[-75.587487999975949,39.838279000012037],[-75.587325999594242,39.838292999714675],[-75.587135999623456,39.838309999940996],[-75.58692700028439,39.838328999823709],[-75.586764999902684,39.838343000205938],[-75.586555999665308,39.838360999904815],[-75.58639300035702,39.838375000280514],[-75.586277000006049,39.838386000130221],[-75.586067999768687,39.838403999817878],[-75.585835999965099,39.838422999674592],[-75.58560300033659,39.838442999699673],[-75.585370999634677,39.838462000235388],[-75.585184999861852,39.838478000246816],[-75.585045000119777,39.838489000080067],[-75.584975999624461,39.838494999737556],[-75.584835999882387,39.838506000257816],[-75.58462699964501,39.83852299974162],[-75.584440999872157,39.838538000256442],[-75.584301000130083,39.838549000080086],[-75.584184999779126,39.838558000248035],[-75.584069000326508,39.838566999724975],[-75.583952999975551,39.838577000062138],[-75.583813000233476,39.838586999708127],[-75.583696999882505,39.838595999871046],[-75.583581000429859,39.838605000032835],[-75.583464000253997,39.838614000193395],[-75.583325000336828,39.838625000004868],[-75.583208000160965,39.838634000162806],[-75.583115000274546,39.838640999978317],[-75.582976000357377,39.838651000304715],[-75.582835999716963,39.838662000110261],[-75.582742999830558,39.83866799975263],[-75.582649999944138,39.838675000254412],[-75.582510000202063,39.83868499988607],[-75.58237100028488,39.838695999686166],[-75.58223099964448,39.838706000004557],[-75.582068000336179,39.838716999801285],[-75.581927999695779,39.83872700011662],[-75.581788999778595,39.838736999740703],[-75.58169599989219,39.838744000235451],[-75.581578999716314,39.838752000208778],[-75.581463000263682,39.838760000181182],[-75.581276999592518,39.838773000306773],[-75.581114000284217,39.838784000092787],[-75.580973999643831,39.838793999708571],[-75.580787999871006,39.838805999659506],[-75.58067099969513,39.838814000315338],[-75.580531999777961,39.838822999758776],[-75.580414999602084,39.838830999722909],[-75.580321999715679,39.838837000040243],[-75.580159000407363,39.838847000338149],[-75.580042000231501,39.838855000299425],[-75.579972999736199,39.838859000279768],[-75.579925999880544,39.838862000092412],[-75.580124000247267,39.839093999921381],[-75.580183999623401,39.83914299966613],[-75.580508000386828,39.839600999840464],[-75.580551000044508,39.839652999691268],[-75.580611000318981,39.83973899994178],[-75.580653000151784,39.839817999699989],[-75.580761000106804,39.83993900023615],[-75.580875999734545,39.840078999957655],[-75.580941000031871,39.840144000002347],[-75.580975000367047,39.840187000178467],[-75.580998999758194,39.84023099978544],[-75.581155000292114,39.840428000282266],[-75.581288000361496,39.84057700028972],[-75.581311999752629,39.840610000155046],[-75.581336000042072,39.840659000197505],[-75.581368999654046,39.840709999796438],[-75.581449000019973,39.840808999842849],[-75.58150500009647,39.840861000158398],[-75.581563999647713,39.840926000152599],[-75.581635999617717,39.840987000229148],[-75.581705000113018,39.84106599993116],[-75.581726000029406,39.84110199996605],[-75.581776000258145,39.841156999772103],[-75.581803999847224,39.841180000091811],[-75.581858000273897,39.841233000259358],[-75.581963999680781,39.841364000302754],[-75.582028999978121,39.841453000179158],[-75.582061999590081,39.84148400005472],[-75.582438000232031,39.841780999866863],[-75.582659999989872,39.84196900033578],[-75.582731000134984,39.842037999766035],[-75.582866999679126,39.842167000104347],[-75.583000999573429,39.842291999730421],[-75.583036999558445,39.842320999682876],[-75.583301000047399,39.842610999913326],[-75.583628000285543,39.842889999792504],[-75.583824999929021,39.843022000230228],[-75.584090000242895,39.843173000336208],[-75.584645999911601,39.843481000153247],[-75.58487699989027,39.843594999753137],[-75.585311000258542,39.843809999905211],[-75.586199000188259,39.844257999791438],[-75.586255000264757,39.844280999762169],[-75.586338999930334,39.844315000004606],[-75.586449000433504,39.844342999704793],[-75.586569000084111,39.844350999715523],[-75.586769000100645,39.844351999803045],[-75.586902999994948,39.844342999704793],[-75.586944999827736,39.844339000043888],[-75.587103000011496,39.844308000077795],[-75.587129999775669,39.84430300032669],[-75.587347000408954,39.844225000299858],[-75.587488999800868,39.84414800027487],[-75.587633999565824,39.844071000163567],[-75.587776999680941,39.843991999780492],[-75.587858999696721,39.843954999788075],[-75.588327000400184,39.843736999800754],[-75.588740999778651,39.843506999993977],[-75.589170000124042,39.843212999682869],[-75.589569000332219,39.842855000114589],[-75.589618999662619,39.842804000039635],[-75.589679999761984,39.842740999975838],[-75.589817999854247,39.842600000050645],[-75.59001700004589,39.842275999917881],[-75.590056000403933,39.842213000059395],[-75.590217999887329,39.841946000280352],[-75.59059700000401,39.841449999789944],[-75.590740999944074,39.841252000023118],[-75.590884000059191,39.841053999685435],[-75.590986000166438,39.840913999882396],[-75.591212000122255,39.840556000053617],[-75.591290999764979,39.840444999980072],[-75.59159100023895,39.839790000223914],[-75.59187599974598,39.839209000069374],[-75.592110000097705,39.838768000152648],[-75.592388999756963,39.838421000016666],[-75.592541000092936,39.838276000173934],[-75.592624999758527,39.838159000177576],[-75.592834999820809,39.837956999856182],[-75.593099000309763,39.837722999956753]]]]},"properties":{"NAME":"Chester County","STATE":"42","COUNTY":"029","GEOID":"42029"}},{"type":"Feature","geometry":{"type":"Polygon","coordinates":[[[-75.307673999947468,40.312687999784472],[-75.309793999763471,40.313995000284976],[-75.310081999643572,40.314173000309921],[-75.310360000376235,40.314333000193571],[-75.310574999563073,40.314463000076756],[-75.31094399963402,40.314694999678494],[-75.311234000062257,40.314883999777578],[-75.313705000405847,40.316386999771858],[-75.313796999569036,40.316440999870927],[-75.31456599967305,40.316908999833778],[-75.316366999646831,40.317994999667036],[-75.316997999658597,40.318380000027545],[-75.317176999758757,40.318488999730889],[-75.318187999712109,40.319103000251516],[-75.318684000004666,40.319405999856301],[-75.319655999599945,40.320003999988991],[-75.320151999892502,40.320304999720491],[-75.320199999573077,40.320333000232537],[-75.320566000169308,40.320543000278334],[-75.320635999591175,40.320586000174529],[-75.322403000128077,40.32167399966373],[-75.324326000300616,40.322825999913057],[-75.325339999728683,40.323424999810399],[-75.326445000291699,40.324054999952999],[-75.327453999696928,40.324660999923317],[-75.328606000115599,40.325325000043378],[-75.328950999897089,40.325513999835309],[-75.329041000308777,40.325569000059481],[-75.329116999578432,40.325614999851453],[-75.329216000210963,40.325671999773469],[-75.329909999971903,40.326080000261143],[-75.330544000356724,40.32645399968316],[-75.331183999691007,40.326824000280304],[-75.332162999857303,40.327384000121022],[-75.333343999689987,40.328074999663528],[-75.334614000109426,40.328808999801637],[-75.335272999710284,40.329189000250778],[-75.335762000330149,40.329471999687264],[-75.335773000200803,40.32947700022563],[-75.335803000338018,40.329497000320892],[-75.335883999630568,40.329548000023429],[-75.337425000211653,40.330502000045335],[-75.338183000445028,40.330971000273522],[-75.339340999813174,40.331689000179765],[-75.339775000181433,40.33195899999162],[-75.341400000428123,40.33296199978242],[-75.34452799982445,40.334900000206716],[-75.344680999985329,40.334989999861953],[-75.34526599996633,40.33535099976816],[-75.345638000410332,40.33557599991628],[-75.346425999882598,40.336062999849673],[-75.346743999899928,40.33627199984268],[-75.347296000268969,40.336611999974927],[-75.347573000278416,40.336777999811794],[-75.348092000137171,40.337093999989527],[-75.348584000231767,40.337393999802892],[-75.348820000233303,40.337532999955826],[-75.349519999842045,40.337945999863607],[-75.350000000241081,40.338222000254653],[-75.350810000352993,40.338702000329391],[-75.351745999963285,40.339275000269481],[-75.351844999697462,40.339332999982645],[-75.352524000288128,40.339747999875385],[-75.353141999881103,40.340135000136442],[-75.353218999873988,40.340181999946168],[-75.353283000346408,40.340221000273353],[-75.353346999920504,40.34025999989332],[-75.353500000081397,40.34035399999059],[-75.354081999689356,40.340698999800765],[-75.356347999993545,40.342043999906998],[-75.358697999963326,40.343445999873026],[-75.359072999882045,40.343664000310206],[-75.359441000128072,40.343887000198023],[-75.359963000359883,40.344195000280038],[-75.360274999631102,40.344380999737396],[-75.360459999579035,40.344486000087997],[-75.360797999687847,40.344691000203724],[-75.361344000209101,40.345009000182394],[-75.361654999655414,40.345202999678534],[-75.362056000411741,40.345436000036983],[-75.363449999781409,40.346263999694095],[-75.36394299970091,40.346568000185847],[-75.363993999754541,40.346599000181506],[-75.364397000160665,40.346847000318689],[-75.366085000156545,40.347863999954697],[-75.366128999639159,40.347890000181224],[-75.36622700044677,40.347949000263228],[-75.367829000228923,40.348915000310413],[-75.368204000147642,40.349134999957414],[-75.368424000255658,40.349273999880936],[-75.368475000309289,40.349305000002175],[-75.369201999682218,40.349742000172299],[-75.369809000302837,40.350112999946084],[-75.371645000436729,40.351221999929813],[-75.371874999692182,40.351364999750999],[-75.372269999702382,40.351610000276573],[-75.372456000373546,40.3517210000904],[-75.37418500037731,40.352747999847878],[-75.376280999903884,40.354005000112494],[-75.377450999865886,40.354716000330363],[-75.378784999859434,40.355518999814826],[-75.379557000336504,40.355974999757585],[-75.381016999828432,40.35686099979452],[-75.382322000407981,40.357645999987838],[-75.382801000083774,40.35792999995418],[-75.383013999620786,40.358048999707343],[-75.386217000258512,40.359947000334536],[-75.390052999659474,40.362202000037101],[-75.394852000231552,40.365096999841455],[-75.39504999969995,40.365218999914163],[-75.397110000139833,40.366463000100971],[-75.397620999602665,40.36678300001271],[-75.398346000224095,40.367240999659998],[-75.400313999704125,40.368491999751356],[-75.400589000063746,40.368644999966151],[-75.400742000224625,40.368729000151099],[-75.401321000357854,40.369061000118229],[-75.401898999767837,40.369384999721476],[-75.401978000308887,40.369430999754364],[-75.402253999595075,40.369619999872342],[-75.402282999907399,40.369639999701739],[-75.402862999865533,40.37000300015908],[-75.404151999653251,40.370723999780772],[-75.404326999555423,40.370824999873108],[-75.405433999768263,40.371468000245443],[-75.405533000400766,40.371521000174909],[-75.405623999739063,40.371574000062644],[-75.405700999731948,40.371627999802129],[-75.405801000189385,40.371697999830921],[-75.406052000259535,40.371872000037165],[-75.40634900036045,40.372055000146943],[-75.406577999790997,40.37220000003812],[-75.406647000286284,40.372246000202722],[-75.407243999962873,40.372615000267913],[-75.408607000268717,40.37346599983313],[-75.409224999861721,40.3738100001191],[-75.409279000288379,40.37384000004888],[-75.41040200039474,40.374499999914804],[-75.411018000337876,40.37486300019944],[-75.411469000424589,40.375052999981641],[-75.41153700019666,40.375099000251751],[-75.412430000149229,40.375694000037811],[-75.413261000177542,40.376156000023983],[-75.413589000240592,40.376335000155215],[-75.416747999599053,40.378325999900575],[-75.420212000352677,40.380420999717984],[-75.420891000045003,40.380829000287456],[-75.422149999695492,40.381637999905678],[-75.42223400025938,40.381691000047418],[-75.425391999792936,40.384216000340835],[-75.425415000257473,40.3842319997499],[-75.425667000152544,40.384430000162318],[-75.426658999839333,40.384956000166049],[-75.428001000228804,40.38575000012662],[-75.429916000005406,40.386841000092396],[-75.431679000344346,40.387855999939603],[-75.432380999602898,40.388267999906198],[-75.432762000267715,40.388512000093144],[-75.438121999633054,40.391714000258837],[-75.445406999719026,40.39606500017895],[-75.445486000260075,40.396110999784298],[-75.445646999918537,40.396205000010404],[-75.445858999630644,40.39632900028262],[-75.45201999978535,40.399314000007131],[-75.456604000272293,40.402152999880961],[-75.45850300015536,40.403281000103632],[-75.462050999676237,40.405389999822141],[-75.464819000120769,40.407035999967157],[-75.466199999969973,40.407855999874329],[-75.466091000190033,40.407947000003098],[-75.471360000217089,40.411118000305379],[-75.472505000064743,40.411807000293685],[-75.474251999611838,40.412858000124558],[-75.474887999646469,40.413240000166589],[-75.475357999999758,40.413523999741372],[-75.47648299975593,40.414199999744845],[-75.477224000270866,40.414645999907883],[-75.479754000165713,40.416168000313725],[-75.480746999677393,40.416766000182584],[-75.482350000182777,40.417726999958319],[-75.482767999759204,40.417978999876709],[-75.483858000253605,40.418634000058802],[-75.490005999989506,40.422447000221226],[-75.490359999991853,40.422672000332426],[-75.490790000162164,40.422935000216668],[-75.49284200020611,40.424208000289319],[-75.496404999795615,40.426418999914866],[-75.497188000143325,40.426900999907772],[-75.498118999730764,40.427453999820088],[-75.498503999695231,40.427682000197485],[-75.498623000419215,40.427752000092333],[-75.498823000435763,40.427872000035599],[-75.501617999746159,40.429525000116655],[-75.502557999554398,40.430086000061287],[-75.503190000289393,40.430461000091327],[-75.505039999768655,40.431557000124869],[-75.509824000272133,40.434455999711929],[-75.511688999819995,40.435589999802168],[-75.513657000198364,40.436837000257739],[-75.516156999955953,40.438419000204121],[-75.516624999761106,40.438714999901244],[-75.516828000150696,40.438843000161235],[-75.51727000001658,40.439124999842022],[-75.517676999722354,40.43938400000517],[-75.518377000229407,40.439831000270445],[-75.522786999740731,40.442628999733806],[-75.524508000246897,40.443721999806797],[-75.525624999607146,40.4444330000279],[-75.526794999569162,40.445175000012838],[-75.527489000228428,40.445615999766943],[-75.527727999704709,40.445768999772937],[-75.52981300025894,40.447091999855402],[-75.530867999694919,40.445678999690969],[-75.531902000112822,40.444302999793521],[-75.533112000257802,40.442771000189843],[-75.533934999890192,40.441767999664151],[-75.533949000133887,40.441749000280687],[-75.534221000120453,40.441416999716012],[-75.534283000044724,40.441337000166776],[-75.534360999862542,40.441240000081386],[-75.535567999634466,40.439713000288798],[-75.535903000268547,40.439285000007807],[-75.536849999749478,40.438086000012682],[-75.537208999774677,40.437599000150641],[-75.537879999969434,40.436771000054449],[-75.538192999963869,40.436377999739996],[-75.538291999698075,40.436254999712411],[-75.538428999965419,40.436087999781741],[-75.538597000194912,40.435879000233996],[-75.539998999960531,40.434137999928701],[-75.540019000051998,40.434112999808868],[-75.542708999780402,40.430606999754502],[-75.544425000263686,40.42864799997011],[-75.544703999922945,40.428314999937861],[-75.54479799963427,40.428203000051418],[-75.545873999884961,40.426975000321555],[-75.546810000393563,40.425740000268732],[-75.548149000409992,40.423969999708149],[-75.548592000100783,40.423426000199939],[-75.549162999838089,40.422719999857584],[-75.550163999745706,40.421482000129608],[-75.550620999680191,40.42091600031452],[-75.551419000096544,40.419931000208081],[-75.551900000320458,40.419339000328449],[-75.552254000322804,40.418911000308611],[-75.552604999952081,40.418475999761085],[-75.552849000349553,40.418178999997814],[-75.552917000121624,40.418098000270028],[-75.553131000381867,40.417830999691652],[-75.555308000099274,40.41516800012257],[-75.556685999575436,40.413483000187448],[-75.558458000135232,40.411346999953459],[-75.558893000328396,40.410819000219185],[-75.559752999770708,40.409723000169251],[-75.560895000143631,40.408307999872974],[-75.561055999802107,40.408107999824288],[-75.562349999612678,40.406504999748947],[-75.562420999757805,40.406416999905858],[-75.563086999929652,40.405580999762336],[-75.563230000044797,40.405405000281156],[-75.563705000420953,40.404819999740248],[-75.563813000375973,40.404683999701135],[-75.566445000378067,40.401443000157592],[-75.568084999795047,40.399384000001888],[-75.56927400002364,40.39789199985664],[-75.571424999801792,40.395341999680419],[-75.571495000121999,40.395254999838059],[-75.576101000350221,40.389536000144147],[-75.579079999783644,40.385877000222393],[-75.58049699961785,40.384137999917087],[-75.580541999823694,40.384083999939271],[-75.581197999949808,40.383256000104566],[-75.581521999814925,40.382855000004902],[-75.581571000218716,40.382794000220834],[-75.581796000349613,40.382511999783134],[-75.582986000403125,40.381054999700432],[-75.584328999719176,40.379377000334017],[-75.585549999734837,40.377918999712179],[-75.585765999644892,40.377661000169013],[-75.58637400009043,40.376934999733884],[-75.587836999955428,40.375053999824203],[-75.592712999622066,40.369262999660812],[-75.594039999942908,40.367797000285826],[-75.5941930001038,40.367511000226543],[-75.594238000309645,40.367424000025203],[-75.594238000309645,40.367405000178699],[-75.59487199979614,40.366703999972536],[-75.59926799996208,40.361386000155569],[-75.60028800013626,40.360165000143375],[-75.601684000054107,40.358453999933793],[-75.604428000209168,40.355101000010521],[-75.604515000247829,40.354991999879658],[-75.605181000419677,40.354139000187686],[-75.605239000146014,40.354062000013577],[-75.606557000246013,40.352457000086794],[-75.607815999896488,40.350964999704459],[-75.607892999889401,40.350872999734669],[-75.608276000204029,40.350417000204679],[-75.609324999792221,40.349173999900835],[-75.612090999688618,40.345730000116525],[-75.612976000143604,40.344649999819651],[-75.613044999740566,40.344570000250862],[-75.613365000306018,40.344172999831741],[-75.615089000286915,40.34208699979947],[-75.615479000274235,40.341606000189493],[-75.616178000058085,40.340747000253728],[-75.618532000225812,40.337861999669357],[-75.620262999879387,40.335742000247677],[-75.620452999850187,40.335509999704087],[-75.620995000173494,40.334836000211489],[-75.621117000372237,40.334682000209568],[-75.621138000288624,40.334654999928425],[-75.621176999748371,40.334607999692338],[-75.621379000313055,40.334362999723403],[-75.621445000435287,40.334281999834275],[-75.623176999913795,40.332129999975734],[-75.62347200036487,40.33170799981886],[-75.623528000441382,40.331628999770473],[-75.624248000141591,40.33068699977408],[-75.624893000397066,40.329772999660996],[-75.625182000102072,40.32942700030388],[-75.6252409996533,40.329355999693959],[-75.625342999760548,40.329235000314966],[-75.625479000203001,40.329071999931365],[-75.625587000158021,40.328941000257842],[-75.62594600018322,40.328510000018483],[-75.626183000009675,40.328204999795709],[-75.626289000314898,40.328072000100022],[-75.626441999577466,40.327877000108408],[-75.627036999604201,40.327168000233918],[-75.627646999699564,40.326405000140504],[-75.627953000021336,40.326027000223036],[-75.62801300029578,40.325951999917052],[-75.628081999892757,40.325866999971801],[-75.628311000221615,40.325590999725698],[-75.628624000216064,40.32521399994063],[-75.629477999810589,40.324162000257374],[-75.631817999734622,40.321509000294398],[-75.632406999913599,40.320806999702683],[-75.63258299964069,40.320572999938051],[-75.634192999818751,40.318412999956323],[-75.634262000314038,40.318325000110505],[-75.634894999975629,40.317538999824791],[-75.636192000159269,40.315974000122786],[-75.63690199981373,40.315117000034206],[-75.63817600043113,40.313559000165803],[-75.638680000221299,40.312945999997282],[-75.638778999955505,40.312831999849614],[-75.638828000359297,40.312771999802706],[-75.638984999819812,40.312579000306414],[-75.639030000025656,40.312489000221369],[-75.639931000374162,40.311400999994405],[-75.640021999712445,40.311297999742116],[-75.644991999988733,40.305253000014993],[-75.645237000211139,40.304955000227849],[-75.645217000119644,40.304945000313317],[-75.645655999612472,40.30440900012637],[-75.646253000187357,40.303686000142008],[-75.647798000068093,40.3018159997862],[-75.647858000342552,40.301742999793014],[-75.648299000383517,40.301201000088788],[-75.650261999840708,40.298794000342177],[-75.650649000353312,40.298319999823221],[-75.651497999924942,40.297272999922676],[-75.651765999713561,40.296946000325548],[-75.655824999595609,40.291955999946737],[-75.660515000387747,40.286217000189929],[-75.664319000001669,40.281367000330036],[-75.664504999774493,40.28112900015244],[-75.664529999888856,40.28109699969032],[-75.664551999630177,40.281069000044546],[-75.664596000011116,40.281018000048022],[-75.665981000058267,40.279384999830114],[-75.667309000204042,40.277816999795746],[-75.671337999948861,40.2730519998006],[-75.674385999877543,40.269358000108639],[-75.675483000044636,40.268025000269041],[-75.67554599979384,40.267948999925729],[-75.675599000395579,40.267885000219749],[-75.675671000365611,40.26779699966832],[-75.676099999812692,40.267272999715807],[-75.678955000295872,40.263778000055233],[-75.679951000180594,40.262536999772266],[-75.680716000086676,40.261583000082332],[-75.682392000386983,40.259492999728245],[-75.685012999620085,40.256222999760908],[-75.686289999712244,40.254631000215653],[-75.686987999671146,40.253759999861146],[-75.688506999612628,40.251867999992463],[-75.689171000134678,40.251019999992749],[-75.689844999804123,40.250159999900681],[-75.692038000313389,40.247357999749511],[-75.692901999953648,40.246254999754619],[-75.6934950003306,40.245498999749984],[-75.693594999889697,40.245362999912402],[-75.693695000347134,40.24519700028489],[-75.693702999844717,40.245162999856582],[-75.693732999981961,40.245093999923043],[-75.693787000408634,40.245036999895092],[-75.693847999609673,40.244967999833179],[-75.694317000138071,40.24444899994522],[-75.694570999682966,40.244126000188722],[-75.695949000057439,40.242365000302897],[-75.696082000126836,40.242288000181141],[-75.69647200011417,40.2420700002342],[-75.696607999658298,40.24199100026258],[-75.696677000153585,40.241938999840322],[-75.696781999735563,40.241862999678858],[-75.696763000367312,40.241850999826006],[-75.69670899994064,40.241815000254704],[-75.6966920002222,40.241802999707623],[-75.696498999878344,40.241675999901744],[-75.696306000432813,40.241548000093879],[-75.696257000029007,40.241515000339888],[-75.695969000148907,40.241325000300549],[-75.695029000340682,40.240634999823627],[-75.694985999784663,40.240605000329047],[-75.694557000337554,40.240310999916225],[-75.694508999758668,40.240281000278124],[-75.694365999643551,40.240190999912571],[-75.694318999787882,40.240162000005519],[-75.694261000061573,40.240124999751359],[-75.694086999984293,40.240017000283814],[-75.69403000008289,40.239980999737305],[-75.693871000074225,40.239882000192885],[-75.693183000161056,40.239408000118907],[-75.693009999908696,40.239287999886258],[-75.692511000141408,40.238941999944807],[-75.692214999865399,40.238658999782061],[-75.691879000304738,40.238331000088316],[-75.69157499963282,40.237970999883309],[-75.691527999777136,40.237915999664409],[-75.691073000390787,40.237304000323405],[-75.690967000085593,40.237066000076368],[-75.690901999788238,40.236960000192653],[-75.690820999597392,40.236853000309985],[-75.690680000030397,40.23672799980347],[-75.690553999633707,40.23663300033401],[-75.690520000196827,40.236612000339434],[-75.690381000279658,40.236529999971779],[-75.690171000217376,40.236450999707642],[-75.689951999934252,40.236388000220842],[-75.689762999788371,40.236343999706364],[-75.689342999663808,40.236284000330237],[-75.689012000125999,40.236237000221792],[-75.688585000328743,40.236198000194555],[-75.688525999879204,40.236193000294918],[-75.688114999975468,40.236186000023423],[-75.68768099960721,40.236195999823316],[-75.687298000190864,40.236229999954787],[-75.686949000211413,40.236251000067845],[-75.686933000317879,40.236251999909747],[-75.686473000010338,40.23632000009944],[-75.686309999803726,40.236363000103481],[-75.686127000403928,40.236413000328973],[-75.685759000157901,40.23651799985948],[-75.685578000407929,40.236575000202571],[-75.685265000413494,40.236713000220952],[-75.685010000145368,40.236830999864523],[-75.684887000121705,40.236909999685309],[-75.684847999763647,40.236945999807467],[-75.684753000227417,40.237035999686221],[-75.684732000311016,40.237046999876519],[-75.683378000226,40.237803000321215],[-75.683126000330915,40.237944000030808],[-75.682215999761567,40.238544000005525],[-75.682061999775797,40.238647000047067],[-75.681576000427299,40.239039999691485],[-75.681552999962761,40.239058000217312],[-75.681439999984846,40.239135999697673],[-75.681320000334267,40.239218000338028],[-75.681276999778234,40.239247999761439],[-75.681113999571622,40.239361000121676],[-75.68096200013396,40.239465999880807],[-75.680916999928129,40.23949800015378],[-75.680840999760136,40.239547000328209],[-75.680778000010946,40.23958800006907],[-75.680715000261756,40.239627999993019],[-75.680577999994412,40.239714999677439],[-75.68039700024444,40.239833000260909],[-75.679883000408537,40.240226999661743],[-75.67983099963169,40.240275999994253],[-75.679606000399119,40.24049199998791],[-75.679530000231139,40.240562000276107],[-75.679454999888051,40.240605000329047],[-75.679064000075812,40.240836000002723],[-75.678967999816351,40.240902000156552],[-75.678813000005633,40.241011999812791],[-75.678373999614493,40.241276999809237],[-75.677318000353608,40.241916999676057],[-75.677176000063398,40.242008000246891],[-75.677062000260577,40.242079999850816],[-75.676934000214047,40.242163000108668],[-75.676669999725092,40.242293000316359],[-75.676608999625728,40.242319000053698],[-75.676355000080818,40.24242600021249],[-75.676058999804823,40.242550999799349],[-75.675596000022551,40.242746999674246],[-75.67554599979384,40.242769000254484],[-75.675346999602198,40.242863000284466],[-75.675185999943707,40.242939000009031],[-75.675155999806492,40.24294999992599],[-75.675125999669277,40.242965000183929],[-75.675087000209516,40.242984999836935],[-75.675017999714228,40.243015000333976],[-75.674605999985587,40.243209999811995],[-75.674164999944622,40.243429999673999],[-75.67404799976876,40.243478000010207],[-75.672624000261834,40.244056000157158],[-75.672261999863593,40.24420300027694],[-75.672112000075757,40.244263999901762],[-75.671624000179136,40.244434000016113],[-75.671199000031692,40.244576000034478],[-75.671154999650753,40.244585999966624],[-75.670776000432397,40.244680999933792],[-75.670751000318035,40.244687000295308],[-75.670092999643771,40.244818000171307],[-75.669598999899364,40.244905000043111],[-75.668488000386901,40.245051999690588],[-75.668433000135309,40.245055999909781],[-75.667839999758357,40.245105999886732],[-75.667161000066031,40.245124000171124],[-75.66652900022936,40.245124999882002],[-75.665976999860305,40.245115000029521],[-75.664910999655362,40.245065000059171],[-75.664400000192515,40.244953999732523],[-75.664036000144449,40.244900000100806],[-75.663597999578215,40.244760999911001],[-75.663205999941056,40.24459800002036],[-75.662968000289695,40.244480000199552],[-75.662591999647731,40.244281999724301],[-75.662393000354427,40.244171000170759],[-75.66216400002557,40.244018000246847],[-75.661934999696712,40.243877000158683],[-75.661641999793744,40.243671999793584],[-75.66140800034033,40.243509000023494],[-75.66117200033878,40.243337999905968],[-75.660506999991824,40.24293100000596],[-75.660045999859378,40.242707999968246],[-75.659655000047124,40.242503999926925],[-75.659600999620451,40.242470000203092],[-75.659546000267184,40.242435000025885],[-75.659454000205656,40.242371000184036],[-75.659408999999826,40.242344000029021],[-75.65900899996673,40.242124000066291],[-75.658813000148157,40.242025000226924],[-75.658740000353234,40.241980999947103],[-75.658678000428949,40.241941999799835],[-75.658614999781435,40.241903000315808],[-75.658346999992844,40.241715999963517],[-75.658217000296503,40.241655000099861],[-75.657979999571722,40.241542999903629],[-75.657594999607241,40.241393000195437],[-75.657223000061578,40.241305000157084],[-75.657178999680653,40.241294999740326],[-75.656814999632573,40.241235999719791],[-75.65641299994968,40.241187000082022],[-75.656257000314056,40.241174000340095],[-75.656037000206027,40.241166999897843],[-75.655531999692656,40.241199000052568],[-75.655352999592509,40.241246999913457],[-75.654966999803136,40.241329999821176],[-75.654740999847334,40.241387000227633],[-75.654197999699122,40.241522000060499],[-75.65412499990417,40.241539999926438],[-75.653862000138446,40.24165299988983],[-75.653462999930269,40.241810000084165],[-75.652749999902753,40.24200099989082],[-75.652354000067618,40.242043999715563],[-75.651579999940722,40.242104000158861],[-75.651458999566884,40.242110999818571],[-75.651321000372945,40.24209999976528],[-75.651175999709679,40.242085000001403],[-75.651073999602417,40.242076999897414],[-75.650887000004673,40.242020000071903],[-75.650757000308346,40.241974000273956],[-75.650656000026004,40.24192900020293],[-75.650056999801279,40.241675999901744],[-75.649031999604233,40.241167999667148],[-75.648460999866927,40.24089600014522],[-75.648212000344884,40.24077800004298],[-75.647963999749464,40.240658999958264],[-75.6477279997479,40.240545999707194],[-75.647414999753451,40.240397000313678],[-75.647008000047677,40.240235999767464],[-75.646766000198355,40.240140999734031],[-75.645407000090444,40.239602999700438],[-75.645344000341254,40.239578999877203],[-75.644709000131513,40.239195999975252],[-75.644608999674105,40.239135999697673],[-75.644104000059045,40.238817999670168],[-75.643723000292525,40.238579000137086],[-75.643310999665573,40.238401999678032],[-75.64295300036359,40.23822699975333],[-75.642489999682994,40.238042999665986],[-75.641706000408675,40.237732000103435],[-75.641226999834572,40.237497000145751],[-75.641185000001769,40.237481000224015],[-75.641012999574329,40.237404000033564],[-75.640497999913507,40.237174999964878],[-75.640439000362278,40.237149000309387],[-75.640329999684013,40.237094000108499],[-75.640254000414359,40.237054000059061],[-75.639731000357628,40.236944999975762],[-75.639557000280348,40.236895999975552],[-75.638992000390829,40.236736999688539],[-75.638382000295465,40.236556999702401],[-75.637910000292365,40.236410999964079],[-75.637352999900429,40.236281000120016],[-75.637241999572353,40.236260999858082],[-75.636454999924979,40.236120999916608],[-75.636018999906881,40.23621900031749],[-75.635931999868262,40.236239999748186],[-75.634768999578938,40.235871000084828],[-75.634742999639656,40.235858999855736],[-75.634495999767452,40.23574599982279],[-75.634390000360568,40.235607999890995],[-75.634340999956763,40.235584999875009],[-75.634320999865267,40.235575999836826],[-75.63420700006246,40.23549799968427],[-75.634162999681521,40.235467999970936],[-75.634118000373988,40.235424000230161],[-75.634074999817983,40.235383000025209],[-75.634031000335369,40.235341999795367],[-75.633988999604256,40.235302999938447],[-75.633858999907929,40.235205000269175],[-75.633796000158725,40.235168999907188],[-75.633699000074344,40.2351380001897],[-75.633549000286507,40.235104000195705],[-75.633500999707621,40.235086999849393],[-75.63340100014851,40.235051999970125],[-75.633357999592477,40.235038999736048],[-75.633309999911916,40.23502600018525],[-75.633272000277074,40.235014999666589],[-75.633215000375685,40.23499899984418],[-75.633160000124079,40.234982000157288],[-75.633123000314157,40.234972000178111],[-75.633037999925349,40.234948000084906],[-75.632872000243992,40.234900999734947],[-75.632785000205374,40.234873000167511],[-75.632702000364688,40.234845999765419],[-75.632591999861503,40.234815999763228],[-75.632395000218011,40.234764000002279],[-75.632264999623359,40.234720999668632],[-75.632156999668339,40.234687000151006],[-75.632062999957,40.234667999969396],[-75.631960000024833,40.234640000305625],[-75.631192999570644,40.234395999708653],[-75.631030000262342,40.234348999661307],[-75.630858999659779,40.234292000187537],[-75.630619000358593,40.234202999962804],[-75.630263999633044,40.234073999868627],[-75.629918999851526,40.233919000004555],[-75.629213000395026,40.233602000045018],[-75.628892000004669,40.233417999734051],[-75.628611999622166,40.233266000084043],[-75.628539999652148,40.233226999717303],[-75.628517999910841,40.233220999711605],[-75.62824699974918,40.233077000102028],[-75.627995999679015,40.232943999671463],[-75.627958000044188,40.232923999795545],[-75.627792000362831,40.232835999722681],[-75.627475000170435,40.232667999764764],[-75.627434000162566,40.232646000016985],[-75.627323999659382,40.232587999899572],[-75.62716100035108,40.23250799993987],[-75.626882999618417,40.232371000166616],[-75.626517999745431,40.23219200013537],[-75.626032000396947,40.231999000280403],[-75.625998000061742,40.231986000146037],[-75.625823999984476,40.231942000200291],[-75.625735000296032,40.231916999813095],[-75.625627000340984,40.231885999978566],[-75.625577999937207,40.231871999915896],[-75.625420999578353,40.231826999988797],[-75.625302999577585,40.231796000113071],[-75.625280000011358,40.231789999980634],[-75.625198999820498,40.231754999768938],[-75.625117999629651,40.231722000042609],[-75.625095000063425,40.231712000267855],[-75.625038000162021,40.231687999705102],[-75.624859000061875,40.231614000202455],[-75.624782999893895,40.231583000229229],[-75.624679999961742,40.23154099984464],[-75.624603999793749,40.231508999926021],[-75.62459100027327,40.231503999680221],[-75.624519000303238,40.23147400025492],[-75.62437100016524,40.231429000063365],[-75.624293000347436,40.231405999999659],[-75.624176000171587,40.231371000275317],[-75.624014999614772,40.231323000271274],[-75.624000000444497,40.231319999841261],[-75.623852000306471,40.231290000334454],[-75.623822999994161,40.231284000157181],[-75.623704999993379,40.231261000044171],[-75.623577999771783,40.231236000091421],[-75.623388999625902,40.231206999778081],[-75.623048999867265,40.231154999989137],[-75.622441000320038,40.231053000128888],[-75.622278000113411,40.23102600026116],[-75.622125999777452,40.230995999938344],[-75.621633999682857,40.230899000129469],[-75.621115999649007,40.230758000152505],[-75.621023999587507,40.230733000014069],[-75.620933000249209,40.230707999866468],[-75.620899999738938,40.230698999865879],[-75.620606000011065,40.230573999658382],[-75.620351999567845,40.230466999972407],[-75.619997999565513,40.230300000239957],[-75.619576999616058,40.230080000234999],[-75.619179000131084,40.229764000074759],[-75.619056000107449,40.229619999972847],[-75.618934999733639,40.22944000027222],[-75.618847999694992,40.229261000038392],[-75.618760999656359,40.2290640002687],[-75.618676999990782,40.228841999775412],[-75.618569000035734,40.228600000144993],[-75.618398000331524,40.228282000018865],[-75.618316000315744,40.228143000003826],[-75.618150999560982,40.227891000280408],[-75.617962000313426,40.227648999995559],[-75.617705000395475,40.227341999914792],[-75.617548000036635,40.227159999694713],[-75.617425999837891,40.227018000185836],[-75.617158999874192,40.22666700004514],[-75.616972000276448,40.226380000071337],[-75.616865000146333,40.226095000237066],[-75.616742000122684,40.22588200025659],[-75.616716000183416,40.225828999812848],[-75.616625999771713,40.22564200033591],[-75.61655399980171,40.225474999680735],[-75.616393000143219,40.225175000073548],[-75.616332000043855,40.225034999847864],[-75.616277999617182,40.224911000170657],[-75.616038000315996,40.22465800006988],[-75.615782000222964,40.224427000077128],[-75.615645999780497,40.224329999777012],[-75.615353999702464,40.224142000256528],[-75.614921000057421,40.223921000116576],[-75.614521999849245,40.223728000012962],[-75.614430999612637,40.223690999695712],[-75.613619999675834,40.223355999981919],[-75.613172999787082,40.22321500007795],[-75.612936999785546,40.223137000092535],[-75.61273799959389,40.223071999807466],[-75.612372999720904,40.222996999770352],[-75.611954000319571,40.222996999770352],[-75.611607999814851,40.222975000310718],[-75.611572999654754,40.222973000234802],[-75.611259999660319,40.222993000305628],[-75.611016000161158,40.223024000095052],[-75.610715999687187,40.223055999907125],[-75.610368000430952,40.223124999664719],[-75.610001000009831,40.223207999836667],[-75.609435000295406,40.223347999722812],[-75.608801999735491,40.223526999807369],[-75.608525999550977,40.223607000086893],[-75.607984999950901,40.22376500030996],[-75.60741599986342,40.223969999902565],[-75.606629000216046,40.224309000082641],[-75.60602599979336,40.224577000331365],[-75.605982000310746,40.224596999928636],[-75.605522999828125,40.224807999812612],[-75.60503499993149,40.225152999949437],[-75.604709000416577,40.225351000123027],[-75.604331000124802,40.225580999708932],[-75.603948999635051,40.225918000068489],[-75.603819999763644,40.226058999833398],[-75.603572999891441,40.226368000218002],[-75.603434999799148,40.226568000239311],[-75.603172999858344,40.227005999759662],[-75.603024999720347,40.227522999675024],[-75.603018000047655,40.228244000171408],[-75.603183999728998,40.228604999919398],[-75.603310000125703,40.22887800007166],[-75.603434999799148,40.229150999809406],[-75.603702999587782,40.22954900009092],[-75.603762000037321,40.229607000067666],[-75.603929000441894,40.229767999825569],[-75.604167999918175,40.230025999713042],[-75.604265999827462,40.230102000130501],[-75.604619999829808,40.230377000278651],[-75.605107999726428,40.230613000181329],[-75.605675999989003,40.230902999813246],[-75.606018000295762,40.231098999802484],[-75.606146000342278,40.231226000244909],[-75.606306000175849,40.23138299992808],[-75.606644000284646,40.231681000339492],[-75.607296000212813,40.232478000273545],[-75.60735099956608,40.232573000085758],[-75.607467999741942,40.232773000301641],[-75.607541000435191,40.23312799989877],[-75.607557000328725,40.233364999700832],[-75.607574000047165,40.233623000287288],[-75.60758900011578,40.23426899972457],[-75.607575999696991,40.234470000286159],[-75.607579999894938,40.234697000172261],[-75.607564999826337,40.234838000177639],[-75.607558999978551,40.234893000153612],[-75.607531000389457,40.235153999979325],[-75.607485000358693,40.235386000275213],[-75.607406999642578,40.235605000336598],[-75.607257999679661,40.235817999914119],[-75.606922999943905,40.236132000255552],[-75.606814000163965,40.236212000048674],[-75.606589999857988,40.236376000083375],[-75.605890000249232,40.23705099988296],[-75.605172000198863,40.237466000122545],[-75.604314000406376,40.237822000308924],[-75.604234999865326,40.23786400022675],[-75.60322100043723,40.238070000164818],[-75.602814999658051,40.238078000056539],[-75.602577000006676,40.238082999816982],[-75.601863000154253,40.238049999745549],[-75.601355999991029,40.238049999745549],[-75.601207999853045,40.238030999821831],[-75.600677000298703,40.237962999978954],[-75.600120999731686,40.237857000127953],[-75.599339000107193,40.237679000017891],[-75.599190000144276,40.237636000163796],[-75.598828999570941,40.237529999800934],[-75.598542000414085,40.237442000227574],[-75.598337000374656,40.23738000011658],[-75.597764999914133,40.237182999962393],[-75.597404000239109,40.237022999833037],[-75.597030999970215,40.236843999754569],[-75.596673999594827,40.236575000202571],[-75.596661999899283,40.236562000260882],[-75.596353999927686,40.236225000057566],[-75.596076999918253,40.235881999778655],[-75.596070000245561,40.235867000008682],[-75.596037999560195,40.235793000272089],[-75.595970999613044,40.235642000317711],[-75.59581699962726,40.23522100004292],[-75.595799000083915,40.235172000166678],[-75.595703999649345,40.23456800033334],[-75.59565699979369,40.233976999667831],[-75.595578000150965,40.233513000285043],[-75.595568999930137,40.233188000013861],[-75.595502999807906,40.232819000178552],[-75.595462999624928,40.232571000293248],[-75.595398000225913,40.232304999926683],[-75.595323999707745,40.232104999700319],[-75.594747000122666,40.230372999877979],[-75.594536000235479,40.229915000105201],[-75.594250000005204,40.229396000044012],[-75.593978000018652,40.229043999932763],[-75.593697999636149,40.228679999920097],[-75.593500999992671,40.228329000161708],[-75.593371000296329,40.228032000053403],[-75.593335000311313,40.227927999675259],[-75.59325999996824,40.227710000131829],[-75.593136999944605,40.227200000101597],[-75.593030999639382,40.226677999862204],[-75.592878000376814,40.225994000294392],[-75.592657000443893,40.22549099969563],[-75.592618000085821,40.225402000250689],[-75.592342999726213,40.224729000277577],[-75.59214199988476,40.22429099975156],[-75.592002000142685,40.223988000318997],[-75.591835999563017,40.223606000058254],[-75.591710000064623,40.223313999982821],[-75.591525999941624,40.222829000099281],[-75.591421000359631,40.222605999704598],[-75.591393999697132,40.222549999994563],[-75.591291999589885,40.222284000054017],[-75.591233000038642,40.222092000138957],[-75.591188999657717,40.221947000135422],[-75.591078000227952,40.221629000327674],[-75.590812999914078,40.221045999775711],[-75.590715000004792,40.220804999799725],[-75.590536999729565,40.220365999891634],[-75.5904260002998,40.220169999711054],[-75.590377999720914,40.220085999852024],[-75.590342999560804,40.220024999709473],[-75.590227999933077,40.21969700030656],[-75.590029999566354,40.219334000230958],[-75.590020000418917,40.219317000041798],[-75.589723000318003,40.218783999694899],[-75.589589000423715,40.218566000219887],[-75.589490999616089,40.218408000218623],[-75.589299999820383,40.218048999853387],[-75.58928999977465,40.218022999714861],[-75.588780999961628,40.216725999665123],[-75.588540999762103,40.216040000170047],[-75.5884899997085,40.215918000090447],[-75.588216999897014,40.215299999990002],[-75.587970000024796,40.214866999658653],[-75.587756999589473,40.214448999705141],[-75.587596999755888,40.214187999667267],[-75.587540999679405,40.214098000296353],[-75.58741699983085,40.2139299998246],[-75.587289999609226,40.213758999786435],[-75.586790999841952,40.213129999933038],[-75.586639000404304,40.212938000145336],[-75.586487000068331,40.212747000002558],[-75.586419000296274,40.212661000164793],[-75.586098999730822,40.212334999804753],[-75.585677999781339,40.211873000063896],[-75.585257999656775,40.211396999739272],[-75.584806999570077,40.210927000110502],[-75.584094000440857,40.210199999866759],[-75.583722999821774,40.209775999915863],[-75.583203000138084,40.209181000129725],[-75.582597000240682,40.208541999870526],[-75.582064000138217,40.207907999691258],[-75.582047000419792,40.207886000134742],[-75.58175899964138,40.207511999721511],[-75.581491999677681,40.207119000312424],[-75.581310999927709,40.206808999675502],[-75.58109800039071,40.206403999661873],[-75.580953999552335,40.205948000333258],[-75.580850999620182,40.205579999914235],[-75.580746999863109,40.205212000241765],[-75.580736999817361,40.205175000104504],[-75.580400000431794,40.203987999874549],[-75.580402999906525,40.203961999829957],[-75.580416000325314,40.203854999963639],[-75.580365000271684,40.203862999779965],[-75.580101999607635,40.202945999936887],[-75.579735000084838,40.20182100025437],[-75.579533000418479,40.201513999780971],[-75.579376999884545,40.201276999698315],[-75.579221000248921,40.201040000159374],[-75.578790000253719,40.200199999898594],[-75.578689999796282,40.200003000021717],[-75.577861000316133,40.199088000209002],[-75.577189000296471,40.198356999691541],[-75.576901000416385,40.198106000058793],[-75.576189000213773,40.197488000160241],[-75.575692999921216,40.197057000091405],[-75.574938000060897,40.196519000247982],[-75.574841999801436,40.196445999814095],[-75.573337999928569,40.195303000208007],[-75.572906000108432,40.195087000208922],[-75.572463000417642,40.194878999712074],[-75.57201599963058,40.194680999702008],[-75.571373999748161,40.194415999931017],[-75.571184999602281,40.194345999986957],[-75.570992000156764,40.194281999994409],[-75.570796000338163,40.194223999970454],[-75.570591000298762,40.19417100015368],[-75.570389999558984,40.194125000110795],[-75.570351999924156,40.194116999831643],[-75.570186000242813,40.194085999856057],[-75.569980000378479,40.194053000309175],[-75.569772999790928,40.194026999885523],[-75.569565000276782,40.194005999720787],[-75.569356000039406,40.193992999844269],[-75.569145999977124,40.193985000235749],[-75.568935999914828,40.193985000235749],[-75.568832000157769,40.193986999794873],[-75.56872000000476,40.193989999819671],[-75.568658000080504,40.193994000309921],[-75.568509999942506,40.194002999696707],[-75.568302000428346,40.194022000304336],[-75.567839999572669,40.194073999773153],[-75.567400000254935,40.194159000085811],[-75.567015000290453,40.194279999757825],[-75.566640000371748,40.194476000021666],[-75.566252999859131,40.194701999657717],[-75.565846000153343,40.194956999973137],[-75.565800999947513,40.19498600002094],[-75.56536900012739,40.195280000231286],[-75.56508000042237,40.195483000024723],[-75.56479800039007,40.195688000091764],[-75.564614000267042,40.195846000225949],[-75.563524999597576,40.196784999773044],[-75.562877999692304,40.197361000286122],[-75.5628149999431,40.197442000308975],[-75.562739999600041,40.197538999988723],[-75.562661999782236,40.197681999935568],[-75.56265500010953,40.197696000202036],[-75.562574999743575,40.197826999712838],[-75.562486999880036,40.198064000190776],[-75.562433000351675,40.198300999840335],[-75.562342000115081,40.199222999956824],[-75.562270000145077,40.199864000310939],[-75.562234999984952,40.200561999865855],[-75.562342000115081,40.201353999789958],[-75.562537000108748,40.202065999835895],[-75.562706000163161,40.202416999807916],[-75.562898999608691,40.202817000009752],[-75.563399999924115,40.203547000143111],[-75.564298999724485,40.204872999879299],[-75.56434300010541,40.204957000072469],[-75.564418000448484,40.205102000071122],[-75.564644000404286,40.205539999778168],[-75.564719999673954,40.205686000195037],[-75.564906000345104,40.206184999866167],[-75.564986999637654,40.206925999686341],[-75.564979999964947,40.207137999988888],[-75.564970999744105,40.207421999717567],[-75.564967000444469,40.207535999931068],[-75.564861000139274,40.207902999761458],[-75.564778000298588,40.208191000053887],[-75.564599000198456,40.208588999987498],[-75.564512999984728,40.208766999711713],[-75.564282000006045,40.209100999967703],[-75.56399499995085,40.209344999755139],[-75.563739999682724,40.209471999819932],[-75.563532000168578,40.209575999717323],[-75.563322999931216,40.20967899990697],[-75.563252999611009,40.209713999862544],[-75.562886999913133,40.209875000248545],[-75.562351000335923,40.209971999976879],[-75.562148999771239,40.209955000183037],[-75.561655999851737,40.209914000339907],[-75.561125000297395,40.209815000064189],[-75.561029999862853,40.209783999719413],[-75.560808999929918,40.209713000314885],[-75.560691999754042,40.209675000342145],[-75.560153999628696,40.209445999820609],[-75.55975500031883,40.209253000332055],[-75.559402999966338,40.209082000155426],[-75.559273000269997,40.209014000061579],[-75.558996000260549,40.208869000198568],[-75.558916999719543,40.208821000028941],[-75.558474000028738,40.208554999701803],[-75.558110999805578,40.208289999957529],[-75.557750000130554,40.207979999873736],[-75.557437999961039,40.207601000027147],[-75.557148000431113,40.207212999743014],[-75.556849999606968,40.206754000222205],[-75.556647999940594,40.206421999942549],[-75.556211000097605,40.205700999787751],[-75.555298999878445,40.20410800021503],[-75.555027999716785,40.203408999791868],[-75.554784000217637,40.202865000314482],[-75.55453700034542,40.202314999903692],[-75.553929999724801,40.201296000326067],[-75.553425999934632,40.200416000077489],[-75.553390999774535,40.20035399969634],[-75.552866000067993,40.199119999660191],[-75.55280699961844,40.198935999693511],[-75.552544999677622,40.198120000237722],[-75.55223900025419,40.197438999750737],[-75.551824000152479,40.196586000097717],[-75.551753000007366,40.196439999981749],[-75.551151000307925,40.195310999661046],[-75.550576000372658,40.193964000058003],[-75.550332999800091,40.193428999741464],[-75.550111999867156,40.19278500023443],[-75.550055999790672,40.192584000199432],[-75.549926999919251,40.19212700006058],[-75.549724000427958,40.191456999818769],[-75.54954699997765,40.190693000259884],[-75.549381000296293,40.190037000051518],[-75.549322999671645,40.189913999992342],[-75.549252000424843,40.189792000237709],[-75.549197999998185,40.189619999850841],[-75.549173999708742,40.189542000313637],[-75.54913400042409,40.189416999662974],[-75.548778999698541,40.188675000077943],[-75.548736999865739,40.188588999895245],[-75.548695999857841,40.18850400015009],[-75.548654999849973,40.1884200001601],[-75.547834999692327,40.187235999952442],[-75.547418999765711,40.186448999972413],[-75.546698000240582,40.185087000010306],[-75.546639999615948,40.184975000306174],[-75.546628999745295,40.184962999983782],[-75.546521999615166,40.184757999752755],[-75.546463000063952,40.18464800002625],[-75.545364000247019,40.182591999754003],[-75.545338000307751,40.182555000312966],[-75.545001000023859,40.182066999879758],[-75.544765000022323,40.181707999892339],[-75.544451000202969,40.18129799972801],[-75.544309999737649,40.181103999754249],[-75.54420099995771,40.180955000023957],[-75.54414099968325,40.180873000240055],[-75.543748000221186,40.180276000089933],[-75.543348000188089,40.17970199995397],[-75.543272000020124,40.179600000198867],[-75.54301900030012,40.179260000136594],[-75.542405999831701,40.178419999824492],[-75.541943000049429,40.177648000142803],[-75.54179300026162,40.177396000027308],[-75.541609000138592,40.17706100004802],[-75.541470000221409,40.176820000171027],[-75.541281999900448,40.176471000253002],[-75.541098999602326,40.176127000126989],[-75.541077999685939,40.176094000079125],[-75.540985999624425,40.175950999914924],[-75.540835000011697,40.175794000155577],[-75.540808000247523,40.175766000186591],[-75.540653000436819,40.1756329998328],[-75.540600999659972,40.17558899967382],[-75.54029500023654,40.175377000255267],[-75.539746000240541,40.175056000053075],[-75.539624999866703,40.174990000272302],[-75.539581000384089,40.174966000211363],[-75.539342000009498,40.174834999786086],[-75.539056999604142,40.174681999760459],[-75.538926000082881,40.174608999846456],[-75.538793999838404,40.174535999853973],[-75.538068000290394,40.174140999989923],[-75.537886999642112,40.174060999667937],[-75.537780000410308,40.174014000327112],[-75.53717100013985,40.173726999776015],[-75.536402000035835,40.173349000060881],[-75.535396000105337,40.172911999809074],[-75.534425000334949,40.172363000243479],[-75.533612999674901,40.171829999995943],[-75.533438999597635,40.171712999833332],[-75.533114999732533,40.171493999884532],[-75.532347000351749,40.170974999967342],[-75.532144999787064,40.170834000240674],[-75.531824000295003,40.170611999829056],[-75.531786999586785,40.170588999717026],[-75.531675000332086,40.170520000020723],[-75.53163900034707,40.170496999877564],[-75.531522000171222,40.170436999855426],[-75.531170999643621,40.170259999858459],[-75.531055000190989,40.170200999756936],[-75.530994000091624,40.170165999998204],[-75.530969999802167,40.170152999671366],[-75.530813000341652,40.170063000191718],[-75.530753000067179,40.170028999808046],[-75.530485000278588,40.169692999704189],[-75.530277999691037,40.169552000059916],[-75.530096999941065,40.169428999926566],[-75.529865000137491,40.169271000036566],[-75.529505000287372,40.169010999894802],[-75.529405999654841,40.168921000273727],[-75.529159999607558,40.168683000090589],[-75.529094000383623,40.168596999963341],[-75.528941000222758,40.168396000334567],[-75.528889000344236,40.168226999721583],[-75.528865000054765,40.168152000094608],[-75.528768999795318,40.167836999658135],[-75.528640999748788,40.167512000181752],[-75.528500000181793,40.167154999734407],[-75.528479000265392,40.167089999996996],[-75.528171000293824,40.166117999783594],[-75.52815500040029,40.16606699966993],[-75.527977999949982,40.1652740000523],[-75.527817000291492,40.164753999730607],[-75.527684000222095,40.164190000233312],[-75.527450999695276,40.163535000044931],[-75.527114000309709,40.162346999829303],[-75.527011000377556,40.161862999934648],[-75.52688099978289,40.161246999884035],[-75.52673900039099,40.16041800000459],[-75.526695999834971,40.160168000314449],[-75.526674999918569,40.159805000051101],[-75.526643000131514,40.159232000066069],[-75.526628999887819,40.158799999665916],[-75.52661499964411,40.158561999698378],[-75.526766000155163,40.15797499998542],[-75.526828000079433,40.15773600024513],[-75.526838999950087,40.157365999849688],[-75.526844999797888,40.157074999699567],[-75.526848999995835,40.156933999935653],[-75.526862000414638,40.156867000057218],[-75.526925999988734,40.156327999706029],[-75.526972000019498,40.156219000229477],[-75.527088000370441,40.15595300023702],[-75.527126000005268,40.15581899985132],[-75.527162999815189,40.155684999887782],[-75.527310000128281,40.155161999903122],[-75.5273879999461,40.154676999925229],[-75.527407000212662,40.154565000150114],[-75.527509000319938,40.154112999793753],[-75.527611000427171,40.153702000070936],[-75.527648000237093,40.153565999985787],[-75.527776000283609,40.153106999919224],[-75.527789999629007,40.15262300007285],[-75.527733999552495,40.151392000162481],[-75.527632000343573,40.150942999841455],[-75.527576000267075,40.150811999743546],[-75.527418999908221,40.150447999853739],[-75.52718100025686,40.150017000302689],[-75.526930000186709,40.149676999670191],[-75.526838000125167,40.149551999736808],[-75.526796000292379,40.14950199997368],[-75.526413999802656,40.149051000007638],[-75.526351999878372,40.148992999768836],[-75.525945000172612,40.148610999918191],[-75.524324000123883,40.147719999847929],[-75.52406399983289,40.147615999856363],[-75.5235380003014,40.147405999836998],[-75.523221999933924,40.147315999728058],[-75.522821000075936,40.147201000140157],[-75.52253200037093,40.147148999766934],[-75.522174000170637,40.147084999886829],[-75.521724999733749,40.147052999924163],[-75.521590999839447,40.147043000018591],[-75.521227999616286,40.147065000083629],[-75.521071999980691,40.147074999985961],[-75.52084400037505,40.147137000309044],[-75.520446999816713,40.147243999692378],[-75.520434000296234,40.147249999755495],[-75.519862999660617,40.147540000342886],[-75.519803000284455,40.147575999870028],[-75.519154999655939,40.147957000276996],[-75.519045999875999,40.148050999989238],[-75.519013000264039,40.148077999948271],[-75.518975999555806,40.148107999890193],[-75.518913999631522,40.14816099998405],[-75.518851999707252,40.14821400003661],[-75.518518999621307,40.148501999728616],[-75.518076999755436,40.14914000012395],[-75.517849999974715,40.149567000070519],[-75.517757000088295,40.149743999775971],[-75.517543999652972,40.150758999658329],[-75.517423000177459,40.151254999848561],[-75.517279000237394,40.151680000111753],[-75.516500000087646,40.153351999684077],[-75.516413000048999,40.15353599970824],[-75.515669000059347,40.154862999818029],[-75.514888000259745,40.155892000063481],[-75.514560000196681,40.156352999825856],[-75.514108000285077,40.157187999776234],[-75.514017000048469,40.157356000089401],[-75.513213999609263,40.158295999958952],[-75.512192999610164,40.158871999809065],[-75.512084999655116,40.158933000051768],[-75.511978000423312,40.158994000239659],[-75.511841000155954,40.159069999980701],[-75.511703000063704,40.159148000222636],[-75.511363000305082,40.159339999908276],[-75.510796999692332,40.159531000136802],[-75.510781999623717,40.159536000200255],[-75.509862999731865,40.15984700026597],[-75.508965999581335,40.160091000150295],[-75.508582000340084,40.160119999999473],[-75.507865000114592,40.160136000337083],[-75.506233000195209,40.160109999958223],[-75.505545000282041,40.160099999915445],[-75.503803999684393,40.159726000279448],[-75.502718000286293,40.159195999851661],[-75.502008999558399,40.158582000235441],[-75.501632999814774,40.158256000083512],[-75.501227999758811,40.157659999697522],[-75.501076000321163,40.157436000190508],[-75.50083299974861,40.156629999823508],[-75.500800999961555,40.156521999790243],[-75.500676000288081,40.155746000247269],[-75.500656000196585,40.155618999808574],[-75.500975000038807,40.15447899998901],[-75.501237999804559,40.153980999948452],[-75.501428999600265,40.153618999940285],[-75.50204299989359,40.152765000249147],[-75.502668000057568,40.15189600030218],[-75.503049999648994,40.151399000266331],[-75.503300999719173,40.151095000094379],[-75.504214999588143,40.150152000202944],[-75.505101999692926,40.149392999840693],[-75.505414999687389,40.149126000136519],[-75.505968999706255,40.148696999956897],[-75.506049000072196,40.148630999952864],[-75.506290999921546,40.148436000221771],[-75.506372000112393,40.148370999729252],[-75.506439000059544,40.148316000267457],[-75.508652999586886,40.146530999863707],[-75.50932499960652,40.145590000080745],[-75.509460000224053,40.145311000067565],[-75.509666999913293,40.144955000122039],[-75.50990799993771,40.144446000178704],[-75.509981999557553,40.14428900034126],[-75.510155999634819,40.143786999729635],[-75.51017699955122,40.14371800026116],[-75.510558000216051,40.142466999864361],[-75.510646000079603,40.142087000111815],[-75.510753000209704,40.141722000300021],[-75.510784999996773,40.141326999724278],[-75.510829000377697,40.140932000285702],[-75.510836000050389,40.140530999954798],[-75.510824000354816,40.140040999757581],[-75.510671000193952,40.139644999816426],[-75.510465000329617,40.138660000050983],[-75.510388000336732,40.13829499968427],[-75.510000999824115,40.137697000093368],[-75.509908999762615,40.137565999860421],[-75.509700000423564,40.137059000049135],[-75.509369999812364,40.136722000299137],[-75.509236999742967,40.136618999891262],[-75.509005999764312,40.136436999935761],[-75.508684000447332,40.136171000074825],[-75.508347999988345,40.135762000198937],[-75.508200999675253,40.135520999989239],[-75.508086000047527,40.135335000012454],[-75.507836999627187,40.134853999794494],[-75.50724499997348,40.134043000103297],[-75.506564999557924,40.133421999841012],[-75.506075999836369,40.1329940000698],[-75.505623999924765,40.132634000158539],[-75.5053670000068,40.132503999779139],[-75.504946000057345,40.132289999743662],[-75.504575000336573,40.132070999696538],[-75.504377999794741,40.131953999701992],[-75.503546999766442,40.131552999959617],[-75.503058000044931,40.131285000179574],[-75.502038999695628,40.130726000317907],[-75.501848999724842,40.130624999803395],[-75.501611000073453,40.130494999702222],[-75.500937000403994,40.13038099983153],[-75.500097999979758,40.129967999994314],[-75.49972800008392,40.129585000273998],[-75.499206999677014,40.129300000200708],[-75.49815399989086,40.128652999813596],[-75.49703599980738,40.128032999819354],[-75.496542000062945,40.127832999700502],[-75.494360000322672,40.126807999900855],[-75.493688000303024,40.126493000003812],[-75.492832999985268,40.12621000019913],[-75.492734000251062,40.126184999975266],[-75.492576999892236,40.126141000053529],[-75.492330999844938,40.126100999787731],[-75.492044999614691,40.126078999803241],[-75.491882000306376,40.126067000058448],[-75.491639999558728,40.126078999803241],[-75.491241000248863,40.126099000289017],[-75.491150000012269,40.126101999880518],[-75.491066000346677,40.126106000251546],[-75.490058999692963,40.12593800026432],[-75.489159000067687,40.125874000323499],[-75.487805999807563,40.126164000109824],[-75.487194000062388,40.126243999856889],[-75.486439000202068,40.1263439999234],[-75.486363000034075,40.12635400012806],[-75.484880999902515,40.126495000177833],[-75.483460999695239,40.126573000050527],[-75.482981000194542,40.126599000217162],[-75.482961000103046,40.126600000302624],[-75.482874999889319,40.126605000042844],[-75.48108300013638,40.126796000284756],[-75.480349000192447,40.126984999830412],[-75.480281000420391,40.127001999811043],[-75.479114999758011,40.127325000008788],[-75.477563000204583,40.127838000036895],[-75.477327000203033,40.127928999913408],[-75.476738000024056,40.128156000070661],[-75.47621400014242,40.128371000131814],[-75.475888999554101,40.12856400033268],[-75.475572000260001,40.128720000048226],[-75.475466999779698,40.128755999931762],[-75.475012000393349,40.128913999996406],[-75.474407000320852,40.129068000184155],[-75.473868000370601,40.12919400007825],[-75.473170000411699,40.129283000107939],[-75.472961999999228,40.129287000291768],[-75.472449999813151,40.12929800010923],[-75.471726999739886,40.12919600017279],[-75.470992999795939,40.128977999822453],[-75.470802999825153,40.128925999925414],[-75.470559000325991,40.128825000170373],[-75.470206000148593,40.128678999871511],[-75.469991000063416,40.128577999749389],[-75.46970400000825,40.12844400030783],[-75.469571999763772,40.128389999884071],[-75.469082000217313,40.128192000252902],[-75.468946999599794,40.128147000193835],[-75.468927000406623,40.128139999754609],[-75.468401999801742,40.12796300008506],[-75.467800000102301,40.12768199967082],[-75.467677000078666,40.127645999905333],[-75.46704100004402,40.127454999991208],[-75.466960999678079,40.127431000298444],[-75.465862999686095,40.127136000034717],[-75.465136000313166,40.126885000019982],[-75.465122000069471,40.126880000300353],[-75.46472600023435,40.126725999963497],[-75.464522000019855,40.126635999935182],[-75.464086000001757,40.126443999842856],[-75.463953999757265,40.126376000023569],[-75.463509000416678,40.126149000103872],[-75.463301999829099,40.126018000277298],[-75.463015999598838,40.125838000287395],[-75.462730000266887,40.125658999920169],[-75.46234600012734,40.125424000219034],[-75.462093000407364,40.125270000018091],[-75.461849999834783,40.125051000019177],[-75.461761000146339,40.124971000241956],[-75.461598999764618,40.124824999907851],[-75.461522999596639,40.124710000030831],[-75.461458000197624,40.124610999736007],[-75.461272000424799,40.124329999889994],[-75.461137999632186,40.123936000002772],[-75.461156000073828,40.123583999863349],[-75.461140000180322,40.122967000074993],[-75.461288000318319,40.122085000291982],[-75.461391000250472,40.12166599993359],[-75.461667000435014,40.120820999894214],[-75.461771000192073,40.120597999981001],[-75.461891999667586,40.120400000322924],[-75.462040999630503,40.120123999775096],[-75.462150000308753,40.120010999867198],[-75.46229900027167,40.119856000271646],[-75.462563999687234,40.119630000064134],[-75.462633000182521,40.119580000263269],[-75.46322800020927,40.119214999778691],[-75.463613000173737,40.119081999937571],[-75.467080000402092,40.117883999750987],[-75.46764199991857,40.117660000292602],[-75.468109999723708,40.117434999876004],[-75.468368000364876,40.117312999683847],[-75.46863199995552,40.11716400009265],[-75.4689190000107,40.117004999970526],[-75.469408999557146,40.116664000157208],[-75.469729000122612,40.116396000068811],[-75.470058000010567,40.116093999703224],[-75.470360999959297,40.115726999937728],[-75.470697000418269,40.1148650000221],[-75.470834999612208,40.114513000322482],[-75.47101100023761,40.114141000299178],[-75.471285999698921,40.11342900034208],[-75.471361000041981,40.113230999731755],[-75.47146999982192,40.112890000230003],[-75.471571000104277,40.112427999972766],[-75.471583999624741,40.112373000272903],[-75.471582999799821,40.112210000126673],[-75.471602999891331,40.111853000287716],[-75.471550000187875,40.111638999820805],[-75.471477000392937,40.111461999786201],[-75.471398999676822,40.111255999891746],[-75.47117299972102,40.110807000224341],[-75.470822000091729,40.110155000146008],[-75.470509000097294,40.109475000179351],[-75.470006000132045,40.108706000229184],[-75.469586000007467,40.107930000057699],[-75.469474999679392,40.107725000134927],[-75.46937400029536,40.107576999826811],[-75.469240000401058,40.107381999774063],[-75.468960999843489,40.10706099970642],[-75.468693999879804,40.106800999829858],[-75.468467999923988,40.106591999795185],[-75.468386999733141,40.106517000129195],[-75.468123000142484,40.106284000309543],[-75.467943000217446,40.106144999656649],[-75.467857999828638,40.106079999936028],[-75.467657999812076,40.10596299987013],[-75.466345999559834,40.105199000006913],[-75.466302000077221,40.105172999901946],[-75.465459000353349,40.104590000198115],[-75.464384999752497,40.103846000191957],[-75.463917999772264,40.103532000154416],[-75.463731999999425,40.103433999684036],[-75.463536000180852,40.103345999912584],[-75.463330000316517,40.103268000191818],[-75.463121000079155,40.103201000298576],[-75.462906999818898,40.103146000008756],[-75.462688000434099,40.103102000294555],[-75.462465999777933,40.103070000234673],[-75.462238000172306,40.103049000101329],[-75.461935000223605,40.103036999727721],[-75.461729000359284,40.103035000237838],[-75.4618089998269,40.102474000147872],[-75.461797999956246,40.102346000010755],[-75.461794999583191,40.102323999898495],[-75.461788999735418,40.102255000249912],[-75.461787999910513,40.102059000298865],[-75.461829999743316,40.101769000085703],[-75.461994999599753,40.101497999719363],[-75.462361000195955,40.101104999927607],[-75.462474999998761,40.100957000333793],[-75.462629999809465,40.100577999850515],[-75.462637000380482,40.100247000052875],[-75.462591000349718,40.100017999904424],[-75.462583999778715,40.099992999670505],[-75.462572000083142,40.099978000075488],[-75.462573999732967,40.099958000152206],[-75.462519000379686,40.099767000107619],[-75.462501999762935,40.099696000339321],[-75.462448000234588,40.099489000059592],[-75.462435999640718,40.099367999770429],[-75.462419999747183,40.099191999902722],[-75.462471999625734,40.098963000326428],[-75.462731999916727,40.098597000012617],[-75.463010999575971,40.098143999978831],[-75.463053000307085,40.097677999910047],[-75.463028000192736,40.097595000064295],[-75.462926000085474,40.097252999996293],[-75.462606000418347,40.096870000154262],[-75.462290000050842,40.096635999753346],[-75.461909000284336,40.096353999910107],[-75.461326999778066,40.096130000322788],[-75.46099100021739,40.096007999709698],[-75.460341999763969,40.095820999663488],[-75.460074999800284,40.095726000012739],[-75.458755000050417,40.09529499975082],[-75.457915999626195,40.095141999897436],[-75.457587999563145,40.095139000314532],[-75.457420000231977,40.094996999979365],[-75.457067000054565,40.094839999994576],[-75.456809000311694,40.094678000309031],[-75.456666000196549,40.094453000144256],[-75.456632999686292,40.094156999872538],[-75.45662500018868,40.094062999837298],[-75.456626999838505,40.094016999992043],[-75.456626999838505,40.093928999723445],[-75.45662400036376,40.09385399984199],[-75.456611999769891,40.09357300003677],[-75.456626000013586,40.093505000332655],[-75.456642999732026,40.093327999844369],[-75.456661000173696,40.093027000030183],[-75.45667200004435,40.092952999734997],[-75.456696000333793,40.092875999676806],[-75.456702000181565,40.092826000136732],[-75.456713999877138,40.092793000159027],[-75.456744999839273,40.092739000285967],[-75.456812999611344,40.092644999666611],[-75.456858999642094,40.092519000080237],[-75.456868999687828,40.092452999811165],[-75.456888999779324,40.091933000116967],[-75.456896000350341,40.091378999994213],[-75.456867999862922,40.091110999929036],[-75.456774000151597,40.090463999720598],[-75.456757000433171,40.090227000172213],[-75.456713000052233,40.089920000075487],[-75.456692000135831,40.089717999999806],[-75.456692999960737,40.089520999729594],[-75.456678999717042,40.089236000112251],[-75.456681000265178,40.089102000116085],[-75.456658999625546,40.08857000007238],[-75.456622999640558,40.088400000215259],[-75.456568000287277,40.088295000212696],[-75.456559000066449,40.088215999770199],[-75.456501000340126,40.088057999984635],[-75.456416999776224,40.087896999930251],[-75.456334999760458,40.087754000322491],[-75.45627899968396,40.087754000322491],[-75.456255000292828,40.087755000291935],[-75.45618599979754,40.087776000334564],[-75.45471799990969,40.088377999717636],[-75.45454600038056,40.088450000257758],[-75.452531000146536,40.089277999964445],[-75.450325999941711,40.090184000284559],[-75.449109999948931,40.090683999696616],[-75.448863000076727,40.090788000212477],[-75.448679999778619,40.090860000265003],[-75.447514999839484,40.091429999825536],[-75.446395999931084,40.091978999996385],[-75.442131000184702,40.093776000234946],[-75.441848000327482,40.09388299978761],[-75.441110000185589,40.094165000249703],[-75.441001000405649,40.094207999683789],[-75.440721000023188,40.094321999730091],[-75.440148999562638,40.093371999694256],[-75.439857000382915,40.092885999992703],[-75.439684000130541,40.092599000237307],[-75.439607999962561,40.092471999978471],[-75.438550000153555,40.090714000231777],[-75.43849900009991,40.090629000284714],[-75.438434999627489,40.090521999739551],[-75.437863999890197,40.089573000208645],[-75.437654999652807,40.089662999807274],[-75.437613999644938,40.08968200006624],[-75.437499999842117,40.089732999794684],[-75.434856999969384,40.090890999958773],[-75.433688999657178,40.091419000067241],[-75.426202999729739,40.094617999971355],[-75.420123999590814,40.097200999887654],[-75.419952999886576,40.096983999864321],[-75.419783999832177,40.096769000197391],[-75.41954299980776,40.096463999744302],[-75.419284000239983,40.096136000088187],[-75.41900700023055,40.095785000209318],[-75.41866099972583,40.095346999941597],[-75.418373999670663,40.094982999833441],[-75.418180000400227,40.094737000039807],[-75.418122999600499,40.094664999965516],[-75.418003999774783,40.094514999680577],[-75.417755000252768,40.094199999998892],[-75.417295999770147,40.093620000065471],[-75.417090999730718,40.092827000031669],[-75.416864999774916,40.092499000026251],[-75.415803999592853,40.091263999910865],[-75.415322000442316,40.090669000111326],[-75.415283000084244,40.0906120001451],[-75.415206999916265,40.090498999998637],[-75.41508499971755,40.090363999808808],[-75.415069999648935,40.09029700026678],[-75.415053999755386,40.090219999952609],[-75.415021000143426,40.090137999879261],[-75.414888000074043,40.089800999831269],[-75.414657999920266,40.089437000299185],[-75.414004000342302,40.088804999984269],[-75.41322299964439,40.088051000229235],[-75.413147000374707,40.0879330001206],[-75.412964000076613,40.087688000243617],[-75.412933000114478,40.087646000097585],[-75.412749999816384,40.087398999925554],[-75.412369000049864,40.086932999817705],[-75.411986999560128,40.086441000253323],[-75.411957000321223,40.086399000025224],[-75.411262999661943,40.085510000228588],[-75.411018000337876,40.085194000100209],[-75.410988000200646,40.08515199979],[-75.410049000217313,40.083945999760161],[-75.410019000080069,40.083904000054631],[-75.409889000383743,40.083736000286045],[-75.409557000122717,40.08304999996399],[-75.408129000417844,40.081293000249566],[-75.408009999693846,40.081140999917032],[-75.407932999700932,40.080984000275414],[-75.407780000438379,40.080742999735854],[-75.407537999690746,40.080413999846733],[-75.40723599956695,40.080001999749356],[-75.406905999854075,40.07983299988922],[-75.40682200018847,40.07972299998265],[-75.406783999655332,40.079678000157152],[-75.406722999555953,40.079596999846352],[-75.406631000392764,40.079482999882181],[-75.406479000056791,40.079330000227152],[-75.406380000322613,40.07924700000089],[-75.406111999635669,40.07899499979554],[-75.405945000129421,40.078838000017058],[-75.405647000203587,40.078559999709583],[-75.405571999860513,40.078444999965072],[-75.405330999836096,40.07810099967751],[-75.405020000389783,40.077656000264135],[-75.404984000404767,40.077602000067948],[-75.404930999803,40.077529999739774],[-75.404853999810115,40.077426999710717],[-75.404472000218703,40.076873999887539],[-75.404059999591738,40.076294000106856],[-75.403877000191954,40.076068999661985],[-75.403693999893832,40.075801999956759],[-75.402718000100577,40.074463000192239],[-75.402251999945264,40.073822000217028],[-75.400681000125246,40.071651000074404],[-75.399330000413272,40.06977500026111],[-75.398543999692478,40.068693000209343],[-75.398523999600997,40.068665999656567],[-75.398513999555263,40.068644999906702],[-75.396598999778647,40.066058999688991],[-75.396285999784212,40.06563600025482],[-75.396176000179352,40.065478000318976],[-75.394539000237103,40.063267000195168],[-75.394482000335699,40.063206999673099],[-75.39424899980888,40.062966000160579],[-75.393281000411534,40.061960000283406],[-75.393158000387899,40.061832000271252],[-75.393119999854747,40.061710000068047],[-75.393097000288535,40.061638000127388],[-75.392971999716735,40.061446999811174],[-75.39284500039345,40.061248999886395],[-75.392631999958112,40.060973999685714],[-75.392600999995977,40.060989000312823],[-75.391807999602506,40.061371000227524],[-75.391670000408567,40.061431999972449],[-75.390570999693338,40.061906999679074],[-75.389907000069613,40.062204999920723],[-75.389553000067295,40.062362999884627],[-75.388992000375708,40.062614000105143],[-75.387404999763874,40.063259000311952],[-75.386069999945406,40.06384999981239],[-75.382068999789681,40.065647999660598],[-75.382025000307053,40.065669000334388],[-75.376948999725542,40.067865999962919],[-75.376845999793375,40.067898000076099],[-75.376730000340757,40.067943999696773],[-75.375599999663393,40.068453999985962],[-75.37367999986391,40.06933999971271],[-75.372271000425627,40.069962999910153],[-75.371387999620467,40.070345999915418],[-75.366686999855986,40.072354999841828],[-75.366092999654143,40.071682999784258],[-75.365936000193628,40.071490999924869],[-75.365700000192078,40.071212999871008],[-75.365394999695241,40.070804999972623],[-75.365372000129014,40.070778000257093],[-75.365203999899535,40.070516000169981],[-75.364774999554129,40.070045999765632],[-75.364201000342092,40.069368000237809],[-75.363631000429692,40.06869600027008],[-75.36360999961498,40.068660999782217],[-75.363588999698578,40.068643999656587],[-75.363181000167899,40.068142999670805],[-75.362662000309129,40.067505999716616],[-75.36198600009152,40.066674000163431],[-75.361093999963856,40.065577999659574],[-75.361066000374748,40.065543000319536],[-75.360420000294383,40.065968000222632],[-75.360068999766796,40.066195999834896],[-75.358622999620252,40.065056999945341],[-75.358581999612369,40.065024999872584],[-75.358172000431864,40.064582999822406],[-75.357025000036046,40.063342999726409],[-75.356810999775803,40.063111999884342],[-75.35653399976637,40.062787000039329],[-75.356236999665455,40.06235400024029],[-75.354976000365156,40.06051999986083],[-75.353618999907084,40.058644000147922],[-75.353479999989901,40.05845999973733],[-75.353110999918968,40.057965999899288],[-75.353049999819589,40.057884000172528],[-75.352936000016769,40.057731999847832],[-75.352761999939489,40.057501000234197],[-75.352244999730559,40.056811000029228],[-75.352104000163564,40.056625000004146],[-75.351463000106037,40.055636999707467],[-75.351349000303244,40.055476999762099],[-75.351318000341109,40.055439000089443],[-75.351273000135251,40.055366999710664],[-75.350247000113285,40.053980999939846],[-75.350187999663731,40.053899000231162],[-75.350071000386194,40.053741999675019],[-75.349948000362545,40.053575000232527],[-75.349581999766329,40.053077000198378],[-75.349457000092869,40.052905000158553],[-75.348938000234099,40.052288000250144],[-75.348732000369765,40.052013000329133],[-75.347733000111973,40.050677999835528],[-75.347297999918808,40.050133000191735],[-75.346984999924345,40.049744000286545],[-75.346799000151506,40.04950600013558],[-75.346789999930692,40.049494999793559],[-75.346753999945676,40.049449999938815],[-75.346650000188589,40.049317999735088],[-75.346636999769814,40.049299999750005],[-75.346615999853412,40.049274000298055],[-75.346352000262755,40.048942999980952],[-75.345649000280986,40.048063000314478],[-75.344512999755835,40.046741000032149],[-75.343444999901067,40.045409999737508],[-75.343194999655807,40.045101999865629],[-75.342444999818355,40.044179000074962],[-75.342371000198511,40.044088000271209],[-75.341324000260144,40.042763000100258],[-75.340576000072517,40.041892999984192],[-75.340149000275261,40.041430999891709],[-75.339972999649845,40.041195000220334],[-75.339921999596214,40.041084999814665],[-75.339797999747645,40.040816999884001],[-75.339668000051319,40.040707000243955],[-75.339545999852575,40.040558000048449],[-75.339469999684596,40.040443000108766],[-75.339396000064752,40.040323000084541],[-75.339017999772977,40.039825000202981],[-75.337888999818844,40.038340000121707],[-75.337634000449029,40.038000000251742],[-75.337513999900111,40.037845000244083],[-75.337338999997939,40.037618000014092],[-75.337237999715583,40.037487000304054],[-75.337216999799182,40.037457999725198],[-75.336827999636782,40.036933000181065],[-75.336658999582355,40.03670500032284],[-75.336518000015388,40.036520999833151],[-75.336101000263838,40.035972000325827],[-75.335962000346683,40.0357889999664],[-75.335929999661317,40.035803999946687],[-75.335748999911345,40.035576999800512],[-75.335206999588038,40.03489899981605],[-75.335029000211122,40.034675000279506],[-75.334921000256102,40.034536999977668],[-75.33483300039255,40.034419000006508],[-75.334255999909146,40.033642999691438],[-75.334064000288521,40.033386000279442],[-75.33401400005981,40.033321999951383],[-75.33395100031062,40.033241000234668],[-75.333869000294854,40.033126999731635],[-75.333822000439184,40.033061999763767],[-75.333700000240455,40.032892999694923],[-75.33355899977515,40.032718000045143],[-75.332932999786237,40.031939000019577],[-75.332740000340721,40.031712000077498],[-75.332460999783137,40.031383000005192],[-75.332372000094693,40.031268999835682],[-75.3321059999559,40.030927000247566],[-75.332018000092347,40.030813000003761],[-75.331866999581294,40.030626999884817],[-75.33141499966969,40.030072000309346],[-75.33139799995125,40.030050999671616],[-75.330972999803791,40.029496999673462],[-75.329545999923852,40.027634999977543],[-75.329453000037418,40.027528000207695],[-75.328882000300112,40.026839000132192],[-75.328858999835575,40.026805000334626],[-75.328530999772511,40.026528999934904],[-75.328468000023321,40.026241000331048],[-75.328461000350643,40.025891000155099],[-75.32786600032388,40.025372000116555],[-75.32777400026238,40.025242999983412],[-75.327738000277364,40.025196999743613],[-75.327344000092054,40.024685000005334],[-75.327215000220647,40.024515999817886],[-75.32711200028848,40.024384999706164],[-75.326805999966737,40.023990999707742],[-75.326706000407611,40.023861000183288],[-75.326625000216751,40.023758999726795],[-75.326523000109503,40.023634999721828],[-75.326386999667065,40.023456999720196],[-75.326313999872127,40.023365000240673],[-75.326307000199435,40.023356999801557],[-75.326162000434479,40.023163000215504],[-75.325728999891126,40.022589000053486],[-75.32558499995109,40.022397999694633],[-75.325557000361997,40.022360000157335],[-75.3255220002019,40.022312999795211],[-75.325472999798095,40.02224700028583],[-75.325445000208987,40.022210999776092],[-75.325333000056006,40.022064000249237],[-75.32515899997874,40.021828000285566],[-75.325042999627769,40.021674999800041],[-75.323638000387433,40.019869999918036],[-75.322701999878845,40.018677999981115],[-75.321976000330821,40.017684999939426],[-75.32176999956819,40.017402999974287],[-75.321567999901816,40.017158999922856],[-75.321387999976764,40.016953000192693],[-75.320699000238676,40.01621599987994],[-75.320455999666123,40.016319000247137],[-75.319731999767939,40.016631000016687],[-75.319491999568427,40.016737999677524],[-75.319376999940687,40.016786999710519],[-75.319282000404456,40.01683100015952],[-75.318668999936051,40.017119000271052],[-75.318466000444786,40.01721600012575],[-75.315697000175334,40.018433000061684],[-75.315406999747111,40.018516000071166],[-75.313629000237867,40.019012000178357],[-75.313423000373533,40.019100000242418],[-75.313331000312019,40.019143000287237],[-75.312728999714267,40.019409000201868],[-75.312163999824747,40.019566000019175],[-75.311721999958863,40.019713000112219],[-75.311432000428951,40.019809999719428],[-75.310684000241338,40.018920999812906],[-75.310623000141973,40.018798999858319],[-75.310608000073358,40.018767999688443],[-75.310432000346253,40.018611999707517],[-75.310332999713737,40.018410000057798],[-75.309761000151525,40.017775999889295],[-75.309433000088461,40.01741000010955],[-75.309433000088461,40.017132000280824],[-75.309434999738286,40.017063999937534],[-75.309433000088461,40.0167619998806],[-75.309375000362138,40.016668999992625],[-75.309227000224126,40.01647899990143],[-75.309188999690988,40.016406999656212],[-75.308890999765154,40.015918999814261],[-75.308754000396121,40.015734999667139],[-75.308737999604276,40.015716000109812],[-75.308263000126445,40.015123000185433],[-75.30824700023291,40.015103999769707],[-75.308110999790472,40.014920999839852],[-75.308054999713988,40.014853000045342],[-75.307892000405673,40.014653999964196],[-75.307839999628825,40.014589999949564],[-75.306329999908186,40.012911000325715],[-75.305467000092818,40.0122469999923],[-75.305037999747427,40.011919999720291],[-75.303903999770412,40.010582000132324],[-75.303668999593782,40.010250000108996],[-75.303446999835941,40.009935000171076],[-75.302533999791862,40.009014999816657],[-75.30222900019335,40.008640999739981],[-75.301552000150807,40.007809000009168],[-75.301055999858278,40.007149000066136],[-75.300911000093322,40.006966000137375],[-75.300475000075238,40.00640700022349],[-75.300389999686416,40.00629599966021],[-75.300358999724267,40.006255999834472],[-75.300266999662767,40.006137999799279],[-75.300238000248768,40.006098999672794],[-75.299705999971195,40.005420999842066],[-75.299110000119526,40.004684000235379],[-75.299003999814317,40.004555000213387],[-75.298537999659004,40.003986000221396],[-75.297874000035264,40.0031740003189],[-75.297797999867285,40.00308599967488],[-75.297170000228576,40.002264000223192],[-75.296950999945466,40.001984000241514],[-75.296858000059046,40.00186300014235],[-75.296714999943916,40.001679999806726],[-75.296685999631592,40.001645000002533],[-75.296579000399788,40.001505999777251],[-75.296487000338274,40.001386999928897],[-75.296431000261776,40.001312999866585],[-75.296344000223158,40.001201000103222],[-75.296259999659242,40.001095000035136],[-75.296202999757838,40.001023999942937],[-75.296172999620609,40.00098899980248],[-75.296150000054396,40.000958999667802],[-75.296093000152979,40.000885999697907],[-75.295997999718423,40.000762999977439],[-75.295949000212943,40.000697000271082],[-75.295938000342275,40.000684999754576],[-75.295770000112782,40.000477999975082],[-75.295372999554445,39.999983999813857],[-75.294913999970134,39.999416000153822],[-75.294815000235928,39.999291999958366],[-75.293846000115352,39.998092999794444],[-75.293639000426126,39.997846999704059],[-75.293020999934839,39.997112000079646],[-75.292825000116267,39.996877999707564],[-75.292815000070505,39.996867999750236],[-75.292645000191214,39.996674999805705],[-75.292136000378179,39.996098999955173],[-75.29196700032378,39.995907999784016],[-75.290535000420931,39.994270000324846],[-75.290526000200117,39.994260999950811],[-75.290366000366532,39.994079999823732],[-75.290342999902009,39.994052000031147],[-75.290275000129938,39.99397499968218],[-75.290253000388631,39.99394999975582],[-75.28927500004724,39.992847000171167],[-75.288956000205005,39.992438999904159],[-75.288726999876147,39.992211000009128],[-75.288177000055228,39.991591000188812],[-75.287925999985077,39.99130999979328],[-75.287448999959096,39.990762999910892],[-75.287231000399203,39.990513000178211],[-75.287100999804551,39.99032200021464],[-75.287024999636571,39.990211000343578],[-75.286766000068795,39.989955999826357],[-75.286628999801451,39.989826000167938],[-75.286575000273089,39.989777000052513],[-75.285165000111562,39.988412000111509],[-75.28438799961161,39.987659999762293],[-75.284283000029632,39.987559000328645],[-75.284171999701542,39.987452999733421],[-75.28392800020238,39.98721699985628],[-75.28385299985932,39.98710300023604],[-75.283669999561198,39.986844000210688],[-75.283621000055732,39.986772999755857],[-75.282924999746626,39.985782999763209],[-75.282697999965905,39.985459999759712],[-75.282646999912288,39.98538699974123],[-75.282533999934387,39.985227000172863],[-75.282328000070066,39.984958000281843],[-75.282299999582662,39.984920999963251],[-75.282025999946271,39.984562000295959],[-75.281958999999119,39.984474999866393],[-75.281681999989686,39.984113000267612],[-75.281523999805927,39.983908000049169],[-75.280963999939289,39.983208000106508],[-75.280931000327314,39.983166999706633],[-75.280569999753993,39.982714999744502],[-75.280341000323432,39.982421000271763],[-75.280141000306898,39.98208400026347],[-75.279923999673613,39.981707000218684],[-75.279507999747011,39.981221999911611],[-75.279308999555369,39.980987000007786],[-75.278938999659516,39.980421999802104],[-75.278797000267616,39.980216000040237],[-75.278722999749448,39.980108000097388],[-75.278373999769983,39.979607000022916],[-75.278238000225855,39.979411999812825],[-75.278023999965626,39.979106999903962],[-75.27798799998061,39.979055999984965],[-75.277252000386852,39.978010000039269],[-75.27707699958637,39.977760999963955],[-75.277009999639205,39.977665000016025],[-75.276901999684185,39.97750999993734],[-75.276833000087208,39.977413000113394],[-75.276566000123509,39.977067999829679],[-75.276539000359335,39.977032999803306],[-75.276509000222106,39.976994999793767],[-75.276481999559607,39.976959000200019],[-75.276130999930331,39.977127000207183],[-75.275870999639338,39.977245000120988],[-75.275468000131525,39.977429000058343],[-75.275284000008497,39.97751199966968],[-75.273551999631707,39.978278999750827],[-75.273154000146747,39.978455000150809],[-75.273026000100231,39.978512000316115],[-75.272255000346391,39.978854999812071],[-75.271529999724976,39.979175999693311],[-75.271308999792041,39.979275000137257],[-75.269256999748094,39.980185999729059],[-75.267972999983257,39.980757000110195],[-75.26739800004799,39.981014000178476],[-75.267249999909978,39.981079000163085],[-75.2662509996522,39.981524999713635],[-75.265566000112074,39.981832000137182],[-75.265510999860481,39.981856999680488],[-75.264747999604239,39.982192999978231],[-75.264386000104295,39.982356000187124],[-75.264350999944199,39.982371999662988],[-75.263687000320502,39.982658000331867],[-75.262945999805567,39.983044999865271],[-75.26279400036789,39.983123999714046],[-75.262512000335605,39.983280000262432],[-75.260779999958785,39.98424100024986],[-75.260688999722191,39.984295000073679],[-75.259476000102481,39.984954999977745],[-75.259283999583531,39.985073000139678],[-75.25884199971766,39.985348000152023],[-75.258705000348627,39.985428000185536],[-75.258544999616731,39.985526999830583],[-75.256950000405595,39.986709999833359],[-75.256874000237616,39.986771000294546],[-75.256286999708465,39.987190000072111],[-75.256119000377296,39.987301000034336],[-75.255675999788195,39.987498999946979],[-75.253998999662954,39.988304000046952],[-75.251600000187707,39.989429000145584],[-75.251545999761021,39.989453999662061],[-75.251437999806001,39.989504000044008],[-75.250785999877849,39.989803000160286],[-75.250335999616041,39.990017000141961],[-75.250129999751707,39.990116000019249],[-75.250000000055365,39.990180000266726],[-75.249768000251777,39.990290000164926],[-75.249214000232911,39.990547000162564],[-75.247948000011419,39.991138000202987],[-75.245689000278233,39.992191000102792],[-75.243908000395948,39.993042999871342],[-75.243816000334448,39.993085999814632],[-75.241649999589356,39.994104999702508],[-75.240785000124177,39.9945099997677],[-75.239005000066797,39.995343999738871],[-75.238976999579393,39.995357999715836],[-75.237996999588177,39.995817000271195],[-75.237343000010199,39.996122999845191],[-75.237331000314626,39.996128000222654],[-75.236120000344727,39.996689000198003],[-75.235297999638931,39.997069999842545],[-75.23441300008227,39.997487999839386],[-75.23430199975418,39.997541000285125],[-75.234183999753412,39.997596999750556],[-75.234151999966372,39.997611999869882],[-75.233214999632835,39.998058000216105],[-75.232147999603001,39.998550999957288],[-75.232124000211854,39.998562000258481],[-75.232056000439812,39.998588999676507],[-75.230895999625218,39.999130000140646],[-75.230441000238855,39.999343999801376],[-75.229452999851716,39.999811000163334],[-75.228881000289505,40.000079000175333],[-75.228738000174374,40.00014399991192],[-75.2283749999512,40.000317000095023],[-75.227759999832969,40.000598999776102],[-75.227461999907135,40.000746000121737],[-75.227051000003399,40.000937999703282],[-75.226402000448303,40.001255000282391],[-75.223618000110235,40.002582999837664],[-75.220664999717798,40.003944000083656],[-75.219231000165124,40.004641999838917],[-75.218732000397836,40.00488800022076],[-75.218360999778753,40.005069999720135],[-75.216016999656773,40.006133999946094],[-75.215804999944666,40.006229000007679],[-75.213745000403108,40.007159999670215],[-75.211665999696663,40.008155000313465],[-75.211547999695895,40.008213000228672],[-75.210770000269349,40.00858300018843],[-75.210618999758296,40.008651999791688],[-75.209239999558889,40.009370999704402],[-75.208400000208087,40.009836000126285],[-75.20822100010794,40.009946999749779],[-75.208010000220753,40.010077000325218],[-75.207673999761766,40.010286000048694],[-75.207524999798849,40.010377999961094],[-75.207375999835946,40.010479999778923],[-75.207281000299687,40.010544999934055],[-75.207278999751551,40.01058700013899],[-75.207237999743683,40.010685999782602],[-75.207156999552822,40.010800999667921],[-75.207099999651405,40.010886999868298],[-75.206985999848598,40.010977000218048],[-75.206558000226423,40.011251999825078],[-75.205978000268288,40.011723000138396],[-75.206071000154708,40.011782999879181],[-75.206138000101859,40.011825000010376],[-75.206286000239857,40.011923000215937],[-75.206405000065558,40.012001999689502],[-75.207599000317018,40.012719000014528],[-75.207627999731017,40.012736000329049],[-75.207728000188439,40.012804999862368],[-75.208007999672617,40.012996999931616],[-75.208648999730116,40.013439000116534],[-75.210007000013107,40.01410699993562],[-75.212218999890609,40.015460999889733],[-75.213461999647578,40.016560999897031],[-75.213489000310076,40.016585000162358],[-75.213637000448088,40.016718000075166],[-75.214029999910139,40.0171519997619],[-75.214630999784688,40.017835000192598],[-75.215055000107213,40.018351999863995],[-75.215328999743591,40.018662000066577],[-75.215482999729389,40.018828000115377],[-75.215614999973866,40.018965000261808],[-75.215749999693074,40.019100000242418],[-75.215862999670989,40.019207000159653],[-75.21600599978612,40.019334999724521],[-75.216276000122861,40.019564000142068],[-75.217815999980729,40.020737999778376],[-75.218056000180241,40.020943000202941],[-75.218191999724382,40.021011999693847],[-75.218468999733801,40.021207999721533],[-75.218888000033459,40.021492999859383],[-75.21907999965407,40.021616000065237],[-75.219247000058658,40.021715999783986],[-75.219396999846481,40.021798999927597],[-75.21950300015169,40.021853999884321],[-75.219616999954511,40.021908000236415],[-75.219810000298352,40.021991999705541],[-75.219888999941077,40.022022000227956],[-75.220008999591684,40.022064999807149],[-75.220130999790399,40.022103999754066],[-75.220254999638968,40.022140000320263],[-75.220422000043555,40.022185999869571],[-75.22059199992286,40.022227999789905],[-75.221190000322665,40.022363999747562],[-75.221444999692466,40.022425000004731],[-75.221576000112037,40.022449999823699],[-75.221715000029192,40.02247200028971],[-75.221893000304448,40.02252999973323],[-75.22215299969713,40.0226139998124],[-75.2230170002357,40.023226999756922],[-75.223694000278229,40.023712000328409],[-75.223945000348394,40.02380899975379],[-75.225190999580079,40.024459000209781],[-75.226307999838639,40.025091999992235],[-75.226512999878068,40.025196999743613],[-75.226651999795223,40.025266999946659],[-75.227952000351905,40.025934000047464],[-75.228004000230442,40.025963000023509],[-75.228148999995398,40.026030999753061],[-75.228179999957533,40.026047000003274],[-75.228217999592374,40.026066000123592],[-75.228248999554509,40.026081000178628],[-75.229677999982613,40.026793000280676],[-75.230745000012476,40.027311999826708],[-75.230924000112608,40.027425000251434],[-75.231026000219885,40.027488999922014],[-75.231177999657504,40.027549999724087],[-75.231702000437465,40.02783100023921],[-75.23198699994451,40.027994999674469],[-75.232042000196088,40.028037000145872],[-75.232224999595886,40.028141000022721],[-75.232401000221287,40.028253999762121],[-75.232601000237835,40.028390000088955],[-75.232762999721245,40.028505999870205],[-75.232919000255151,40.028626000053066],[-75.233070999692799,40.028749999928536],[-75.233884000177753,40.029476000234368],[-75.234030999592534,40.029603999793977],[-75.234090000042073,40.0296499998135],[-75.234179999555451,40.02973000022218],[-75.23433400043956,40.029853000022619],[-75.234460999762845,40.029948000085703],[-75.234765000434777,40.030162000119724],[-75.23505900016265,40.030353000065134],[-75.235300000187081,40.030504000104443],[-75.236208000208265,40.03105399972155],[-75.236588000149879,40.031290000098451],[-75.237364999751492,40.031799000165783],[-75.23767400044629,40.032003000269746],[-75.237978000219911,40.032203000062552],[-75.238395999796353,40.032495000316345],[-75.239231000022613,40.033060999679101],[-75.239703000025713,40.033375000087588],[-75.239870000430287,40.03348900017609],[-75.240097000211009,40.033651999688082],[-75.240282999983862,40.033798000308458],[-75.240400000159724,40.033899000126077],[-75.240484999650207,40.033978000294539],[-75.240565000016147,40.034057999753728],[-75.240667999948315,40.034168999871063],[-75.240765999857601,40.034283000007996],[-75.240859999568926,40.034399000084449],[-75.241201999875685,40.034840999883819],[-75.241294999762118,40.034957999755832],[-75.241416999960862,40.035101000167444],[-75.241519999893029,40.035211999962755],[-75.241656000335453,40.035345000018687],[-75.241801999925329,40.035473000256772],[-75.241986999873248,40.03562199987136],[-75.24218000021709,40.035764000221171],[-75.242413999670518,40.035923000315293],[-75.24268800020522,40.036095999914387],[-75.24297000023752,40.036262000186554],[-75.243258000117606,40.036420999807362],[-75.24366200034865,40.036633000100622],[-75.24410500003944,40.036861000199572],[-75.244218000017341,40.036915999705073],[-75.244412000186102,40.03700300003284],[-75.244931999869792,40.03721699993978],[-75.245048000220734,40.037267999754249],[-75.24523999984136,40.037362999805872],[-75.245598000041639,40.037654999975864],[-75.24590299964018,40.037996000202767],[-75.246169999603865,40.038289999741423],[-75.246674000292316,40.039167999712681],[-75.246999999807258,40.039738000036913],[-75.247322000022535,40.040095999850756],[-75.24791899969911,40.04076200008619],[-75.249039000330711,40.041847999925217],[-75.249180999722626,40.041951000108028],[-75.249348999952105,40.042072999923001],[-75.250333999966216,40.04278899997243],[-75.250985999894368,40.043262999712468],[-75.251221999895932,40.043446999890172],[-75.251298000063926,40.043505000067469],[-75.251360999813087,40.043554000131415],[-75.252882000302719,40.044732999781097],[-75.254226000342001,40.04568899976438],[-75.254318000403515,40.045754999973482],[-75.254678000253634,40.045923999800841],[-75.255098000378183,40.04612200024151],[-75.255893000421466,40.046496999698157],[-75.257655000037218,40.047611000173703],[-75.259620999867437,40.049238000299901],[-75.261097000151196,40.050670999675951],[-75.262677000192042,40.0523039998413],[-75.264431000310154,40.05409400018177],[-75.263859999674537,40.054557000177901],[-75.263811000169056,40.054602000098917],[-75.263596000083879,40.05480999980611],[-75.263519000090994,40.054870999923821],[-75.263499999824433,40.054888000048358],[-75.263240000431736,40.055128000180886],[-75.260550999629928,40.057602999731522],[-75.256706999833028,40.061141999920224],[-75.25668300044191,40.061162999920441],[-75.256558999695031,40.061158000182893],[-75.256422000325998,40.061200000166949],[-75.255885999850477,40.061673000098494],[-75.254885999767765,40.062645000284633],[-75.254423999810413,40.063094000104812],[-75.254356000038342,40.063179999695961],[-75.254342999619553,40.06331300019297],[-75.252208999559826,40.065277999822491],[-75.245856999609416,40.071127000109186],[-75.24345800013414,40.073334000118095],[-75.243288000254836,40.07349400006251],[-75.243213999736682,40.073557999797558],[-75.243133000444132,40.073627999847048],[-75.241277000218773,40.075446000325321],[-75.240941999584692,40.075757999747864],[-75.240868999789768,40.075829999887496],[-75.240657999902581,40.076039999688071],[-75.240381999718053,40.076335999695132],[-75.240120999602141,40.076591999964144],[-75.239984000233108,40.07671599989883],[-75.239631999880601,40.077034999890557],[-75.239349000023395,40.077308999746229],[-75.23819699960471,40.078463999918284],[-75.238087999824771,40.078572000275393],[-75.2357670001673,40.080851999985732],[-75.234455999739978,40.082138999969899],[-75.232951999867126,40.083618000258014],[-75.232908000384498,40.083665000287844],[-75.232596000214969,40.083997999686957],[-75.231851000400383,40.084725999990461],[-75.231720999805717,40.084852000257158],[-75.23092900013549,40.085627999726384],[-75.230499999790084,40.086022000237364],[-75.229771999693938,40.086758000075569],[-75.229611999860381,40.086922000019946],[-75.229580999898232,40.086953000132652],[-75.229061000214557,40.087469000179404],[-75.228974000175924,40.087555999893837],[-75.228689999595474,40.087838999736256],[-75.228277000041913,40.088250999829654],[-75.227882000031698,40.088641999722185],[-75.227829000328256,40.088696000096803],[-75.227775999726489,40.088744999966941],[-75.227707000129527,40.088818000072727],[-75.225182000257561,40.091346999918812],[-75.223609999714313,40.092906999826752],[-75.222419999660801,40.092232000151689],[-75.221572999738996,40.091754999752958],[-75.221222000109705,40.091556999967104],[-75.220304999867693,40.091030000163279],[-75.220233999722566,40.090989999861584],[-75.22005600034565,40.090889000111964],[-75.219649999566471,40.090653999835475],[-75.218000999928663,40.089705000083235],[-75.217964000118727,40.089683999948519],[-75.216798000354672,40.089015000315804],[-75.216781999562841,40.089005000118341],[-75.216696000247424,40.088954999796307],[-75.215172000283076,40.088074000110069],[-75.214347999927469,40.087604999897337],[-75.213569999602612,40.087154000188384],[-75.21338800002772,40.087041999779196],[-75.213301999814007,40.086962999944298],[-75.213198000056934,40.086864999664996],[-75.212469999960788,40.086065999999384],[-75.212375000424544,40.085994999682057],[-75.212193999776261,40.085970999790312],[-75.212110999935589,40.085961999828797],[-75.212007000178531,40.085967999803273],[-75.211927999637481,40.086006000316836],[-75.211868000261347,40.086085999881782],[-75.211720000123336,40.086012000287496],[-75.211525000129669,40.085915000010168],[-75.211455999634381,40.085883000115075],[-75.210448999878977,40.085418999946121],[-75.210387999779613,40.085391999838947],[-75.209770000186637,40.085133000328412],[-75.209396000092823,40.084926999748866],[-75.20873999996671,40.084435000119612],[-75.208411999903646,40.08417499969535],[-75.207840000341434,40.083778000095208],[-75.207648999647404,40.083667999689048],[-75.206711000387301,40.083213999906256],[-75.206322000224873,40.082992999803579],[-75.204865000207676,40.082157000215332],[-75.204716000244758,40.082070999839864],[-75.204147000157278,40.081741000123976],[-75.202651999606928,40.080894000199358],[-75.200927999626032,40.079899000022799],[-75.200377999805127,40.079589999908315],[-75.198492000340849,40.078507000335577],[-75.198334000157104,40.07841500020897],[-75.197720999688698,40.078061000026807],[-75.197601000038105,40.077990999722374],[-75.196419000380516,40.077304999941902],[-75.195938000156573,40.077033999763607],[-75.194991999602223,40.076496000147898],[-75.191740000357342,40.074652000123827],[-75.190830999612928,40.074114000249381],[-75.189202999891506,40.073173999797746],[-75.1888659996076,40.072971000027557],[-75.188750000154968,40.072907999928404],[-75.188460999551651,40.072749999674407],[-75.187064999633833,40.07417699992029],[-75.186096000411581,40.075122999831443],[-75.185987999558236,40.075229999834889],[-75.185836999945508,40.075377999697452],[-75.185379000186089,40.075820999960087],[-75.185036000054438,40.076152999777577],[-75.184952000388833,40.076236999789501],[-75.183399000112175,40.077788999991853],[-75.183112999881899,40.078063999674946],[-75.182897999796751,40.078275999677281],[-75.182616999589357,40.078552000247655],[-75.182053000423039,40.07910199990117],[-75.181819000071329,40.079329000133953],[-75.181472999566608,40.079670000139203],[-75.180901000004383,40.080219000304879],[-75.180792000224443,40.080324999783208],[-75.180582999987067,40.080529999778058],[-75.180275000015499,40.080829999798006],[-75.180018999922467,40.081075000300018],[-75.179756000156715,40.081333000063644],[-75.179213999833422,40.081866999729371],[-75.178710999868173,40.082366999748757],[-75.178222999971553,40.082854999723885],[-75.17769599971686,40.08337800014074],[-75.176481000447311,40.084607000288038],[-75.176437999891291,40.084649000247175],[-75.176170000102687,40.084489999725214],[-75.175873000001758,40.084308999768339],[-75.175330999678465,40.083988000127093],[-75.175072000110688,40.083835000285752],[-75.17478199968248,40.083664000258324],[-75.174155999693568,40.083294000002958],[-75.173591999628968,40.08295799978989],[-75.172950999571455,40.082581000191013],[-75.171906000181224,40.081987000151379],[-75.171717000035343,40.081879999768127],[-75.171660999958846,40.081848000038391],[-75.171600999684387,40.081813000123425],[-75.171347999964397,40.081663999753943],[-75.169914000411723,40.08081800031745],[-75.168243000134296,40.079833999975065],[-75.167641000434855,40.079479000205559],[-75.164970000074703,40.077869000276657],[-75.163399000254685,40.076950000047411],[-75.161957000306117,40.076129999993533],[-75.161285000286469,40.07576399993421],[-75.160429000143807,40.075300999692949],[-75.158417000282839,40.074168999943481],[-75.155833999786239,40.072732999881957],[-75.154693999961424,40.072083999900315],[-75.154076000368462,40.071732000213053],[-75.153333000203716,40.071309000260193],[-75.152755999720313,40.070980000160972],[-75.152184999982993,40.070656000263178],[-75.151886000232267,40.070488000116804],[-75.15159599980403,40.07032799998494],[-75.150718999744981,40.069828000243916],[-75.150002000417814,40.069423999878616],[-75.149573999897314,40.069186999954631],[-75.148331000140359,40.068485000257823],[-75.147644000052111,40.06809599992625],[-75.146683000327471,40.06754700033337],[-75.14547700038041,40.066855999838346],[-75.145452000266076,40.066842000092166],[-75.145186999952216,40.066691999684586],[-75.144857000239313,40.066502999663207],[-75.144546999719608,40.066322000016903],[-75.14409599963291,40.066066999930896],[-75.144066000393991,40.066049999845376],[-75.143117000364896,40.065492999954429],[-75.143056000265531,40.065457999883265],[-75.141876000257781,40.064792999926993],[-75.141850000318513,40.064778000137423],[-75.141189999994438,40.064405000137],[-75.140897000091471,40.064239000328051],[-75.140851000060707,40.064212999700075],[-75.140708999770496,40.064132999873948],[-75.140579000074155,40.064056000218969],[-75.139426999655484,40.063357999831929],[-75.1393649997312,40.063319999741537],[-75.139352000210735,40.06331300019297],[-75.139312999852663,40.063290000197981],[-75.139076000026193,40.063154000038864],[-75.138932000086157,40.063071000035883],[-75.138213000210854,40.062659000205798],[-75.136947999814268,40.061934999821851],[-75.136719000383735,40.061820999856124],[-75.136527999689704,40.061728999877346],[-75.135192999871251,40.061030999713502],[-75.135124000274274,40.060989000312823],[-75.13488800027271,40.060852000008822],[-75.134391999980167,40.06053200016769],[-75.134087000381641,40.060337000075478],[-75.13331599972949,40.059818000231076],[-75.132529999907007,40.059298999871217],[-75.131682999985188,40.058776999873686],[-75.130401999695081,40.057963999772973],[-75.130134999731396,40.057795999953505],[-75.130046000042938,40.057738999969757],[-75.12981400023935,40.057589999871503],[-75.129020999845892,40.057090999878547],[-75.128554999690564,40.0568119997655],[-75.128487999743413,40.056771999988406],[-75.127090000175755,40.055931000183449],[-75.126320000246821,40.055481000160675],[-75.124915999933066,40.054684000336977],[-75.124618999832151,40.054519999762192],[-75.124450999602658,40.054428000239668],[-75.123756000016797,40.05405799997903],[-75.123314000150913,40.053822000012339],[-75.122146999663642,40.053176999862075],[-75.121642999873487,40.052891000296079],[-75.120826999913788,40.052424999894207],[-75.120017999626796,40.051964000156779],[-75.119544999798777,40.051697000170137],[-75.119466999980972,40.05165300020586],[-75.118770999671881,40.051253999795811],[-75.118651999846193,40.05118599977218],[-75.118553000111987,40.051131999907327],[-75.117103999592416,40.050303999831193],[-75.115035999654935,40.049117999939568],[-75.114505999925512,40.048806000214526],[-75.112911999640957,40.047881999819161],[-75.112870999633074,40.047858000249278],[-75.112362999644958,40.047563000147036],[-75.11205499967339,40.047385000010948],[-75.111140999804405,40.046858000116387],[-75.110985000168796,40.04676900021753],[-75.110869999642759,40.046701999730203],[-75.110730999725575,40.046621999975549],[-75.109431000067232,40.045874000168197],[-75.109405999952884,40.045840000232019],[-75.109353000249428,40.045941999989701],[-75.109309999693394,40.046031000280564],[-75.109021999813308,40.04664099986563],[-75.108909999660312,40.046825999748911],[-75.108759999872504,40.047062999750516],[-75.108605000061786,40.047297999864178],[-75.108442999680094,40.047530000238041],[-75.108275000348911,40.047759000215102],[-75.108092000050803,40.047982000228224],[-75.107890000384444,40.048195000197872],[-75.107675000299295,40.048399000077495],[-75.107450000168399,40.048598999919669],[-75.107225999862408,40.04879800000883],[-75.107033000416877,40.048970000098173],[-75.107001999556417,40.048997000204707],[-75.106773000125884,40.049194000123563],[-75.106531000276533,40.049379999800088],[-75.10627000016062,40.0495479997372],[-75.105993999976107,40.04970600016798],[-75.105722999814446,40.04986599990886],[-75.105453000376031,40.050029000156989],[-75.105184999689101,40.050192000015272],[-75.104914000425779,40.050355000171407],[-75.104801000447864,40.050421999818809],[-75.104644999913944,40.050517000109103],[-75.104567999921045,40.05056299977506],[-75.104373999752283,40.050680000175682],[-75.104101999765732,40.050842000028631],[-75.10382899995426,40.051002999674971],[-75.10355699996768,40.051164000316305],[-75.103279000133341,40.051313999841263],[-75.103248999996111,40.051329999661064],[-75.103229999729535,40.051354999887764],[-75.103006000321869,40.051474999747974],[-75.102725999939395,40.051624000151378],[-75.102444999731986,40.051773000229005],[-75.102412999944946,40.051792000058619],[-75.102171000095595,40.051931000315484],[-75.101899000109043,40.05209100033445],[-75.101631000320424,40.052254999878151],[-75.10136699983147,40.05242300029289],[-75.101104999890651,40.052591000293518],[-75.100935000011333,40.052698999731426],[-75.100895999653289,40.052722999659679],[-75.100839999576777,40.052758999880034],[-75.100801000117045,40.05278199999178],[-75.100572999613107,40.052923999672551],[-75.100303000174662,40.053084999901799],[-75.100249999572924,40.053114000022262],[-75.100027999815055,40.053241000119918],[-75.099830000346657,40.053351999951929],[-75.099749999980716,40.053396000194553],[-75.099472000146363,40.053550000132574],[-75.099194000312025,40.05370299994064],[-75.098915999579347,40.053859000119438],[-75.098640000293159,40.05401400016374],[-75.098364000108631,40.054168999855577],[-75.098086000274279,40.054323999882456],[-75.097810000089765,40.054480000014948],[-75.097719999678063,40.054530999980784],[-75.097538999928119,40.054635999790349],[-75.097524999684396,40.054641999774553],[-75.097483999676527,40.054664999938403],[-75.097260000268861,40.054792999662162],[-75.096984999909253,40.054951000311071],[-75.096711000272848,40.055108999906103],[-75.096440000111215,40.055268000268953],[-75.096168999949555,40.055428999774016],[-75.095900000336044,40.055593000224071],[-75.095633000372331,40.055758999783002],[-75.095359999662548,40.055907999759327],[-75.095214000072687,40.056003999714513],[-75.095077999630249,40.056090999750488],[-75.094840999803793,40.056254999982606],[-75.0946729995743,40.056362000059657],[-75.094566000342496,40.056431000161609],[-75.094315000272317,40.056595000263073],[-75.094193000073602,40.056679000329865],[-75.09405599980623,40.056771000251501],[-75.093700999978992,40.057074000303558],[-75.093504000335514,40.057241000110338],[-75.093644000077589,40.057428999971265],[-75.092691999675466,40.058308999724275],[-75.092290999817465,40.058703999875412],[-75.092034999724433,40.058952000022089],[-75.091968999602202,40.059014999965498],[-75.091462000337287,40.05949099971788],[-75.091385000344403,40.059562999864696],[-75.091132999551007,40.059821999687252],[-75.09109400009126,40.059863000115783],[-75.09046200025459,40.060528000065638],[-75.09041600022384,40.060580999680035],[-75.08970599967104,40.061298000258198],[-75.088965999879335,40.062041999917732],[-75.088671000326556,40.062342000254269],[-75.088195999950401,40.062820000123949],[-75.087425000196546,40.063599000020368],[-75.087874999560029,40.06384999981239],[-75.088063999705923,40.063956000019296],[-75.088760000015014,40.06434199967731],[-75.088912000350987,40.064432000316231],[-75.089272000201078,40.064644000129007],[-75.089377999607976,40.064704999693525],[-75.08951800024839,40.06478599984225],[-75.089751999701804,40.064922000180943],[-75.09037000019309,40.065284999856679],[-75.091782999829348,40.066109999926013],[-75.091919000271773,40.066188999894315],[-75.093223000128106,40.066935000316491],[-75.094947999933922,40.06794699979055],[-75.096457999654547,40.068829000310103],[-75.096634000279963,40.068932000281571],[-75.096733000014169,40.068988999838417],[-75.096214000155385,40.069492000264376],[-75.095183999935458,40.070498999819876],[-75.093839999896176,40.071829000074118],[-75.093650999750281,40.071752999698631],[-75.0931240003939,40.072333999854429],[-75.091545000177987,40.073901999663008],[-75.090316999591323,40.075114999965763],[-75.090192999742769,40.075237999687019],[-75.089827999869783,40.075599999919305],[-75.089088000078078,40.076374000085842],[-75.087898000024566,40.077605999854825],[-75.086906000337791,40.078647999914843],[-75.086861000131947,40.078625000286124],[-75.084453000435843,40.080947999846877],[-75.083414999819993,40.081952999675252],[-75.082455999745179,40.082884000232035],[-75.081649000006308,40.083666999659577],[-75.081188999698782,40.084115999743666],[-75.078905999676138,40.085229999658154],[-75.078810000315002,40.085276999949713],[-75.077805000209409,40.08576999967795],[-75.076431000032883,40.087193000017599],[-75.076415999964283,40.087207999681659],[-75.076393000398056,40.087226999938586],[-75.076385000002134,40.087233999778718],[-75.076369999933519,40.087250000097896],[-75.076363000260841,40.087264999749344],[-75.076248999559695,40.087376999791637],[-75.076210000099962,40.087417000154772],[-75.074582000378541,40.089103000065727],[-75.074560999563829,40.08912399969249],[-75.071368999695096,40.092430000035492],[-75.071280999831529,40.092519999979721],[-75.071269999960876,40.09253200014652],[-75.07117100022667,40.092635000002488],[-75.071008999844992,40.092801999904665],[-75.070708000444412,40.093114000200025],[-75.069455999568319,40.094411000049426],[-75.06770300017341,40.096224000251681],[-75.067174000268921,40.096771999708395],[-75.065651000129463,40.098353999668674],[-75.06493300007908,40.099091999759459],[-75.064456999878004,40.09958399995412],[-75.064203000333123,40.099846000198262],[-75.063744999675393,40.100320999975082],[-75.063603000283493,40.10046600023],[-75.063537000161247,40.100533000068097],[-75.062795999646312,40.101300000108019],[-75.062732000072216,40.101366999811987],[-75.061400999553399,40.102740999690973],[-75.060317999630016,40.10385900015568],[-75.059540000203484,40.104655999689378],[-75.059196000246885,40.105011000081291],[-75.058341999754049,40.105891999696802],[-75.057952999591606,40.106162999737442],[-75.057518000296767,40.106377000256586],[-75.057067000210054,40.106631999858088],[-75.057177999639819,40.106693999977793],[-75.055328000160557,40.107990000337175],[-75.054321000405153,40.108692000155784],[-75.052974999817721,40.109636000026939],[-75.05292499958901,40.109669000080913],[-75.052133999743674,40.110220999734345],[-75.050658000358212,40.111252000021032],[-75.049526000031037,40.112042000152982],[-75.049392000136734,40.112134999784857],[-75.049300000075235,40.112199000292364],[-75.048541999841845,40.112728999840847],[-75.047448999872728,40.113492000040644],[-75.044262999851767,40.115712999935582],[-75.044215999996112,40.115747000034027],[-75.043856000145993,40.115996999710681],[-75.043806999742202,40.116030999667181],[-75.042307000067296,40.1170779999863],[-75.039043000228517,40.119356000209457],[-75.038709000317695,40.119598999724808],[-75.038336000048787,40.119870000107767],[-75.038289000193132,40.119901999820641],[-75.03784200030438,40.120213000001932],[-75.037554000424279,40.120412999870638],[-75.033632999736184,40.12312999985307],[-75.033262999840332,40.123384999838649],[-75.031804999998215,40.124397000264267],[-75.031651999837337,40.124503000311478],[-75.026233000022486,40.12826000031616],[-75.025786999958655,40.128571000041369],[-75.025130999832527,40.129082000183928],[-75.024890999633016,40.129215999741412],[-75.023709999800332,40.130053000245709],[-75.023007999643454,40.130549999854608],[-75.020570999635055,40.132273999713938],[-75.019598000214827,40.133228999698566],[-75.017950000401939,40.134848000010173],[-75.017777000149565,40.13502500029346],[-75.017020999566029,40.135806000073707],[-75.0164900000117,40.136353999997965],[-75.016321999782193,40.136527000035066],[-75.015628999846157,40.137334999830358],[-75.015065999606449,40.137991999845283],[-75.015472000385628,40.138238999704726],[-75.015917999551149,40.138510999859669],[-75.016591000294028,40.13892200016663],[-75.016861999557349,40.139086999946386],[-75.016905000113383,40.139113000133179],[-75.017136999916971,40.139254999710062],[-75.017336000108614,40.139375999773009],[-75.018292999635293,40.139959999879352],[-75.018316999924735,40.139973999695627],[-75.01919499980869,40.140512000162978],[-75.020029000210059,40.14100800032481],[-75.022473999716098,40.142453999727223],[-75.022498999830447,40.142469000254998],[-75.023053999674218,40.142804999809861],[-75.023082000161622,40.142821999953711],[-75.023540999745933,40.143091999930675],[-75.024713000256085,40.143789999913913],[-75.024863000043922,40.143879000056373],[-75.025193999581717,40.144076999993729],[-75.025521999644781,40.144271999877844],[-75.025547999584035,40.144287999829395],[-75.026275999680166,40.144730000091272],[-75.026524000275614,40.144870999785724],[-75.026795000437261,40.145033000096127],[-75.027192999922192,40.145270000286587],[-75.02753299968083,40.145468000289803],[-75.028054999912669,40.145773000043057],[-75.029301000042651,40.146509000312406],[-75.030790999671808,40.147387999687425],[-75.030811999588195,40.147399999787709],[-75.031158999917849,40.147612000064818],[-75.031794999952481,40.147973000047287],[-75.033508000062724,40.148975000039755],[-75.034919999874077,40.149799000141371],[-75.035011000110657,40.149853999775644],[-75.03503399967687,40.14986800029962],[-75.035338000348801,40.150050999723028],[-75.035658000015957,40.150239999825622],[-75.036785000320265,40.15090299975445],[-75.037708000410078,40.151446999879987],[-75.038650999693061,40.151999000208278],[-75.038860999755343,40.152125999864154],[-75.03993799983094,40.152765000249147],[-75.040443000344325,40.153065000341613],[-75.041179999762988,40.153488000197775],[-75.041202000402606,40.153506000104009],[-75.041600999712458,40.153746999685723],[-75.04203599990565,40.15400000009285],[-75.042312999915083,40.154166999687739],[-75.043904999651488,40.155106000095294],[-75.044635000295756,40.155543000324428],[-75.045421000118239,40.156005999701769],[-75.045827999823999,40.156256000298164],[-75.046556999745064,40.156683999775701],[-75.047301999559636,40.157127999661718],[-75.048308000388445,40.157710999947909],[-75.04871799956895,40.157954000332111],[-75.048864999882042,40.158044999698369],[-75.051031999553715,40.159358000323017],[-75.051502999731923,40.159639000189955],[-75.051845000038682,40.159835999901617],[-75.051877999650628,40.159854999780897],[-75.0523739999432,40.160146999966294],[-75.053103999689156,40.16059399999228],[-75.053671000126798,40.160936000052317],[-75.055678999789819,40.162118999684672],[-75.055702000254357,40.162132000177216],[-75.056570999917497,40.162651999987744],[-75.05691099967612,40.162854999939199],[-75.057011000133542,40.162919000061819],[-75.057044999570422,40.162940999789683],[-75.057092000324403,40.162966999770923],[-75.057356999739952,40.163120000119022],[-75.05752699961927,40.163221999930627],[-75.057832000116107,40.163408999988206],[-75.058169000400014,40.163600999981298],[-75.058860999612818,40.164016999934084],[-75.059812000190021,40.164575000277239],[-75.060135000230218,40.164756999675291],[-75.060493000430526,40.164963000132708],[-75.063300000334777,40.16655399966276],[-75.064437999611428,40.167193999684272],[-75.064866000131929,40.167428999770323],[-75.066504999723989,40.168323999994868],[-75.066550999754739,40.168349999973813],[-75.068565000163872,40.169495000310455],[-75.068694999860213,40.169567000094446],[-75.069359000382249,40.169955000246695],[-75.069622999972879,40.170115000180175],[-75.069971999952344,40.170320000037123],[-75.070016000333283,40.170345999937879],[-75.070265999680217,40.170484000300569],[-75.071197999990872,40.171031999846761],[-75.073358999814758,40.172268999863746],[-75.073409999868375,40.172298000002122],[-75.073424000112084,40.172307000208171],[-75.073539999564716,40.172378999754763],[-75.073661999763459,40.172455000299138],[-75.074317999889573,40.172858999813386],[-75.075569000042449,40.173643000021258],[-75.07625000028294,40.174081999830221],[-75.076848999609325,40.174468000119383],[-75.076898999838036,40.174500000204851],[-75.077582999553243,40.174934999719618],[-75.078159000211741,40.17529199974225],[-75.078529000107594,40.175513999945508],[-75.079555999954479,40.176138999953245],[-75.080155000179175,40.176487000168549],[-75.08059799986998,40.176747999845183],[-75.080795000411783,40.176871999786854],[-75.082059000085138,40.177632999835261],[-75.082338999569302,40.177807999784854],[-75.083176000343713,40.178317000190695],[-75.083809000005289,40.178695999691627],[-75.085480000282729,40.179698999983543],[-75.086830000169797,40.180499999729648],[-75.086959999866153,40.18057300016941],[-75.087211999761223,40.180721000077213],[-75.087493999793523,40.18088899980394],[-75.087624000388203,40.180969000311933],[-75.088318999974035,40.181376999788355],[-75.088600000181444,40.181533999669902],[-75.088708999961383,40.181598000024458],[-75.08896699970424,40.181753000161223],[-75.089646000294906,40.182153000095582],[-75.090193999567688,40.182480999997736],[-75.090208999636275,40.18248900027681],[-75.090914999991128,40.182904999764332],[-75.091633999866431,40.183326999752893],[-75.091643999912165,40.183333000059037],[-75.092562999804016,40.183876999762752],[-75.093541999970341,40.184454000023926],[-75.094121999928461,40.184795999966234],[-75.094556000296748,40.185050999782426],[-75.095403000218582,40.185550000341991],[-75.096835999946336,40.186394999678242],[-75.097210999865041,40.186612999687185],[-75.097468999607898,40.186762999916041],[-75.097583000309044,40.186829999796693],[-75.097708999807423,40.186904000171836],[-75.097960999702508,40.187050000230059],[-75.098554999904351,40.187393999876804],[-75.099862999958617,40.188154000077262],[-75.100715999728237,40.188656000031031],[-75.101997000018343,40.189419000042989],[-75.10208099968392,40.189472000142338],[-75.102674000060844,40.189820999749244],[-75.103019999667254,40.190028999976356],[-75.103080999766618,40.190062999946214],[-75.103558999617505,40.190340000317029],[-75.104546000179738,40.190914000340662],[-75.104874000242816,40.191109000217502],[-75.104952999885512,40.191156000068794],[-75.105029000053506,40.191201000246288],[-75.106877999707862,40.192279000056622],[-75.107599999956207,40.192703000339904],[-75.10779900014785,40.192820999788566],[-75.109694999657876,40.193935000259344],[-75.110631000166478,40.194488999805586],[-75.111038999697158,40.194733999806402],[-75.111256000330442,40.194865000236305],[-75.112633999806619,40.195699000134752],[-75.114592000139226,40.196881999706477],[-75.115029999807149,40.197145999713925],[-75.115481999718767,40.1974139996682],[-75.116029999889861,40.197738000297988],[-75.116054000179304,40.197751999866739],[-75.117157000194169,40.198399999778658],[-75.118626999731845,40.199275999941889],[-75.11960099987526,40.199862999931888],[-75.122130999770121,40.201367999984349],[-75.122750000086313,40.201729000224844],[-75.124044999721789,40.202495999971312],[-75.124598999740655,40.202822999963928],[-75.124623000030113,40.202838000190141],[-75.125481999647491,40.203343000151023],[-75.125804999687688,40.203532999712642],[-75.126275999865882,40.20381100027101],[-75.128558000063606,40.205185999980522],[-75.129414000206253,40.205712000264498],[-75.129522999986207,40.205778999948905],[-75.1296279995682,40.205841000171311],[-75.129820999912042,40.205955000299511],[-75.133251000330475,40.208059999986816],[-75.133512000446373,40.208224999836119],[-75.133521999593796,40.208230999997696],[-75.133644999617459,40.20830899999175],[-75.134668999989614,40.208956000290812],[-75.135258999993496,40.20932299997903],[-75.135277000435153,40.209333999867972],[-75.135720999950834,40.209605999921912],[-75.136237000334873,40.20993400014936],[-75.137782000215637,40.210886000169282],[-75.138347999930048,40.211230000329124],[-75.138535000426117,40.211346000045182],[-75.139245000080606,40.211775000108915],[-75.139373999952042,40.211853000140565],[-75.139511000219386,40.211932999798343],[-75.14034300007259,40.212451999880784],[-75.141701000355582,40.213328999753493],[-75.143088999877506,40.214148999977425],[-75.143322000404325,40.214290000227507],[-75.144523000328476,40.214998999758123],[-75.145428999801524,40.215558000104544],[-75.146895999864483,40.216445999674107],[-75.150230000023427,40.218487000265341],[-75.151740999568986,40.219410000298168],[-75.152755999720313,40.220027999953892],[-75.153626000106669,40.22052999988702],[-75.154554000219349,40.221067999861759],[-75.15493900018383,40.221297000208359],[-75.156359000391106,40.222140999876046],[-75.156959000440722,40.222482999741814],[-75.157684000163812,40.222904999675492],[-75.158274999992614,40.223260000239684],[-75.158835999684172,40.223583000081554],[-75.159110000218874,40.223741999701332],[-75.159776000390735,40.224133000069379],[-75.160352999975814,40.224486000340221],[-75.16066000012249,40.224673000264858],[-75.161897999856578,40.225418000282822],[-75.162822999596202,40.225965999787931],[-75.164147000442313,40.226781000120226],[-75.164443999644917,40.226966999903127],[-75.165549000207932,40.227657999715568],[-75.166494999863957,40.228231999962439],[-75.166511999582411,40.228242000251008],[-75.167178999579178,40.228633999975237],[-75.167227000158064,40.228661000110655],[-75.167593999680875,40.228870999729793],[-75.168021000376442,40.229151999756191],[-75.168249999806989,40.229299000001127],[-75.168398999769906,40.22939500010088],[-75.168935000245426,40.229736999693209],[-75.170132999796536,40.230504000017525],[-75.170277999561506,40.2305970000047],[-75.171055999886349,40.231079999985802],[-75.171684000423383,40.231476999992339],[-75.172118999718236,40.231745999907496],[-75.172183000190671,40.231784999755533],[-75.172436999735567,40.231935000175106],[-75.172828000446117,40.232179999940136],[-75.172876000126692,40.232209999738473],[-75.173429000320667,40.232567000022165],[-75.173625999964159,40.232693999769161],[-75.173779999949929,40.232793000222152],[-75.174166999564235,40.233035999847601],[-75.175101000423012,40.233620999839978],[-75.176185000171301,40.234302000267128],[-75.176381999814794,40.23441900012849],[-75.177380000247695,40.235033999750826],[-75.177401000164082,40.235046999985869],[-75.178540999988854,40.23574599982279],[-75.178868000227013,40.235948999807725],[-75.179172999825539,40.236138000003329],[-75.179792999966651,40.236522999735065],[-75.180045999686641,40.2366869997023],[-75.1803879999934,40.236896999807939],[-75.181044999944433,40.237316000296453],[-75.181240999763006,40.237444999700593],[-75.181291999816636,40.23747700024304],[-75.181511999924666,40.237616000302147],[-75.181691999849718,40.237731000283333],[-75.182392000356785,40.238155999980108],[-75.182980999637422,40.238526000028791],[-75.184003000359752,40.23915299971317],[-75.184493999731117,40.239468000155448],[-75.184943999992896,40.239746000042366],[-75.185922000334301,40.240360999969226],[-75.187362999559653,40.241264000084584],[-75.187646000315198,40.241455000060242],[-75.18888499987419,40.242199000180641],[-75.189141999792142,40.242360999924685],[-75.189977000018416,40.242874000213781],[-75.191808000129413,40.244018999974109],[-75.192313999569393,40.244332999995635],[-75.192573999860386,40.244488000019565],[-75.192726000196345,40.244583000124273],[-75.192983000114296,40.244736999859185],[-75.195795000041457,40.246477999764103],[-75.196125999579237,40.246684000233081],[-75.197679999680801,40.247647999661481],[-75.198174000323547,40.24794300010582],[-75.198551999717012,40.248174999775216],[-75.19958500030998,40.248789999921165],[-75.19972400022715,40.248873999835126],[-75.200346999842992,40.249250000229161],[-75.200944000417877,40.249604000182643],[-75.20152100000297,40.249953000086798],[-75.203043000317493,40.250853000214427],[-75.203306000083231,40.25101000032555],[-75.204239000218777,40.251566000148401],[-75.204305000341037,40.251605999851037],[-75.205215000012046,40.252136000191996],[-75.20626699997328,40.252732999683829],[-75.206472999837601,40.252854999958558],[-75.206642999716919,40.252955000008491],[-75.208124999848465,40.253869000294884],[-75.208544000148137,40.254117000325664],[-75.208663999798731,40.254187999813219],[-75.209456000367283,40.254658999838782],[-75.210186000113239,40.255086000025671],[-75.211319000265334,40.255749000304917],[-75.211362999747962,40.255774999672703],[-75.211490999794478,40.255849999744235],[-75.211727999620948,40.255990000020944],[-75.212003999805461,40.256152999899783],[-75.21250799959563,40.256453000067872],[-75.212690000068818,40.256564000046581],[-75.212860999773042,40.256668000318506],[-75.213285000095553,40.256927000076765],[-75.213526000119998,40.257064999741623],[-75.213977000206711,40.257334000142258],[-75.214132999842306,40.257421999908615],[-75.214229999926687,40.257475999833261],[-75.214465999928251,40.257619000123753],[-75.21516899991002,40.258020000275501],[-75.216871000149595,40.259021000253739],[-75.217252999741021,40.259268999911782],[-75.217997999555593,40.259707999916557],[-75.218585000084744,40.260044999758435],[-75.21881100004056,40.260173999723555],[-75.219421000135924,40.260532000107801],[-75.219446000250286,40.260549000234057],[-75.219498999953728,40.260571999994795],[-75.22011999991976,40.260947999833043],[-75.220526999625534,40.261186999907338],[-75.220776000045873,40.261338999937038],[-75.220930999856563,40.261423000041418],[-75.221216000261933,40.261576999847719],[-75.221386000141223,40.261679999802922],[-75.222063000183766,40.262074000227599],[-75.223022000258581,40.26264199991224],[-75.223424999766394,40.262872999783568],[-75.226479000441188,40.264663999884455],[-75.22654700021323,40.264706000284576],[-75.228248999554509,40.265717000284482],[-75.228425000179911,40.265815999742721],[-75.231202999771867,40.267391000237183],[-75.233572000008223,40.268782000235923],[-75.235085000101918,40.269668999671332],[-75.235183999836124,40.269732999745479],[-75.235312999707546,40.269806000045378],[-75.237057999604843,40.270842000313742],[-75.23843000013153,40.271654999863955],[-75.238441000002183,40.271661999894384],[-75.238994000196143,40.271989999821443],[-75.239200000060478,40.272112000328782],[-75.239656000170029,40.272368999918889],[-75.24019799959504,40.272675000082629],[-75.240979000292953,40.273129999858021],[-75.241223999617006,40.273270000016566],[-75.241519999893029,40.273439999917393],[-75.241815000344118,40.273613999978025],[-75.242736999710701,40.274158000186638],[-75.243111999629434,40.274356000292556],[-75.243171000078974,40.274395000265812],[-75.243217000109723,40.274425999824345],[-75.243288000254836,40.274473000144944],[-75.243588999655401,40.274648000249258],[-75.244791000302783,40.275325000030051],[-75.244854000051973,40.27536100028113],[-75.244931000044872,40.275404000156136],[-75.245126999863459,40.275513999935015],[-75.24690899957065,40.276512000319272],[-75.247154999617948,40.276649999783167],[-75.247265000121132,40.276712000245212],[-75.250663999679105,40.278675000126185],[-75.25077099980922,40.278739999801047],[-75.251571999700303,40.279198000251043],[-75.251751999625355,40.279301000101469],[-75.252054999574057,40.279465999787718],[-75.253092000364987,40.280074999965976],[-75.253540000078658,40.280333999883723],[-75.256058000277932,40.281817999767775],[-75.256187000149339,40.281895000139968],[-75.256802000267584,40.282260000310558],[-75.257269000247831,40.282535000320173],[-75.257604999808493,40.282732999881155],[-75.257907999757194,40.282915999925372],[-75.259092999787825,40.283631000142307],[-75.259564999790925,40.283915999659136],[-75.260332000245128,40.284370000043381],[-75.260786999631478,40.284651999749137],[-75.260877000043166,40.284709999795517],[-75.261279999550993,40.284968999773255],[-75.261427999688991,40.285057999713771],[-75.262107000279642,40.285463999980891],[-75.262433999619489,40.285672999695976],[-75.262637999833984,40.285801000326998],[-75.26284000039864,40.285916999768681],[-75.263767999613023,40.286468000222875],[-75.264319999982064,40.286835999710924],[-75.264562999656306,40.286983000086025],[-75.264981999955978,40.287227000226622],[-75.265422999996943,40.287486000153592],[-75.265792999892795,40.28771799990696],[-75.266597000156921,40.288200999999155],[-75.266808999869028,40.288334999871331],[-75.267126000061424,40.288517999825068],[-75.267732999783732,40.288868000194981],[-75.267756000248283,40.288880999682426],[-75.267917999731679,40.288974000317523],[-75.268178999847592,40.289123000331479],[-75.26881700043036,40.289479999865584],[-75.268954999624299,40.289561000061731],[-75.2700600001873,40.290212000066731],[-75.271803000434758,40.291222000019161],[-75.276311999680303,40.293833000299337],[-75.278468000379647,40.295081999775682],[-75.279079000299902,40.295439000034435],[-75.279377000225736,40.295612999661095],[-75.279747000121603,40.295828999779275],[-75.280153999827363,40.296067000270952],[-75.282230000160766,40.297303000328213],[-75.282903000005334,40.297708999664358],[-75.283272999901172,40.297923000016795],[-75.283738000231594,40.298203000133022],[-75.283920999631377,40.298310999906931],[-75.284077999990217,40.298403999897431],[-75.284103999929471,40.298419999801844],[-75.28509200031661,40.299001999658884],[-75.285683000145411,40.299356999885816],[-75.2868499997344,40.300044999778166],[-75.287027000184693,40.300154999884107],[-75.287914000289504,40.300672999681829],[-75.288170000382536,40.300831000202535],[-75.291260000144035,40.30265800009623],[-75.291717999903426,40.302937000229896],[-75.292343000067405,40.303311999964471],[-75.292904999583897,40.303664999719778],[-75.293224000324443,40.303849999691344],[-75.293502999983701,40.304015999949215],[-75.293564000083066,40.304050000257099],[-75.293612999588547,40.304076999764042],[-75.293968000314095,40.304198999913474],[-75.294303999874771,40.304359000134895],[-75.294968000396793,40.304768000142971],[-75.296364000314625,40.305695000069022],[-75.296646000346939,40.305882000327848],[-75.298042000264758,40.306758999766778],[-75.299331999877367,40.307555999857136],[-75.299445999680202,40.30762499978966],[-75.299773999743266,40.307835000312082],[-75.301376000423716,40.308829999864834],[-75.30260599976188,40.309595000193838],[-75.307673999947468,40.312687999784472]]]},"properties":{"NAME":"Montgomery County","STATE":"42","COUNTY":"091","GEOID":"42091"}},{"type":"Feature","geometry":{"type":"Polygon","coordinates":[[[-75.280265999980372,39.974963999951242],[-75.280229999995356,39.974887999675296],[-75.280192000360529,39.974835000239011],[-75.280130000436245,39.974734999995704],[-75.2800850002304,39.974624000270225],[-75.280044000222503,39.974540000339573],[-75.280026999605781,39.974502000320598],[-75.279954999635748,39.97442399970825],[-75.279804999847912,39.974319999900665],[-75.279599999808497,39.974185000172533],[-75.279465000089274,39.974121999657406],[-75.27935899978408,39.974071999720834],[-75.279241999608217,39.974031000034657],[-75.279169999638185,39.97398599996464],[-75.279122999782516,39.97391300007866],[-75.279109000437131,39.973812000287069],[-75.279080999949727,39.973690999842624],[-75.279045999789631,39.973618000329978],[-75.278998000109056,39.973525999767539],[-75.278971000344882,39.973446000255265],[-75.278952000078306,39.973359000128688],[-75.27891600009329,39.973314999887954],[-75.278859000191886,39.973246999960942],[-75.278829999879576,39.973162000129058],[-75.278809999788081,39.973050999914143],[-75.27879499971948,39.972950000225538],[-75.278783999848827,39.972841000223731],[-75.278779999650865,39.972745000248715],[-75.278777000176106,39.972691999838979],[-75.278758999734464,39.972634000044962],[-75.278723999574368,39.972530000267284],[-75.278702999657966,39.972442000066998],[-75.278696999810165,39.9724139996666],[-75.278656999627188,39.972331999657385],[-75.278608999946627,39.972262999841988],[-75.278536999976623,39.972185000116497],[-75.278449000113071,39.972106000012531],[-75.27835200002869,39.972012999877741],[-75.278296999777098,39.971927999888102],[-75.278018000117839,39.971751000283192],[-75.277967000064208,39.971713999697215],[-75.277885999873362,39.97169299969066],[-75.277765000397849,39.971678000075386],[-75.277675999811066,39.971658999961392],[-75.277640999650984,39.971643000042427],[-75.277591000320584,39.971615000003148],[-75.277552999787432,39.971583000140861],[-75.277529000396299,39.971555000077004],[-75.277512999604468,39.971518000073374],[-75.277505000106856,39.97148699977582],[-75.27750299955872,39.971452000333443],[-75.277509000304818,39.971424000215926],[-75.277522999650202,39.97140100020917],[-75.277551000137606,39.971385999841381],[-75.277596000343451,39.971376999894503],[-75.277645999673837,39.971362000209879],[-75.27768800040495,39.971344999920845],[-75.277712999620988,39.971321000274948],[-75.277704000298499,39.971284000144649],[-75.277686999681734,39.971246999994321],[-75.277655999719599,39.971209000209818],[-75.277611000412065,39.971175000239789],[-75.277576000251969,39.971150000230757],[-75.277540000266953,39.971127000131808],[-75.277490999863147,39.971109999784261],[-75.277421000441279,39.971096999961112],[-75.277337999702269,39.971082999831104],[-75.277265999732251,39.971082000215098],[-75.277197999960194,39.971082000215098],[-75.277136000035895,39.971089000280543],[-75.27707300028672,39.971105000329203],[-75.276895999836412,39.971175000239789],[-75.2768249996913,39.971214999959798],[-75.276760000292285,39.971243999776576],[-75.276689000147172,39.971252999740962],[-75.276582999841949,39.971261999704168],[-75.276524000290721,39.971223999928007],[-75.276484999932663,39.971177999772117],[-75.276470999688954,39.97113499980793],[-75.276527999590371,39.971095000041053],[-75.27658700003991,39.971055999867218],[-75.276636000443716,39.971016000054178],[-75.276662000382984,39.970983000294055],[-75.276674000078543,39.97094499967433],[-75.276667000405851,39.970906999721883],[-75.276655999636873,39.97086199966035],[-75.276639999743367,39.970828000206168],[-75.276611000329353,39.970775999995787],[-75.27655299970472,39.970672000144802],[-75.2765080003972,39.970590000110981],[-75.276467000389303,39.970520000289802],[-75.276438000076993,39.970467999845098],[-75.27641100031282,39.970416000049312],[-75.276370000304951,39.970388000195811],[-75.276301999634555,39.970351000248925],[-75.276277000418517,39.970342000165765],[-75.276244999733152,39.970329999823562],[-75.276186000181909,39.970323999995898],[-75.276005000431965,39.970312000338993],[-75.275818999760801,39.970309999707567],[-75.275704999957995,39.970292999845277],[-75.275652000254539,39.97025900010803],[-75.275606000223789,39.970211000045254],[-75.275566999865717,39.9701250002501],[-75.275494000070793,39.969929000200501],[-75.275456000435952,39.969777999705236],[-75.275393999613357,39.969574999817766],[-75.275361999826302,39.969502999678937],[-75.275321999643339,39.969416000041072],[-75.275265999566841,39.96936400013346],[-75.275196999969879,39.969324999660394],[-75.275083999991978,39.969297000048513],[-75.27502700009056,39.969289000157282],[-75.274888999998282,39.969287000184337],[-75.274807999807436,39.969293000103022],[-75.274488000140309,39.969310000213959],[-75.274325999758602,39.969316000130618],[-75.274150000031497,39.969316999772438],[-75.274011999939219,39.969314999800311],[-75.273912000380122,39.969310000213959],[-75.273810000272874,39.969297000048513],[-75.273681000401439,39.969287000184337],[-75.273569000248457,39.969277999961086],[-75.273492000255558,39.969275999987815],[-75.273415000262659,39.969281000265127],[-75.273279999645126,39.969293999745183],[-75.273185000108896,39.969304999938814],[-75.273053999689324,39.969304999938814],[-75.272956999604929,39.969293000103022],[-75.272815000213043,39.969243999718977],[-75.27272599962626,39.969216999717212],[-75.272625000242257,39.969177999848746],[-75.272504999693339,39.969131000048371],[-75.272344000034835,39.9690940001095],[-75.272195999896837,39.969047000251365],[-75.272086000291978,39.96901099991333],[-75.272024000367708,39.968985000154632],[-75.27198500000965,39.968944000170872],[-75.27192200026046,39.96885899980709],[-75.271862999810907,39.968805000177127],[-75.271801999711542,39.968756000131798],[-75.271697999954469,39.968728999937227],[-75.271589999999435,39.96871500001064],[-75.271491000265243,39.968709000041216],[-75.271406999701341,39.968703999722067],[-75.271327000233697,39.968691000129809],[-75.27124100001997,39.968663000258232],[-75.271168000225046,39.968632999694584],[-75.271108999775493,39.96861899974833],[-75.271042999653275,39.968608999784962],[-75.270985999751858,39.968602999806244],[-75.270912999956934,39.96861899974833],[-75.270837999613846,39.968643999994583],[-75.270773000214831,39.968663000258232],[-75.270717999963253,39.968671000222677],[-75.270651000016102,39.96867500020457],[-75.27059800031266,39.96865999992707],[-75.270569999825241,39.968638000018935],[-75.270522000144666,39.968602000153979],[-75.270501000228265,39.968584999866913],[-75.270446999801607,39.968527999683609],[-75.270421999687244,39.968479000128148],[-75.270413000364726,39.968427999851052],[-75.270401999595748,39.968357000225332],[-75.270388000250364,39.96832199986882],[-75.27029700001377,39.968184000334084],[-75.270192000431791,39.967976999821261],[-75.270139999654944,39.967872000179568],[-75.270072999707793,39.967729000034467],[-75.270054000339528,39.967652999975272],[-75.27003000005007,39.967551999883526],[-75.27000199956268,39.96747900001062],[-75.269960999554783,39.967424999979073],[-75.269918999721995,39.967379999690664],[-75.269856999797724,39.967343999851707],[-75.269800999721213,39.967326000269352],[-75.269741000345064,39.967314999757264],[-75.269670000199966,39.967316999787919],[-75.269614000123482,39.967331000000819],[-75.269548000001222,39.96735499967064],[-75.269497999772511,39.967374999962786],[-75.269445000069055,39.967387999805304],[-75.269357000205517,39.967402000003666],[-75.269271999816709,39.967391000192301],[-75.269205999694464,39.967381000049294],[-75.269157000188969,39.967374000292565],[-75.269125000401928,39.967360999758895],[-75.269080000196084,39.967330000329952],[-75.269044000211068,39.967284999979007],[-75.269015999723678,39.96723499986031],[-75.268916000164552,39.967040999824754],[-75.268845999844359,39.966946000330495],[-75.268773000049421,39.966859999870017],[-75.268701000079403,39.966795999809385],[-75.268568000010006,39.966690999730723],[-75.268512999758414,39.966651000117331],[-75.268460999879878,39.966618000315393],[-75.268393000107821,39.966588999912979],[-75.268128999618867,39.966491000052741],[-75.267909000409148,39.966399999909193],[-75.267818000172554,39.966358999751975],[-75.267778999814496,39.966340999910273],[-75.267670000034556,39.966297999657264],[-75.267598000064538,39.966272999929998],[-75.267537999790079,39.966272000243663],[-75.267475000040875,39.966259999875454],[-75.267386000352431,39.966215000197174],[-75.267244999887126,39.966116999800796],[-75.267213999924991,39.966092000007393],[-75.267137999756997,39.966061999692435],[-75.26710000012217,39.966049999975873],[-75.267023999954176,39.96602500015797],[-75.26690900032645,39.966007999918546],[-75.266794999625318,39.966009000297248],[-75.266706999761766,39.966021000021009],[-75.26654500027837,39.966021000021009],[-75.266394999592251,39.966018000262387],[-75.266312999576471,39.966003999780597],[-75.266192999925877,39.965967999905537],[-75.266062000404631,39.965929999940286],[-75.266048000160922,39.965925999797776],[-75.265920999939311,39.965860000166543],[-75.265858000190121,39.965791000014512],[-75.265806000311585,39.965716000249188],[-75.265744000387301,39.965626000146841],[-75.265655999625437,39.965526000200114],[-75.265597999899128,39.965447999671987],[-75.265566000112074,39.965403999846778],[-75.265527999578921,39.965350000241607],[-75.265448000111292,39.965256999865439],[-75.265387999836847,39.965224000079118],[-75.265252000292719,39.965207000328967],[-75.265058000123958,39.965191999978956],[-75.264918000381869,39.965189000183969],[-75.264757999649987,39.965184000295849],[-75.264643999847152,39.965178999718852],[-75.264552999610572,39.965180999811992],[-75.264495999709155,39.965194999773828],[-75.26437299968552,39.965242000214907],[-75.264242000164259,39.965311999932908],[-75.264130999836183,39.965373000218882],[-75.264056000391435,39.96542100023639],[-75.264016000208457,39.965456999710987],[-75.263990000269189,39.96549099977112],[-75.263928000344904,39.965528999980322],[-75.263854999651656,39.965556000061831],[-75.263770000161159,39.965596000315898],[-75.263695999642991,39.965613999665244],[-75.263613999627225,39.965621000290675],[-75.263529999961648,39.965605000335415],[-75.263467000212458,39.965576999888313],[-75.263382999648556,39.96554499995343],[-75.263307000378887,39.96550499966947],[-75.26325100030239,39.965474000087426],[-75.263195000225892,39.965456999710987],[-75.263144000172261,39.965458999795992],[-75.263092000293724,39.965485999905091],[-75.263027999821318,39.965531000063223],[-75.262960999874167,39.965578999969807],[-75.262919000041379,39.965608999808204],[-75.262836000200693,39.96563900032195],[-75.262765999880514,39.965646999951815],[-75.262678999841853,39.965637999937833],[-75.262617999742488,39.965626000146841],[-75.26255900019126,39.965617000130095],[-75.262512000335605,39.96561099988876],[-75.262457000084012,39.965633000082548],[-75.262421999923916,39.965676000065322],[-75.262381999740938,39.965739000103383],[-75.262341999557975,39.965784000094985],[-75.26227700015896,39.965849999799588],[-75.262264999565062,39.96585800009327],[-75.262241999998849,39.965880000207569],[-75.262169000203926,39.965934000082569],[-75.262153000310391,39.965949999960841],[-75.262138000241777,39.965965000144536],[-75.262115999602159,39.9660059998496],[-75.262103999906586,39.966054000111122],[-75.262093000035932,39.966087000185318],[-75.262012999669992,39.966134999701467],[-75.261893000019398,39.966171000177098],[-75.261811000003632,39.966189999751101],[-75.261735999660559,39.966182000184773],[-75.261661000215796,39.966158999791162],[-75.261547000413003,39.96611600011218],[-75.261478999742607,39.966076000162353],[-75.261445000305741,39.966030999674459],[-75.261385999856188,39.966001000021237],[-75.26128399974894,39.965996999882869],[-75.261215000151978,39.966025999847908],[-75.261160999725305,39.966080999985238],[-75.261114999694527,39.966136000078315],[-75.261026000006083,39.966198000005001],[-75.260932000294758,39.966242000007696],[-75.260827999639361,39.96627000018244],[-75.260750999646461,39.966279999799461],[-75.260661999958003,39.966268999807554],[-75.260584000140213,39.966272999929998],[-75.260491000253793,39.966312999764611],[-75.260308999780605,39.966257000127328],[-75.260065000281443,39.966195999941611],[-75.259908999747509,39.966114999735041],[-75.259779000051168,39.966080999985238],[-75.259649000354827,39.96604100001494],[-75.259551000445541,39.966009999987428],[-75.259450000163199,39.965947000199108],[-75.259428000421892,39.965891999953975],[-75.259426999698661,39.965813000150376],[-75.259423000399025,39.965761000255981],[-75.259399999934487,39.965716000249188],[-75.259332999987336,39.965698000238199],[-75.259214000161663,39.965696999854941],[-75.259077999719196,39.965692000003976],[-75.258973999962137,39.965676000065322],[-75.25889000029656,39.965648000335804],[-75.258839000242915,39.965613999665244],[-75.258797000410127,39.965571000331977],[-75.258767000272897,39.965515999784301],[-75.258737999960587,39.965446999973587],[-75.258708999648263,39.965378000093231],[-75.258700000325746,39.96532399977901],[-75.258711000196399,39.965240000123551],[-75.258715000394361,39.965059000219966],[-75.258712999846225,39.964964999742492],[-75.258706000173547,39.964903000074592],[-75.258684000432226,39.964846000263655],[-75.258636999678245,39.964766000231513],[-75.25858999982259,39.96470799990864],[-75.258547000164867,39.964617999856308],[-75.258510000354946,39.964534999733679],[-75.258470000171968,39.964483999956705],[-75.258407000422778,39.964452000198762],[-75.258338999752425,39.96444899968278],[-75.258270999980354,39.964452000198762],[-75.258188999964588,39.964450000084291],[-75.258120000367612,39.964445999855187],[-75.258058000443341,39.964428000198289],[-75.258007000389711,39.964399000243915],[-75.257976000427576,39.96437700034155],[-75.25794399974221,39.964300999998386],[-75.25794399974221,39.964235999891521],[-75.257962000183852,39.964160999797357],[-75.257990999597851,39.964094999839219],[-75.258014000062403,39.963993000279373],[-75.258012000412563,39.963853999857882],[-75.258014000062403,39.963739000093099],[-75.257993999970907,39.963677000001923],[-75.257932999871556,39.963624000134828],[-75.257858000426793,39.963594000113872],[-75.257788000106586,39.963601999983084],[-75.257705000265915,39.963631000275512],[-75.257629000097936,39.963664000142217],[-75.257542999884208,39.963704999850144],[-75.257486999807711,39.963744000086898],[-75.257418000210748,39.963766000192948],[-75.257318999578231,39.963766999915926],[-75.257249999981255,39.963752999661686],[-75.257128999607417,39.963726000245174],[-75.257110000239166,39.96371900011421],[-75.25698100036773,39.963687999722353],[-75.25690000017687,39.963672000003221],[-75.256815999612968,39.963677000001923],[-75.2567460001911,39.963687999722353],[-75.256685999916627,39.96371900011421],[-75.256586000357515,39.963801999850517],[-75.25638299996794,39.963974000094801],[-75.256280999860678,39.964079000215349],[-75.256192999997126,39.964155000116769],[-75.25608300039228,39.96424200025352],[-75.255966000216418,39.96431200030694],[-75.255891999698264,39.964371999705527],[-75.255852000413597,39.964436999683095],[-75.255812000230634,39.964471000250498],[-75.255685999833929,39.964546000004589],[-75.255542999718799,39.964595000313551],[-75.255408999824496,39.964629999824226],[-75.255267000432596,39.964655000152305],[-75.255111999723582,39.964691000030243],[-75.254936999821382,39.964762999729324],[-75.254737999629768,39.964849999780895],[-75.254632000222855,39.964924999807693],[-75.254542999636087,39.964992000046692],[-75.254455999597454,39.965045999934574],[-75.254381000152705,39.965127000030741],[-75.254336999771766,39.965210999825047],[-75.254301999611684,39.965272999902147],[-75.254222999968945,39.965337000011544],[-75.254140000128274,39.965403999846778],[-75.254046000416949,39.965401999760161],[-75.253935999913779,39.965389999927744],[-75.253711999607802,39.96532899965689],[-75.253581999911447,39.965300000084703],[-75.253407000009261,39.965261000047086],[-75.253314000122842,39.965226000170887],[-75.253222000061328,39.965184000295849],[-75.253077000296386,39.965214000307583],[-75.252971999816083,39.965235000239161],[-75.252842999944647,39.9652440003062],[-75.252636000255421,39.965251000281022],[-75.252334000131626,39.965279999873999],[-75.252093999932114,39.965304999964339],[-75.25192300022789,39.965318000200483],[-75.251811000074895,39.965330000045533],[-75.251707000317836,39.965346000065161],[-75.251602999662424,39.965355999817334],[-75.25149600043062,39.965337000011544],[-75.251426999935333,39.965302000174297],[-75.251368000384105,39.965249000189928],[-75.25135300031549,39.965219000193507],[-75.251340999721606,39.965191999978956],[-75.251335999698739,39.965138000206395],[-75.251342000444851,39.965071999814384],[-75.251282999995297,39.965003000244067],[-75.251200999979531,39.964912000185329],[-75.251102000245325,39.964858000191612],[-75.251047999818653,39.964832999937762],[-75.25091300009943,39.964837000144229],[-75.25075699956551,39.964879000232486],[-75.250605999952768,39.964947999927951],[-75.250446999944117,39.96501799994703],[-75.250313000049815,39.965069000014118],[-75.250220999988315,39.96507600000686],[-75.250133000124762,39.96506699991771],[-75.250053999583727,39.965041999740343],[-75.249990000009632,39.965001000145712],[-75.249912000191827,39.964947000222239],[-75.249847999719407,39.964907999983254],[-75.249728000068814,39.964849999780895],[-75.249465000303076,39.964721000258308],[-75.248967000360707,39.964493999834964],[-75.248615000008186,39.96435199991182],[-75.248055999966468,39.96407400024605],[-75.247902999805575,39.963979000071404],[-75.247778000132115,39.963875999928597],[-75.247685000245696,39.963776999899046],[-75.247563999871858,39.963637999726956],[-75.247479000381361,39.963528000296911],[-75.247434000175517,39.963417000273331],[-75.247404999863207,39.963326999898555],[-75.24739900001542,39.963249000304195],[-75.247418000282011,39.963191000071447],[-75.247489000427109,39.963119000093961],[-75.247604000054835,39.962992000216552],[-75.247641999689662,39.96294999965766],[-75.247687999720426,39.962816999668341],[-75.247715000382911,39.962662000343158],[-75.247752000192847,39.962451999719619],[-75.247775999583965,39.962303000099169],[-75.247762000238581,39.9622250000251],[-75.247726000253564,39.962167000300788],[-75.247701999964121,39.962056000133231],[-75.247706999987003,39.961977000028249],[-75.247741000322193,39.961903999710643],[-75.247773999934154,39.961836999888213],[-75.247807000444411,39.961764999861941],[-75.247823000337959,39.961689999811334],[-75.247840999881305,39.961613000169542],[-75.247866999820573,39.961492999920033],[-75.24787199984344,39.961430000100684],[-75.24787199984344,39.961341000311521],[-75.247891999934922,39.961181000213635],[-75.247922000072165,39.961084999699793],[-75.247974999775607,39.960996999913611],[-75.248057999616279,39.960885999912286],[-75.248198000256679,39.960724999670809],[-75.24828199992227,39.960620999676799],[-75.248334999625712,39.960515999754051],[-75.248383000204598,39.960424999920178],[-75.248459000372591,39.960333000191966],[-75.248546000411224,39.960269000218226],[-75.248688999628044,39.960199000156855],[-75.248836999766027,39.960129000023763],[-75.248972000383574,39.960070999898633],[-75.249122000171411,39.959990000009483],[-75.249213000407991,39.959921000130279],[-75.24931799998997,39.959839000283054],[-75.249442999663458,39.959752000052134],[-75.249552000341723,39.959682000150075],[-75.249651999900834,39.959638999840216],[-75.249825999978086,39.959573000336924],[-75.250080000421306,39.959481999936607],[-75.250291000308493,39.959397000202387],[-75.250453999616823,39.959317999779508],[-75.250605000127877,39.959238999953918],[-75.250752000440954,39.959154999708062],[-75.250850000350241,39.959098999716367],[-75.250882999962201,39.959024000184336],[-75.250891000358138,39.958941999950021],[-75.250881000312376,39.958807999943282],[-75.250874999566292,39.958727999731877],[-75.250838999581276,39.958638000070749],[-75.250793000448837,39.958528999970561],[-75.250734999824203,39.958425999880511],[-75.250666000227227,39.958328000025162],[-75.250559000097113,39.958232000325808],[-75.250462000012732,39.958118999667825],[-75.250359000080564,39.958014000034609],[-75.250241999904716,39.957871999736518],[-75.250176999607376,39.95779099999686],[-75.250036999865301,39.957653999674797],[-75.249778000297525,39.9574250002577],[-75.249685000411091,39.957352999717209],[-75.249626999786472,39.957309000191202],[-75.24957699955776,39.957257999844401],[-75.249532000250227,39.957212999749878],[-75.249498999739941,39.957188999962803],[-75.249439000363807,39.957147999790593],[-75.24940000000575,39.957120000011578],[-75.249313999792008,39.957066999882031],[-75.249193000316524,39.957012000067905],[-75.249064000445074,39.956958000032131],[-75.249005999820454,39.95690700011216],[-75.24894600044432,39.956746000142317],[-75.24892600035281,39.956627999957988],[-75.248955999591743,39.956515999921415],[-75.248986999553878,39.956426999933747],[-75.249045000178512,39.956372000293506],[-75.249112999950569,39.956325999784212],[-75.249234000324392,39.95621600029704],[-75.249273999609045,39.956122999891512],[-75.249261999913486,39.956042999981932],[-75.249216999707642,39.955933999877125],[-75.249174000049933,39.955849999703091],[-75.24913399986697,39.955756000336869],[-75.249122000171411,39.955655999726545],[-75.249143000087798,39.955570000213989],[-75.24916300017928,39.955514000040949],[-75.249199000164296,39.955465000110088],[-75.249234000324392,39.955429000194734],[-75.249280000355142,39.955415000299027],[-75.249357000348041,39.955404999781578],[-75.249421999747057,39.955381000048561],[-75.24949399971706,39.955351999700085],[-75.249555999641359,39.95529000026719],[-75.249595999824336,39.95523899979198],[-75.249613000441087,39.95517999980229],[-75.249693999733623,39.954975000247927],[-75.249749999810106,39.954826000172716],[-75.249765999703655,39.954761000010535],[-75.249759999855868,39.954705999719039],[-75.249745999612145,39.954640000274971],[-75.249767000426857,39.954569999960306],[-75.249799000213912,39.954496000140018],[-75.249836999848753,39.954430999664147],[-75.249887000077464,39.954378000205089],[-75.249953000199724,39.954330000009904],[-75.250003000428421,39.954231999793713],[-75.250046999911035,39.954150999874422],[-75.250135999599493,39.954065999711453],[-75.250352000407872,39.953861000261043],[-75.25048700012708,39.953737000013021],[-75.250647999785556,39.953614000100252],[-75.25078900025089,39.953496999893993],[-75.250816000015064,39.953474999926989],[-75.250920999597042,39.953391000175827],[-75.251046999993733,39.953294999743633],[-75.251099999697203,39.953227999749508],[-75.251149000101009,39.953160999689722],[-75.251181999712955,39.953089000169001],[-75.251206000002384,39.953031000270428],[-75.25117900023821,39.952942999760538],[-75.251151999575725,39.952848999842033],[-75.251151999575725,39.952749999685579],[-75.251185999910916,39.95266399996202],[-75.251281000345472,39.952541000185519],[-75.251410000216907,39.952376999909816],[-75.251510999600924,39.952239999760224],[-75.251576999723156,39.95212700021947],[-75.251611999883266,39.95204499997876],[-75.251642999845402,39.951953999890527],[-75.251647000043349,39.951846000052427],[-75.251646000218457,39.951746999821502],[-75.251626000126961,39.951624999673712],[-75.251609000408521,39.951500000290054],[-75.251609000408521,39.951466000159222],[-75.25160600003548,39.95138399981473],[-75.251580000096212,39.9512819998873],[-75.251534000065462,39.951217999706607],[-75.251483999836751,39.95119000025435],[-75.251417999714491,39.95114800002149],[-75.251339999896686,39.951065000075694],[-75.251256000231109,39.95096799991191],[-75.251156999598606,39.950780000026334],[-75.251122000336807,39.950700999978828],[-75.251129999834419,39.950596999890493],[-75.251127000359688,39.950438999970153],[-75.251164999994515,39.950288999734298],[-75.251209000375454,39.950148999768231],[-75.251269999576493,39.949991000190465],[-75.251368000384105,39.94985599993516],[-75.251467999943216,39.949654999979572],[-75.251512000324155,39.949455000054314],[-75.25149600043062,39.949250999803567],[-75.251442000003962,39.949139000082354],[-75.251375999881702,39.94906499989542],[-75.251251000208242,39.948972000096028],[-75.251124999811537,39.948866000251954],[-75.250991999742155,39.948737000187649],[-75.25066100020436,39.948437000186395],[-75.250720999580494,39.948376999890563],[-75.250555999724071,39.948251000130988],[-75.250472999883385,39.94817800031165],[-75.250415000157062,39.948091999660441],[-75.250364999928351,39.947978000200038],[-75.250338000164163,39.947845999971399],[-75.250308000026948,39.947718000007228],[-75.250271000217012,39.947574999720999],[-75.250235000231996,39.947409000010694],[-75.250230000209143,39.947386000189177],[-75.250216999790354,39.947316999989511],[-75.25020500009478,39.947243999862181],[-75.250198000422088,39.947228999703746],[-75.250155999690989,39.947112000283219],[-75.250118000056148,39.946970000076163],[-75.250037999690193,39.946812000042527],[-75.249969999918122,39.946707000267303],[-75.249921000412655,39.946625999700906],[-75.249814000282541,39.946533000029149],[-75.24971399982509,39.946450999969308],[-75.249617999565629,39.946410000246885],[-75.249558000189495,39.946390000020621],[-75.24949700009013,39.946356000104657],[-75.249430999967885,39.946311999702132],[-75.249249000393007,39.946152000253896],[-75.249083999638259,39.945986999828392],[-75.248902000063381,39.945828000294014],[-75.248712999917501,39.945667999713841],[-75.248568999977437,39.945550999689758],[-75.248507000053166,39.945510000116677],[-75.248470000243231,39.945484999676189],[-75.248420999839453,39.945453999971349],[-75.248327000128114,39.945342000231932],[-75.248240000089481,39.94522800032113],[-75.248221999647811,39.945100000279453],[-75.248175999617047,39.945009999902339],[-75.248100000347392,39.944923000091002],[-75.247907000003536,39.944777000159007],[-75.247767000261447,39.944636999931554],[-75.247646999712543,39.944511000170607],[-75.24763500001697,39.944523000223413],[-75.247507999795374,39.944405000301344],[-75.247465999962571,39.9443499999471],[-75.247420999756727,39.944290000198933],[-75.247397000365609,39.944208000205542],[-75.247377000274113,39.944138000234155],[-75.24730199993104,39.944010000219372],[-75.247208000219715,39.943904000262577],[-75.247190999602964,39.943866999758193],[-75.247106000112467,39.943680999674449],[-75.247075999975252,39.943615999940668],[-75.247050999860889,39.943558000274393],[-75.247048000386144,39.94352999975294],[-75.247040999815127,39.943478000131563],[-75.247028000294662,39.943414000225452],[-75.247020999723645,39.943379000186908],[-75.246978000065951,39.943291999678976],[-75.246963999822242,39.943264999760103],[-75.246871999760728,39.943131000030554],[-75.246822000430328,39.942970000003285],[-75.246742999889307,39.942856000272435],[-75.246660999873541,39.942764999668327],[-75.246566000337296,39.942701999814943],[-75.246469000252915,39.942667000100904],[-75.246347999879106,39.942645000094373],[-75.246189999695346,39.942612999759177],[-75.246050999778177,39.942606000221929],[-75.24588500009682,39.942596999930394],[-75.245740000331878,39.942604000157246],[-75.245561000231731,39.942609000318903],[-75.245408000070853,39.942609999662437],[-75.245225999597665,39.942615999855839],[-75.245012000235732,39.942596999930394],[-75.244659000058306,39.942588999670207],[-75.244409999637966,39.942550999798989],[-75.244068000229532,39.942501000190056],[-75.243843000098622,39.94247700006175],[-75.243530999929078,39.942442000232617],[-75.243423999798949,39.942405000315077],[-75.243541999799731,39.942306000195288],[-75.243364000422815,39.942354999910727],[-75.243340999958292,39.942326000238019],[-75.24320399969092,39.942275999775937],[-75.24311300035265,39.942232000193123],[-75.243026000314018,39.942211000084825],[-75.242952999620769,39.942253000294933],[-75.242598999618451,39.942247000069699],[-75.242283000149257,39.942231000155324],[-75.242028999706037,39.942230000117455],[-75.24182299984173,39.942234000268684],[-75.24158000016746,39.942251000219926],[-75.241446000273157,39.942273999701598],[-75.241400000242407,39.942272999664418],[-75.241179000309472,39.942264000017715],[-75.24095300035367,39.942244999994521],[-75.240789000322124,39.942222999852341],[-75.240581999734587,39.942196000200305],[-75.240518999985397,39.942187999893285],[-75.240366999649424,39.942170999926383],[-75.240251000196807,39.942140000097396],[-75.240149000089545,39.942086000028489],[-75.240073999746471,39.941994999777762],[-75.239985000058027,39.941890000185694],[-75.239845000315924,39.941726999902883],[-75.239734999812768,39.941592999916132],[-75.239631000055695,39.941420999856966],[-75.239560999735502,39.941297999837829],[-75.239493999788351,39.941160000174719],[-75.239461000176377,39.941026999821787],[-75.239431000039147,39.940889999669523],[-75.239398000427173,39.940744000085147],[-75.239410999947665,39.940608000116576],[-75.239527000298622,39.940432000080058],[-75.239636000078562,39.940301999887701],[-75.239795999912133,39.940164999661349],[-75.23983600009511,39.9401210000986],[-75.239878999752804,39.940072000160832],[-75.239903000042261,39.940035000339257],[-75.239939999852169,39.939976999703674],[-75.240016000020162,39.939840000204164],[-75.240143000241758,39.939707000040563],[-75.240240000326139,39.939567999847064],[-75.240342000433387,39.939461999896238],[-75.240424000449153,39.939373999838331],[-75.240543000274855,39.939283000113377],[-75.240626000115526,39.939191000185119],[-75.240697000260639,39.939075000189185],[-75.240738000268522,39.938966999992452],[-75.240760000009828,39.938868999806672],[-75.240763000382884,39.938794000131999],[-75.240710999606023,39.938726999710241],[-75.24059099995543,39.938634999723305],[-75.240409000380552,39.938456999936427],[-75.240257999869485,39.938336000289013],[-75.24021000018891,39.938283000068701],[-75.240144999891584,39.938237999888408],[-75.240041999959416,39.938199999667198],[-75.239925999608474,39.938165999813876],[-75.239857000011511,39.938157999724396],[-75.239834000445285,39.938143999737733],[-75.239760999752022,39.938108999758548],[-75.23966200001783,39.938068999957196],[-75.239584000200026,39.938043000142706],[-75.239569999956316,39.938038999746475],[-75.239427999666091,39.938155000121057],[-75.239335999604592,39.93815700031579],[-75.239183000342038,39.938149000225252],[-75.239005999891717,39.938140000036199],[-75.238871000172509,39.938156000218427],[-75.238735999554962,39.938180999893049],[-75.238497999903601,39.938204000053965],[-75.238326000374457,39.938223999918108],[-75.238172000388673,39.938229999807341],[-75.237963999976216,39.938226000110824],[-75.237768999982535,39.938249999663832],[-75.237620999844523,39.938274999992892],[-75.237446999767258,39.938322999744912],[-75.237143999818556,39.938381999810147],[-75.236877999679777,39.93843199967386],[-75.236681999861204,39.938446000290384],[-75.236497999738191,39.938461000308173],[-75.236344999577298,39.938456999936427],[-75.236143999735859,39.938429000082579],[-75.235943999719311,39.93841099977687],[-75.235778999862873,39.938393000155266],[-75.235487999609731,39.938358999709052],[-75.235292999616064,39.93832100024381],[-75.235161000269898,39.938271000299011],[-75.235070999858223,39.938204000053965],[-75.235002000261247,39.938127000143638],[-75.234981000344845,39.938023000225662],[-75.234967000101136,39.937750000119415],[-75.234919000420561,39.937550999935972],[-75.23486800036693,39.937456000111617],[-75.234799999696563,39.937337000290555],[-75.234779999605067,39.937186000144514],[-75.234787000176084,39.937040999658713],[-75.23474199997024,39.936884000230378],[-75.234772999932389,39.936753000067597],[-75.234844999902393,39.936679999689332],[-75.234915000222614,39.936592000186579],[-75.234921000070386,39.936451000309063],[-75.234920000245481,39.936333000242037],[-75.234978999796724,39.936222000162566],[-75.235263000377145,39.935959999807004],[-75.235458000370826,39.935822999842195],[-75.235623000227264,39.935732000216724],[-75.235666999709892,39.935708999913793],[-75.235889000366043,39.9356159998678],[-75.236013000214612,39.935517000257683],[-75.236099000428325,39.935458999925565],[-75.236169999675127,39.935407999818608],[-75.236320000361246,39.935326000201663],[-75.236393000156198,39.935173000158159],[-75.236469000324163,39.934850000014556],[-75.236523999677445,39.934682000130515],[-75.236552999989769,39.934540999761936],[-75.236583999951918,39.934421000230664],[-75.236603000218494,39.934344999661057],[-75.236650999899069,39.934205000130952],[-75.236661999769709,39.934087999792254],[-75.236646999701094,39.933896999881128],[-75.236641999678241,39.933791000100761],[-75.236656999746842,39.933547000294382],[-75.236717000021287,39.933406999820789],[-75.236789999816224,39.933258000296171],[-75.236910000365143,39.933072999787775],[-75.237013000297296,39.932924000224894],[-75.23712200007725,39.932803999925021],[-75.237216999613494,39.932693999809743],[-75.237323999743609,39.932620999923714],[-75.23743599989659,39.932557000195516],[-75.237559999745159,39.932522000114318],[-75.237733999822439,39.93249699975015],[-75.237949999732507,39.932472000065701],[-75.238103999718291,39.932507999663535],[-75.238267999749823,39.932551999988192],[-75.238444000375239,39.932596999774333],[-75.238610999881502,39.932639999863795],[-75.238759000019513,39.93270400020328],[-75.238947000340474,39.932819999977177],[-75.239184000166929,39.933000999789883],[-75.239344000000514,39.933124999739213],[-75.239467999849069,39.933221000234497],[-75.239646999949215,39.933315000258943],[-75.239919999760701,39.933401999675567],[-75.239999000301722,39.933431999852552],[-75.240160999785118,39.933492000167114],[-75.240238999602909,39.933522999780905],[-75.240296000402637,39.933540999994626],[-75.240447000015365,39.933588000147637],[-75.240499999718836,39.933604000016523],[-75.240693000062677,39.933638000069834],[-75.240735999720386,39.933645999998866],[-75.240944000132842,39.933648999799836],[-75.241158000393085,39.933628999976342],[-75.2413630004325,39.933607999983117],[-75.24152099971792,39.933588000147637],[-75.241678000076774,39.933581999851434],[-75.241735999803083,39.933579000047573],[-75.241774000336235,39.93348199988872],[-75.241847000131173,39.933469999966022],[-75.241909000055443,39.93354399980015],[-75.241951999713152,39.933534999694302],[-75.242074999736786,39.933491000001581],[-75.242186000064891,39.933426000231513],[-75.242228999722585,39.933377999800022],[-75.242295999669736,39.933287999847451],[-75.242341999700486,39.933186999974041],[-75.242401999974959,39.933088000294426],[-75.242503000257287,39.932964000278076],[-75.24257699987713,39.932878999964913],[-75.24266899993863,39.932778999663867],[-75.242762999649955,39.932611999696498],[-75.242880999650737,39.932440999975888],[-75.2429690004126,39.932299000318253],[-75.243079000017474,39.932175000250133],[-75.243133000444132,39.932085000093338],[-75.243212999911762,39.932031999853841],[-75.243305999798196,39.931975000200254],[-75.243369000445696,39.931907999990869],[-75.243422999974044,39.931837000334838],[-75.243424999623869,39.931779000328312],[-75.243438000042659,39.931685999763999],[-75.243450999563152,39.931577000112],[-75.243488000271384,39.931468000286422],[-75.243525999906211,39.93133999999165],[-75.243564000439363,39.931196999917333],[-75.243607999921977,39.931078999746696],[-75.243634999686151,39.93090800032931],[-75.243643000082074,39.930897000158808],[-75.243694000135704,39.930820999809171],[-75.243812999961392,39.930729999732698],[-75.243949000403816,39.930652999679495],[-75.244130999978708,39.930563000276862],[-75.244274000093824,39.930486000035749],[-75.244381000223953,39.9303989996681],[-75.244427000254717,39.930287000085052],[-75.244404999615085,39.930159999862575],[-75.244355000284699,39.930040999754858],[-75.244278000291786,39.929964000304295],[-75.244188999705017,39.92990099968744],[-75.244099000191653,39.929856999725246],[-75.244008999779979,39.929793000168033],[-75.243981000190871,39.929712999776335],[-75.243976000168004,39.92967800030749],[-75.243966999947176,39.929603999737935],[-75.243966000122256,39.929532000224114],[-75.243966999947176,39.9294989997328],[-75.243966999947176,39.929467999674223],[-75.243966000122256,39.929428000333452],[-75.243970000320218,39.929176999906673],[-75.243966999947176,39.928804999971796],[-75.243965000297365,39.928645000229935],[-75.243985000388832,39.928476000031822],[-75.244001000282353,39.928364000057961],[-75.244054999810729,39.928148999686819],[-75.244120000108055,39.928008999883168],[-75.244198999750779,39.92788799967456],[-75.244269000070972,39.927796000272401],[-75.244341000040976,39.927655999746833],[-75.244426000429797,39.927527000337633],[-75.244480999783079,39.927434000196286],[-75.24449800039983,39.927405999965977],[-75.244550000278366,39.927275000261943],[-75.244578999692365,39.927176999867129],[-75.244578999692365,39.927003000254537],[-75.244596000309116,39.92685800023952],[-75.244576000217634,39.926753999730813],[-75.244506999722333,39.926649000176404],[-75.244499000224735,39.92664199969515],[-75.244412000186102,39.926571999665967],[-75.244329000345431,39.926476000178724],[-75.244300999858012,39.926353000165342],[-75.244336000018123,39.926249999849716],[-75.244399999592218,39.926133999964208],[-75.244519000316231,39.926060999971071],[-75.244624999723115,39.926002999892766],[-75.244761999990473,39.925954000180241],[-75.244868000295682,39.925894999734773],[-75.244991000319331,39.925840999936312],[-75.245049999870545,39.925767000041262],[-75.245126999863459,39.925661000070903],[-75.245197000183651,39.925549000313865],[-75.245263000305883,39.925415000339157],[-75.245437000383163,39.925163999665457],[-75.245552000010889,39.925044999828657],[-75.245579999599983,39.925010000039912],[-75.245635999676466,39.924937999827712],[-75.245679000232499,39.924882000069623],[-75.245725000263249,39.924823000078099],[-75.245747999829476,39.924781999797169],[-75.245793999860226,39.924696999657371],[-75.245814999776627,39.924661999690734],[-75.245865000005338,39.924580999896158],[-75.245927999754528,39.924473999858968],[-75.245942999823143,39.924449000000031],[-75.245993000051854,39.924369000252291],[-75.246001000447777,39.924350999693338],[-75.246032000409912,39.924238000248181],[-75.246073000417809,39.924126000229975],[-75.246095000159102,39.924008999886127],[-75.246130000319212,39.923906999794177],[-75.246133999618849,39.923794000305101],[-75.246141000189851,39.923611000328513],[-75.246158999733211,39.923445999975492],[-75.246188000045521,39.92330600019919],[-75.246266999688245,39.923171000340638],[-75.246362999947721,39.923055999689801],[-75.246521000131452,39.922889999745628],[-75.246641999606979,39.922769999767738],[-75.246936000233163,39.922495000173491],[-75.247069000302531,39.922375000192261],[-75.24716399983879,39.922283000270909],[-75.247290000235481,39.922168000195441],[-75.247316000174735,39.922139999878226],[-75.247392000342728,39.922048000330072],[-75.247471999810358,39.921880999673697],[-75.247506000145549,39.921772999902771],[-75.247511000168416,39.921708999677513],[-75.247513999643147,39.921680000212355],[-75.247516000191297,39.9216559996717],[-75.247506999970454,39.921609999932386],[-75.247484000404242,39.921499000089725],[-75.247459000289879,39.921342999801858],[-75.247467999612411,39.920971999672453],[-75.247467999612411,39.920718000255697],[-75.247460000114799,39.920585999801581],[-75.24746199976461,39.920519999823568],[-75.247465000137652,39.920453999781977],[-75.247476000008319,39.920328000277422],[-75.247486999878973,39.920205999912923],[-75.24752700006195,39.920102999995031],[-75.247580999590298,39.919982000281543],[-75.247594999833993,39.919902000137178],[-75.247623000321411,39.919667999970713],[-75.247621999598195,39.919517000115967],[-75.247583000138434,39.919398999792449],[-75.247496000099815,39.919269999982596],[-75.247484000404242,39.919241999858279],[-75.247450000069065,39.919158999791513],[-75.247455999916838,39.919079000063569],[-75.247600999681794,39.919076000313119],[-75.247551000351379,39.919019999894331],[-75.247423000304863,39.918824999825716],[-75.247377000274113,39.918688000014249],[-75.247341000289126,39.918541000223527],[-75.247347000136898,39.918430000228689],[-75.247357000182632,39.917992999816434],[-75.247347000136898,39.917784999957121],[-75.247306999953921,39.917632999686894],[-75.247302999755959,39.917615000113059],[-75.24723900018185,39.917401999858662],[-75.247172000234698,39.917235999987135],[-75.247192000326194,39.917211000241402],[-75.24720999986954,39.917182000249319],[-75.247199999823792,39.917134999855946],[-75.247187000303313,39.91709399979429],[-75.247154999617948,39.91706199991394],[-75.247101999914491,39.91702700017845],[-75.247039000165316,39.91699100001842],[-75.246999999807258,39.916966999901277],[-75.246973999867976,39.91693900021324],[-75.246940000431124,39.916871000037418],[-75.246881999806462,39.916720000216053],[-75.246834000125901,39.916559000067181],[-75.246787000270231,39.916448000304719],[-75.246762999980788,39.916328999788547],[-75.246752000110135,39.916231999990622],[-75.246781000422445,39.916165000220488],[-75.246841999623499,39.916086999901594],[-75.246918999616412,39.916004999876904],[-75.246987000286779,39.915929999953164],[-75.247055999883742,39.915851000321389],[-75.247136000249682,39.915727000087614],[-75.247187000303313,39.915632000289996],[-75.247347000136898,39.9153989997426],[-75.247485000229162,39.915213000147169],[-75.24755499965103,39.915078000179989],[-75.247654000283546,39.914954999671977],[-75.247715000382911,39.914836999755693],[-75.247706000162097,39.914722000266408],[-75.247630999819009,39.914636000288453],[-75.247594000009101,39.91461100028264],[-75.247583000138434,39.914562999749769],[-75.247568999894739,39.914488000313987],[-75.247592000359276,39.914362000167493],[-75.247322999847441,39.914286000065438],[-75.247221999565099,39.914163999961069],[-75.24711699998312,39.914043000089023],[-75.247062999556448,39.913907000120027],[-75.247067999579329,39.913778000300141],[-75.247116000158215,39.913677999658368],[-75.247190999602964,39.913587999989453],[-75.247199999823792,39.913578000248599],[-75.24739999984034,39.913501999965654],[-75.247599999856874,39.913388000072082],[-75.247830999835557,39.913285000234801],[-75.248055999966468,39.913164999961417],[-75.248211999602063,39.913076999856976],[-75.248295000341059,39.913011999996989],[-75.248377000356825,39.912934000221306],[-75.248431999710078,39.91283999977297],[-75.248510000426208,39.912721999657904],[-75.248558000106769,39.912604000028594],[-75.248598000289746,39.912503999739826],[-75.248685000328408,39.91230199984124],[-75.248718999765273,39.912139000065203],[-75.248762000321292,39.911982999814839],[-75.248854000382792,39.911853999816458],[-75.248979999881172,39.911749000151183],[-75.249160999631144,39.911639999764034],[-75.249332000233693,39.911553000253505],[-75.249518000006532,39.911476999790736],[-75.249748000160281,39.911369000148532],[-75.249926000435522,39.911293000170609],[-75.250194000224127,39.91119600013073],[-75.250353000232792,39.911077000135748],[-75.250400999913367,39.911042000097844],[-75.250537000355806,39.910886999912016],[-75.25061500017361,39.910769999686096],[-75.250719999755589,39.910659000188126],[-75.250871000266642,39.910532000076323],[-75.251000999962997,39.910376000300317],[-75.251123000161726,39.910247999847797],[-75.251236999964547,39.910110000287006],[-75.251267999926682,39.910031000143661],[-75.251498000080446,39.910050999970522],[-75.251288000018164,39.909982999846363],[-75.251298000063926,39.90985500003756],[-75.25122899956861,39.909776000289249],[-75.251107000268206,39.909707999892092],[-75.250884999612026,39.909632999963506],[-75.250656000181493,39.909568000280551],[-75.250476000256427,39.909532000334195],[-75.250288999760357,39.909529999992117],[-75.250158000239111,39.909499999676967],[-75.25004500026121,39.909458999868157],[-75.250001999705191,39.909430000038924],[-75.249928999910253,39.909352000318684],[-75.249901000321159,39.909268000149567],[-75.249940999605826,39.909146000065022],[-75.250007999552977,39.909035999836391],[-75.250050000284077,39.908880999934865],[-75.250119999705973,39.908719999963644],[-75.250168000284859,39.908565000036198],[-75.250193000399207,39.908447999978698],[-75.250195999873966,39.908323000279552],[-75.250198000422088,39.908285999834241],[-75.250183000353474,39.908060999955069],[-75.25020500009478,39.90791499994441],[-75.250224000361342,39.907808000050473],[-75.250271000217012,39.907708000339902],[-75.250318999897601,39.907625999930808],[-75.250446000119211,39.907539000145746],[-75.250715999557627,39.907366000102286],[-75.250872000091562,39.907284999832221],[-75.251058999689306,39.907178000332479],[-75.25130700028474,39.907030999955133],[-75.251500999555191,39.906900999724265],[-75.251632999799668,39.906813999707602],[-75.251759000196358,39.906744000081254],[-75.251995000197908,39.90668799991527],[-75.252155999856399,39.906665000190713],[-75.252329999933664,39.906644000195755],[-75.252397999705721,39.90663599986781],[-75.252479999721501,39.906633000261415],[-75.252499999812983,39.906613999994882],[-75.252560000087442,39.906550000073736],[-75.253492000398083,39.905585000174739],[-75.252970999991163,39.905308999904754],[-75.251288000018164,39.904403000161516],[-75.251790000158493,39.903835000081351],[-75.253562999644871,39.901825999839183],[-75.255597000145485,39.899595999719701],[-75.25560999966595,39.899576000286473],[-75.255552999764532,39.899498999657467],[-75.255375000387616,39.89929100014826],[-75.255249999815845,39.899137000230752],[-75.255187999891547,39.89897900004518],[-75.255173999647852,39.898943000047893],[-75.255130999990158,39.898899000178709],[-75.255115000096623,39.898881999798803],[-75.2551069997007,39.898841999820625],[-75.255093000355316,39.898755999891797],[-75.255095000005142,39.89866599991489],[-75.255156000104506,39.89858499969673],[-75.255223999876563,39.898491000233946],[-75.255330000181786,39.898419999696451],[-75.255505999908877,39.898182999903106],[-75.255618000061858,39.897942999992466],[-75.255803999834711,39.897721999911418],[-75.255982000109938,39.897467999730175],[-75.256090000064987,39.897289999731257],[-75.256234999829928,39.897096999841196],[-75.256449999915091,39.896843000100176],[-75.256761000259715,39.896494999973967],[-75.25693399961375,39.896359000315798],[-75.257147000049088,39.896150000213709],[-75.257276999745443,39.895995000105572],[-75.257281999768296,39.895983999840006],[-75.257362000134236,39.895843999752095],[-75.257388999898424,39.895704000067362],[-75.257271999722562,39.895559999975092],[-75.25712299975963,39.895461000339232],[-75.256967000124035,39.895355999671104],[-75.256788999848794,39.895189000095307],[-75.256707999657948,39.895029999728941],[-75.256659000152439,39.894933000095833],[-75.256661999627198,39.894848000126878],[-75.256741000168219,39.894725999865564],[-75.256907999674482,39.894537999873748],[-75.257434000104269,39.894002999729572],[-75.257670999930724,39.893726999673802],[-75.257830999764309,39.893561999693993],[-75.258023000283231,39.893358999708518],[-75.258214000078937,39.893159000007429],[-75.258389999806028,39.892978000329741],[-75.258570999555999,39.892801999838284],[-75.258782000341512,39.892665999744189],[-75.258962000266578,39.89252200016135],[-75.259112000054401,39.892435999883268],[-75.259353999903738,39.8923969996655],[-75.259547000247579,39.892351000263744],[-75.259750999563778,39.892349000109292],[-75.259934999686791,39.89232500031855],[-75.260147000297195,39.89229600012947],[-75.260738000125997,39.892174000150206],[-75.26110700019693,39.892075999840131],[-75.261320999558862,39.891983999885703],[-75.261512000252893,39.891938000206792],[-75.26161299963691,39.891883999825154],[-75.261743000231561,39.891774000141417],[-75.261800000132979,39.891617999698283],[-75.261865000430305,39.891444000031051],[-75.261891000369573,39.891298999856161],[-75.262045000355357,39.890687999842363],[-75.262112000302508,39.890465000281125],[-75.262119999800106,39.890266999932848],[-75.262134999868721,39.890093000282555],[-75.262110999579292,39.889895999662073],[-75.262097000233894,39.889663999923322],[-75.262092000211027,39.889354999779883],[-75.262108000104547,39.889140999756414],[-75.262144999914483,39.888904999709588],[-75.262211999861634,39.888691999790495],[-75.262305999572959,39.888537000048203],[-75.262484999673092,39.888405999748159],[-75.262692000260643,39.8883430001882],[-75.262990000186491,39.888400999763313],[-75.263390000219573,39.888449000016308],[-75.263740000023915,39.888472999785563],[-75.26401200001051,39.88845699971057],[-75.264275999601139,39.888400999763313],[-75.264463000097209,39.888319999820183],[-75.264612999885031,39.888204999932299],[-75.264742999581358,39.888068000227598],[-75.264878000198905,39.887926999682101],[-75.264916999658638,39.887873000276365],[-75.265010000443382,39.88770599970043],[-75.265084000063226,39.88757800032095],[-75.26511300037555,39.887523999950965],[-75.265146999812416,39.887317000091734],[-75.265152999660202,39.887141999693199],[-75.265123000421283,39.886967000226541],[-75.265111999652305,39.886942999930064],[-75.265055999575821,39.886818999757807],[-75.26500100022254,39.886734000066049],[-75.264950999993829,39.886654999852595],[-75.264868999978063,39.886522999929731],[-75.264817000099526,39.886431000104714],[-75.26471900019024,39.88635600020099],[-75.264549000310922,39.886226000035656],[-75.264385000279404,39.886161999683416],[-75.264088000178475,39.886093999976104],[-75.263806999971067,39.886165999664115],[-75.262960000049247,39.886181000106539],[-75.26284000039864,39.886134999980051],[-75.262820000307173,39.886083999668799],[-75.262804000413652,39.886083000189402],[-75.262683000039814,39.886026000201305],[-75.262616999917583,39.885805000295179],[-75.262729999895498,39.885553999905802],[-75.263153000393103,39.885301000305304],[-75.264227000095659,39.885002000263086],[-75.264448000028594,39.884857999745222],[-75.264602000014364,39.884736999813427],[-75.264490999686288,39.884543999730944],[-75.264407999845616,39.884319999979049],[-75.26418400043795,39.884163000298351],[-75.262432999794569,39.883633999676128],[-75.261964999989416,39.883240000038619],[-75.261886000346706,39.883068999734569],[-75.26194599972284,39.882888999824509],[-75.262262999915251,39.882571999783821],[-75.263082000247991,39.882356000199543],[-75.264335999875598,39.88225800032972],[-75.264562999656306,39.882123000223451],[-75.265111999652305,39.881656999963909],[-75.265078000215453,39.88146199970091],[-75.265002999872365,39.88098300006267],[-75.264832000168141,39.880647000288405],[-75.263467000212458,39.878225999680005],[-75.26265499955241,39.876785999902459],[-75.26255900019126,39.876615000048908],[-75.262539000099778,39.876577999718087],[-75.262528000229125,39.876561000006539],[-75.262476000350588,39.876557999773155],[-75.262220000257543,39.876541999675148],[-75.261651000170062,39.876508000230046],[-75.261508999879851,39.876499000211901],[-75.261245000289193,39.876483999719454],[-75.259898999701775,39.876401999864775],[-75.259854000394256,39.876399000313839],[-75.259722999974684,39.876390999902021],[-75.259272999712877,39.876363000176944],[-75.259015999794926,39.876348000344102],[-75.258570999555999,39.876321000223165],[-75.257851999680696,39.876277000309663],[-75.257718999611299,39.876268999883621],[-75.257409999814811,39.876250000160731],[-75.257146000224182,39.876233999990866],[-75.256126999874894,39.876171999900599],[-75.255434999763779,39.876129999829871],[-75.255084000134488,39.876109000129517],[-75.254652000314351,39.876083000229023],[-75.254290999741016,39.876061000199428],[-75.25398600014249,39.876041999729502],[-75.253736999722136,39.876026999826514],[-75.253664999752118,39.876022999943736],[-75.253514999964295,39.876015000177468],[-75.253456000413067,39.876011000293978],[-75.253217000038475,39.875995999694801],[-75.253017000021913,39.875982999724343],[-75.252934000181256,39.875976999896281],[-75.252900999670956,39.875974999953463],[-75.252724999943865,39.87596500023848],[-75.252257000138727,39.875937000339484],[-75.251750999800436,39.876008999662794],[-75.251301000436953,39.8760740001551],[-75.250302000179147,39.876217000194046],[-75.249644000403222,39.876310999869233],[-75.248430999885187,39.876485000028126],[-75.248404000120999,39.876463999747109],[-75.248300000363926,39.876376999696205],[-75.248097999799256,39.876208000137716],[-75.247531000259912,39.875733999867947],[-75.246824000080167,39.875141999741565],[-75.246776000399578,39.875103000026655],[-75.246733999668464,39.875068000228225],[-75.24662599971343,39.875013000016509],[-75.242729000213103,39.873039000334828],[-75.242694000052992,39.873021000076349],[-75.242567999656302,39.872954999777576],[-75.242289999821949,39.872807999761392],[-75.242217999851931,39.872777000243033],[-75.241745999848817,39.872584999956096],[-75.241555000053125,39.87254000003729],[-75.241418999610673,39.872510999752258],[-75.241370999930112,39.872501000221732],[-75.241216000119408,39.872465999784964],[-75.241088000072892,39.872437999836343],[-75.240936999561839,39.872405000103853],[-75.240898000102078,39.872400000331041],[-75.240469999581592,39.872381000225751],[-75.240101000408956,39.872597000205197],[-75.240099999685754,39.872629000169866],[-75.240101000408956,39.872731000086787],[-75.240104999708606,39.872857999933558],[-75.240098000035914,39.873029999861465],[-75.239404000274973,39.873299000094434],[-75.239348000198476,39.873371999783451],[-75.239260000334923,39.873490000098656],[-75.239170999748154,39.87360899987209],[-75.238991999648007,39.87383599980582],[-75.238687999874401,39.873958999671729],[-75.238375999704843,39.874300999787501],[-75.23832499965124,39.874361999850663],[-75.238246000008516,39.874446000063593],[-75.238109999566078,39.874593000016318],[-75.237459000361156,39.874804000326442],[-75.237500000369025,39.874866999917444],[-75.237536000354041,39.874911000046112],[-75.237589999882402,39.874982000115935],[-75.237500000369025,39.875080000042971],[-75.236932000106449,39.875116000163914],[-75.236784999793358,39.875446000277066],[-75.236773999922704,39.875475000010574],[-75.236712999823325,39.875614000013066],[-75.236640000028402,39.875735999817799],[-75.236369999691675,39.876186999771882],[-75.23605000002452,39.876403999795151],[-75.235966000358943,39.876461000198887],[-75.23592799982579,39.876488000264708],[-75.235794999756408,39.876579000025387],[-75.235537000013551,39.876751000273494],[-75.235024000002554,39.876964000063104],[-75.234684000243917,39.877045000324095],[-75.234651999558551,39.877052999970168],[-75.234480000029421,39.877093999865274],[-75.23430199975418,39.877136000035051],[-75.234121999829128,39.877180999695966],[-75.234018000072069,39.877178999788313],[-75.233956000147771,39.87717699988054],[-75.233270999709362,39.87715399990298],[-75.232991000225184,39.877127999709266],[-75.232813999774848,39.87711100013405],[-75.232657000314333,39.877093000254824],[-75.232549000359299,39.877081999713567],[-75.232309999984707,39.877056000181888],[-75.231929000218187,39.877015999875645],[-75.231869999768634,39.877010000137957],[-75.231054999633869,39.876937999797356],[-75.230996000082641,39.876932999665534],[-75.230846000294804,39.876919000259754],[-75.230806000111855,39.876914999739647],[-75.230771999776664,39.876912000211099],[-75.230643999730134,39.876901000330143],[-75.230474999675735,39.876889000144665],[-75.229985000129275,39.87684699982362],[-75.228904999680637,39.876692000188918],[-75.228723999930665,39.876667000126062],[-75.228470000385769,39.876631000129834],[-75.227118999775456,39.876436000051825],[-75.226890000344923,39.876403999795151],[-75.226844000314159,39.876401999864775],[-75.22595100036159,39.876266000326865],[-75.225028000271763,39.87609299992674],[-75.224856999669228,39.876059999884568],[-75.224653000353044,39.876022999943736],[-75.223762999875191,39.875858000094972],[-75.223151999954922,39.875783999975333],[-75.223064999916289,39.875774000232553],[-75.222869000097688,39.875750000154461],[-75.222696999670248,39.875729999968129],[-75.222080999727112,39.87567399996675],[-75.221274999813147,39.875606000199085],[-75.221228999782397,39.87560200029175],[-75.221041000359747,39.875585999970752],[-75.220864999734331,39.875570000335337],[-75.219770000115389,39.875478999925313],[-75.219734999955278,39.875473000053113],[-75.219703000168224,39.875476000333961],[-75.21964799991666,39.875490999668095],[-75.219620000327566,39.875501999775196],[-75.219445000425367,39.87554299990812],[-75.219241000210872,39.875591000200735],[-75.21892099964542,39.875668999742821],[-75.218884999660403,39.875673000335659],[-75.218823999561025,39.875672000015093],[-75.218319999770884,39.875677999869893],[-75.218034000438934,39.875683000093161],[-75.217857999813518,39.875701000342445],[-75.217701000353017,39.875720000217427],[-75.217514999681839,39.875744999936074],[-75.217013000439835,39.875806999722933],[-75.216844000385422,39.87584300015169],[-75.216702000095211,39.875876000298277],[-75.216369999834185,39.875952000262203],[-75.216348000092893,39.875956999776093],[-75.216203000327923,39.875991000183753],[-75.216045999969069,39.876024000259129],[-75.215900000379222,39.876059000259055],[-75.21572200010398,39.876087000108299],[-75.215727000126861,39.876017999745251],[-75.21578700040132,39.875051999782656],[-75.215800999746705,39.874828000046108],[-75.216015000006948,39.871468000321968],[-75.21602199967964,39.871358000285838],[-75.216039000296391,39.871114999749885],[-75.211975000391476,39.867464000224089],[-75.207945999748333,39.870283000205248],[-75.207312000261837,39.870667000029243],[-75.206656999960614,39.871082000070366],[-75.205096000186373,39.871969999889714],[-75.202102999610929,39.873620999942048],[-75.200648999966788,39.874400000337282],[-75.20057699999677,39.874436000125726],[-75.199427999951141,39.875009000074584],[-75.198185000194187,39.875681999772787],[-75.197006999836248,39.876259999834112],[-75.195804000262271,39.876898999724922],[-75.195229000327004,39.877208000167769],[-75.194229000244306,39.877660999987022],[-75.193413000284608,39.878020000299401],[-75.190135000202147,39.879462999778916],[-75.188980000308746,39.879994000006455],[-75.18833099985531,39.880234000033667],[-75.187661000383812,39.880458000036569],[-75.187221000167753,39.880583000243199],[-75.187035000394914,39.880635000069056],[-75.186266000290885,39.880775999756359],[-75.18541699982093,39.880853000049825],[-75.184947000365966,39.880885999853732],[-75.184568000249286,39.880913000245464],[-75.183784000076628,39.880891999941674],[-75.17928699962836,39.880763000002638],[-75.178233000017286,39.880803000191413],[-75.176887000328179,39.880899999828408],[-75.175045000346515,39.881018000289139],[-75.174311000402582,39.881084999963811],[-75.172143999832599,39.881287000212367],[-75.169654999945649,39.88158100011826],[-75.166995000354461,39.882029999781118],[-75.165314999856193,39.882353000219688],[-75.164186999726979,39.882571000253279],[-75.163811999808246,39.882634000291972],[-75.162885000418797,39.882789000283076],[-75.162170999668035,39.882907000250363],[-75.159972000209322,39.883192000274441],[-75.157630999562045,39.883376999740676],[-75.152371999580751,39.883751000054531],[-75.149246999659155,39.883934999880402],[-75.1469469999181,39.884061000150666],[-75.146163999570376,39.884103999697523],[-75.14525899992222,39.884237000337521],[-75.144606000169162,39.884339000223385],[-75.144366999794542,39.884424000127183],[-75.14330599961248,39.884850000320327],[-75.142343000238,39.885209999711236],[-75.141117000199486,39.88592999971516],[-75.140389000103355,39.886612999998718],[-75.139554999702,39.887373999695768],[-75.13901900012479,39.887902000268866],[-75.137730000337086,39.88917700007763],[-75.136890000087945,39.890081000337943],[-75.136285999840368,39.890751000004236],[-75.135853000195326,39.891266000239341],[-75.13556799978997,39.891776000312646],[-75.134996000227758,39.892857000255781],[-75.13459000034689,39.893620999736584],[-75.133202999751575,39.896263999847129],[-75.132294999730377,39.898326999997366],[-75.13175499995522,39.899539999913692],[-75.131368000340927,39.900442999991739],[-75.131231999898489,39.900785000330465],[-75.130543999985321,39.902537000310119],[-75.130409000266098,39.902866000148016],[-75.130127000233799,39.903735000084481],[-75.129845000201485,39.904635000315039],[-75.129703999736179,39.905206000323034],[-75.129672999774044,39.905328999731985],[-75.129649000382912,39.905425999810397],[-75.12948299980323,39.906221000009332],[-75.129395999764597,39.906629000096935],[-75.129283999611602,39.907390000138399],[-75.129275000289098,39.907481000227641],[-75.129231999733079,39.908216000333844],[-75.129196999572983,39.909121999955019],[-75.129239000304082,39.910172999821377],[-75.129298999680216,39.911304000045696],[-75.129383000244118,39.91232399995458],[-75.129513999765379,39.913218000337771],[-75.129682999819778,39.91422399993791],[-75.12978499992704,39.914805999948307],[-75.12998999996644,39.915885000235122],[-75.130058999563417,39.916150000139538],[-75.130186999609933,39.916668999927424],[-75.130349999816545,39.917403999970901],[-75.130485000434092,39.917693000069562],[-75.130757000420644,39.918480000198997],[-75.13104500030073,39.919208000233219],[-75.131379000211581,39.920052999831874],[-75.132175999904689,39.921804000001174],[-75.132235000354243,39.921932000214376],[-75.133569000347791,39.924859000254109],[-75.13400799984062,39.925824000041999],[-75.134119000168695,39.926085999930287],[-75.134653999920999,39.927369000185394],[-75.135177999802622,39.928698000336503],[-75.135310000047113,39.92928499970909],[-75.135607999972933,39.930656999818545],[-75.135780000400388,39.931571999833082],[-75.135911999746554,39.93244500001046],[-75.135953999579343,39.93380299996717],[-75.135927999640089,39.93436100004174],[-75.135838000126711,39.936547999703997],[-75.135799999593559,39.937433999807226],[-75.135745000240291,39.938736999911022],[-75.13571400027817,39.939479999925481],[-75.135721999775754,39.940148999948846],[-75.135699000209542,39.940794999659275],[-75.135762999783637,39.941962999827318],[-75.135860999692937,39.942649000221287],[-75.135966000173241,39.943289000300737],[-75.136140000250506,39.944415999678164],[-75.136227000289139,39.944932000076619],[-75.136315999977597,39.945841000100877],[-75.136288000388504,39.946588000005796],[-75.136171000212642,39.947476000195358],[-75.136037000318339,39.948268999914099],[-75.135890999830153,39.948884999813806],[-75.13580499961644,39.949233000278852],[-75.135761000133812,39.949452000257551],[-75.135741000042344,39.949518999818544],[-75.135319000267941,39.950812999897089],[-75.134878000226976,39.952076000140096],[-75.134688000256176,39.952498000205857],[-75.134515000003816,39.952878999756805],[-75.134454999729357,39.952994999762517],[-75.13424200019233,39.953419000104361],[-75.133854999679741,39.954216999790447],[-75.133760000143496,39.954459999714601],[-75.133698000219226,39.954619999700512],[-75.133346999691625,39.955113000277528],[-75.132638999686961,39.956381000150053],[-75.132267999966203,39.957043000043655],[-75.131538000220232,39.958282999946213],[-75.131079999562516,39.958908999869976],[-75.130880000444293,39.959143999946953],[-75.130494999581501,39.959596000191944],[-75.12983000013287,39.960217000238472],[-75.129087999793043,39.960708999946824],[-75.127774999715882,39.961521999729968],[-75.125777000098608,39.962544000039401],[-75.12429999998993,39.963298999895528],[-75.123366999854383,39.96377600017621],[-75.119447999714396,39.965674999681752],[-75.119153999986537,39.965802999776542],[-75.118821999725512,39.965947000199108],[-75.112887000424919,39.968531000020562],[-75.110513000165696,39.96950999990613],[-75.108451999900907,39.970309000080206],[-75.107670000276414,39.970612000079349],[-75.106754999684213,39.970967000216845],[-75.105076999734081,39.971595999871582],[-75.103042000306871,39.972257999782862],[-75.101351999762855,39.97271899984505],[-75.099180999893221,39.973258000206798],[-75.098463999667757,39.973413999873408],[-75.097389000140282,39.97370500012692],[-75.096372000339144,39.973981000031515],[-75.094557000121654,39.974231999939846],[-75.094014999798347,39.974337999706563],[-75.093469000175418,39.974445999819359],[-75.092491999658904,39.974613000244226],[-75.091541999804917,39.974775999947973],[-75.088133000201211,39.97536500032485],[-75.086390999778658,39.97566600015287],[-75.082576000294097,39.976402000167852],[-75.081218000011091,39.976672999770507],[-75.080200000385034,39.977019999729976],[-75.078410000281906,39.977417999795435],[-75.077228999550911,39.97782299967222],[-75.075822999587345,39.978347000178125],[-75.074496999989719,39.978937000255371],[-75.073230999768242,39.979559000329957],[-75.072237000431613,39.980125000271812],[-75.071199999640697,39.980737000291995],[-75.070137999633701,39.981443999775486],[-75.069391999994195,39.981998999721078],[-75.06878100007394,39.982506000289114],[-75.068088000137891,39.983081999823234],[-75.067816000151325,39.983280999700014],[-75.06587700008528,39.98469800027874],[-75.065774000153127,39.98477899980076],[-75.065512000212308,39.985074000239351],[-75.064148999906436,39.98652999973465],[-75.062614000071434,39.988155999706564],[-75.061112999673298,39.990555000318366],[-75.060639000020373,39.991480000315207],[-75.060081999628466,39.992567000115351],[-75.059785000425848,39.993259999964799],[-75.059397000088339,39.994190000323172],[-75.05881899978003,39.995719000342675],[-75.058429999617601,39.996664999818705],[-75.058089000034073,39.997403999801755],[-75.056934999965577,39.999413999686269],[-75.056026999944365,40.000919000155839],[-75.055161999580889,40.002395000137405],[-75.054220999947702,40.003692999917753],[-75.053944999763203,40.00412299988502],[-75.05287799973334,40.005745000205408],[-75.052664000371394,40.006007000185996],[-75.05235600039984,40.006385000082773],[-75.05171100014438,40.006991000115214],[-75.050920000299044,40.007624000246572],[-75.049938999584597,40.008380999752298],[-75.048831000445162,40.009181999684031],[-75.048023999807995,40.009720000252486],[-75.047313000328614,40.010119000130111],[-75.047007000006857,40.010299999714285],[-75.045950999847662,40.010864000073347],[-75.043471000181526,40.012168000114322],[-75.043188000324307,40.012299000288877],[-75.042634000305441,40.012567999827567],[-75.041604000085513,40.013087999940637],[-75.040378999871905,40.013612000323143],[-75.038669999959623,40.014269999664343],[-75.038484000186799,40.014333000307857],[-75.037879000114287,40.014554999883991],[-75.03658100010577,40.014953999705547],[-75.03546200019737,40.015244000174249],[-75.034782999606719,40.015420999930612],[-75.033052999778036,40.0157300000376],[-75.031928999846784,40.015918000166266],[-75.0309379999849,40.016091999926267],[-75.030527000081165,40.016138000112903],[-75.029453000378609,40.016279000102969],[-75.026581000177018,40.016657999856939],[-75.023770999899696,40.017069000157321],[-75.022501000378583,40.01727700016945],[-75.021478999656239,40.017491999674441],[-75.020605999795151,40.017666999859337],[-75.020414999999446,40.017704999946361],[-75.019368999885984,40.017981999886921],[-75.018255999825357,40.018385000134487],[-75.016278000299593,40.019212999822166],[-75.014863999940104,40.01989499998524],[-75.013944000223319,40.020441000131299],[-75.013677000259634,40.020598999905253],[-75.013228999647666,40.020878000319541],[-75.012595000161156,40.021272999978464],[-75.010630000155857,40.022784999678635],[-75.009691999997429,40.023462999696925],[-75.006229999791955,40.025671000009865],[-75.00342299988769,40.027392999705789],[-75.002099999764781,40.028203000085547],[-75.000861000205788,40.02896300013704],[-75.000467000020507,40.029191999880858],[-74.999759000015843,40.029604999929333],[-74.998758999933145,40.030281000015265],[-74.99773000043642,40.031162999688199],[-74.995782000149546,40.032893999782054],[-74.992555000120731,40.035764000221171],[-74.990724000009692,40.037349000190297],[-74.987707000043144,40.039958000202773],[-74.987676000081009,40.039982999785934],[-74.987024000152857,40.040482999840677],[-74.986280000163191,40.040942000259882],[-74.985664000220041,40.04130299983327],[-74.984942999796587,40.041768999933289],[-74.984848000260342,40.04183599976691],[-74.98442999978559,40.042155000104366],[-74.983828000086149,40.04271300021248],[-74.983132999601978,40.043506999930408],[-74.982669999819706,40.044079000276447],[-74.982349000327659,40.044475000296785],[-74.981633999751992,40.045152000064476],[-74.981166999771759,40.045527999944923],[-74.980591000011572,40.045943999781144],[-74.97989200022775,40.046340999861179],[-74.979199000291715,40.046593999729794],[-74.97861599996051,40.046755999666239],[-74.978256000110406,40.046858000116387],[-74.977188000255651,40.04716600030681],[-74.976640000084558,40.047407999873109],[-74.976214000112208,40.047699999660942],[-74.97576100037567,40.048150000172576],[-74.974783999859199,40.049316000042623],[-74.974995999571306,40.04950600013558],[-74.976012000445849,40.050416999980818],[-74.976281000059359,40.050658999695415],[-74.977923000024489,40.052131999913534],[-74.978185999790199,40.052289999855425],[-74.978415000119057,40.052414999824087],[-74.978558000234202,40.05249300005697],[-74.979093999811411,40.052861000286505],[-74.9794660002554,40.053156999941052],[-74.979549000096085,40.053244999962175],[-74.979694999685947,40.053399000241335],[-74.979714999777428,40.053473000207063],[-74.979734999868924,40.053547000092443],[-74.980027999771863,40.053636999863322],[-74.982022000089515,40.053727000202962],[-74.982202000014567,40.053803999841499],[-74.982549000344193,40.053952999966562],[-74.982665999621744,40.053952999966562],[-74.983193999701328,40.054223000064653],[-74.98348699960431,40.054447999787648],[-74.983555000274677,40.054537999743921],[-74.983838000131897,40.054911999893378],[-74.983889000185528,40.054978999874322],[-74.983904000254128,40.05499399975843],[-74.983931999843236,40.05501600004083],[-74.983967999828238,40.055042999815178],[-74.983997000140562,40.055065999843691],[-74.984073000308527,40.055123999761541],[-74.984189999586107,40.055348999947888],[-74.984189999586107,40.055470000095418],[-74.984198999806921,40.055503000285903],[-74.984203000004882,40.05551599985646],[-74.984189999586107,40.055574999833404],[-74.984301999739088,40.055849999821113],[-74.984473000341623,40.05627000027345],[-74.984493000433105,40.056290999712431],[-74.984588999794255,40.056404000249628],[-74.984692999551342,40.056509999664414],[-74.984819999772938,40.056603000241125],[-74.984941999971667,40.056727000125093],[-74.985162999904617,40.056932000331187],[-74.985181000346273,40.05701199967411],[-74.985186000369154,40.057105999985325],[-74.985152000033963,40.057198999748657],[-74.98506499999533,40.0572920000727],[-74.984912999659372,40.057391999739764],[-74.984538999565544,40.05763600026421],[-74.984372000059281,40.057785999983913],[-74.984286999670459,40.057837000225966],[-74.984171000217842,40.057872999807579],[-74.983997000140562,40.057919999729307],[-74.983894000208394,40.057938000188145],[-74.983869999918952,40.057948000135433],[-74.983310000052299,40.058187000088601],[-74.983017000149346,40.058367000319876],[-74.982899999973483,40.058367000319876],[-74.982371999893871,40.05868299980488],[-74.981843999814274,40.059088000318212],[-74.981550999911306,40.059447999670304],[-74.980437000025773,40.060304000163278],[-74.980481000406726,40.06038299998886],[-74.980548000353878,40.060454000197751],[-74.980766999738663,40.060605999950873],[-74.980842000081736,40.060683999746757],[-74.98088599956435,40.060792000110098],[-74.980917000424824,40.060879999897622],[-74.980925999747328,40.06098300019989],[-74.980943000364078,40.061093999797272],[-74.980934000143264,40.061196999776037],[-74.980917000424824,40.061304000343384],[-74.980908000203982,40.061409999698803],[-74.980953000409841,40.061589999666325],[-74.981001000090416,40.061687999884164],[-74.981015000334111,40.061779000254873],[-74.981028999679495,40.061859000095062],[-74.981006999938188,40.061964999962107],[-74.980985000196867,40.062078000027853],[-74.980974000326242,40.062092999724406],[-74.980912000401943,40.062180000236609],[-74.980868000021019,40.062292999945811],[-74.980828999662961,40.062398999825135],[-74.98080699992164,40.062501999893641],[-74.980802999723679,40.062594999855115],[-74.980863999823057,40.062694999989944],[-74.980904999830926,40.062736999714012],[-74.980904999830926,40.063007000072218],[-74.981140000007571,40.063367999671264],[-74.981139000182665,40.06368299970314],[-74.981022000006803,40.063817999860206],[-74.980904999830926,40.064269000141245],[-74.980900999632965,40.064381000197955],[-74.980873000043886,40.064465999915527],[-74.980903000181101,40.064615999724587],[-74.980939000166117,40.064713000094443],[-74.98101600015903,40.064846999967088],[-74.981022999831708,40.064938999860438],[-74.980989000394828,40.065508000274065],[-74.980953000409841,40.065564999946091],[-74.980919000074636,40.065718000277194],[-74.980892000310462,40.065906999726565],[-74.980878000066753,40.066027999688004],[-74.980837999883775,40.06610199968916],[-74.980689999745778,40.066202999774752],[-74.980575000118066,40.06625000013787],[-74.980421000132267,40.066337000154007],[-74.980191999803409,40.066444999806123],[-74.97999000013705,40.066566000186889],[-74.979913999969071,40.066625999813112],[-74.979843999648864,40.066719000332277],[-74.979836999976158,40.066791999992994],[-74.979804000364197,40.066855000249447],[-74.979780000074769,40.066910999893771],[-74.979712000302698,40.066972999765468],[-74.979605000172569,40.067035000268177],[-74.979554999943872,40.067080999784189],[-74.979411999828727,40.06719800001229],[-74.979180999850044,40.067301999969999],[-74.9790920001616,40.067367000292577],[-74.978881000274384,40.067421999935377],[-74.97861599996051,40.067518999747186],[-74.978370999738132,40.067577000064745],[-74.978159000026025,40.067637999752876],[-74.978008000413297,40.067725000058729],[-74.977856999902244,40.067807999891428],[-74.97762699974848,40.067906000102028],[-74.977415999861265,40.068028000209274],[-74.977297999860511,40.068121000189329],[-74.977209999996958,40.068167999916582],[-74.977123999783217,40.068250000328497],[-74.977116000285619,40.068322999723435],[-74.97710299986683,40.068396999981417],[-74.97710299986683,40.068444000205666],[-74.976988000239103,40.068632000091085],[-74.976901000200471,40.068712999695258],[-74.976886999956761,40.068793999890595],[-74.976860000192588,40.068874999989596],[-74.976785999674433,40.069008999924897],[-74.976732999970977,40.069069999705548],[-74.976698999635786,40.069143999839476],[-74.976618000343265,40.069203999944747],[-74.976287999732051,40.069328000269813],[-74.976202000416635,40.069431999725332],[-74.976142000142204,40.069481999949048],[-74.975994999829098,40.069602999747381],[-74.97548299964302,40.069833000032666],[-74.975265999908046,40.069929999848377],[-74.975236999595722,40.069943000103784],[-74.975173000021613,40.069985000171584],[-74.975097999678539,40.070033999759659],[-74.975096000028728,40.070061999999417],[-74.975120000318171,40.070223999835157],[-74.975121999967996,40.070287999893239],[-74.975100000226689,40.070397999917013],[-74.97507000008946,40.07049400008006],[-74.975039999952244,40.07059300008499],[-74.974979999677771,40.070678000300767],[-74.974897999662005,40.070759999753335],[-74.974799999752719,40.070821000028168],[-74.974609999781933,40.070892999887853],[-74.974415999613157,40.07097199980862],[-74.974325000274888,40.070987999824929],[-74.974197000228372,40.071042999981202],[-74.974137999778819,40.071067999850101],[-74.973988999815901,40.071131999802574],[-74.973900999952349,40.071169999659922],[-74.973888000431884,40.071175000037606],[-74.973865999792238,40.071185000104364],[-74.973743999593509,40.0712449997866],[-74.973630999615608,40.071345000285334],[-74.973616000445318,40.071391999850313],[-74.97360499967634,40.071457999915971],[-74.973602000201609,40.071522000189432],[-74.973565000391687,40.071573999980643],[-74.973527999683441,40.071632999801409],[-74.973474000155079,40.071689000329677],[-74.973380000443768,40.071746999846283],[-74.973212000214261,40.071826000151333],[-74.973062000426452,40.071875999992542],[-74.972935000204828,40.071921000161936],[-74.972585000400471,40.072138999858971],[-74.972444999760071,40.072235000317832],[-74.97237799981292,40.072342000046788],[-74.972349000398907,40.072407999879353],[-74.972334000330306,40.072559000265905],[-74.972289999949382,40.072670000250085],[-74.972281999553445,40.072684000173318],[-74.97226300018518,40.072799000022989],[-74.972238000070817,40.072939000235429],[-74.97223499969779,40.073038000123553],[-74.972212000131577,40.073142000101043],[-74.972152999682024,40.073200999938301],[-74.972079999887086,40.073248999779906],[-74.971942999619742,40.073322000003991],[-74.971626000325642,40.073373999795713],[-74.971397999821704,40.073518000227999],[-74.971258000079601,40.073606000074925],[-74.971103000268911,40.073694999984141],[-74.971062000261043,40.073731000122912],[-74.97103600032176,40.073823999877796],[-74.97103600032176,40.07385700011509],[-74.971063000085934,40.073965999702054],[-74.971262000277576,40.074146999658744],[-74.971405000392693,40.074257999804367],[-74.971438000004667,40.074294999812729],[-74.971465999593761,40.07435500019222],[-74.971484000035431,40.074429000083427],[-74.971465999593761,40.074517000128026],[-74.971391999973918,40.074586999879195],[-74.97133599989742,40.074641999878757],[-74.971308000308341,40.074692999876099],[-74.971279999820922,40.07482800021041],[-74.97127099960008,40.07493899993348],[-74.971279999820922,40.075064000284442],[-74.971313000331193,40.075225999908447],[-74.971345000118248,40.07532300029235],[-74.971350000141129,40.075428999831018],[-74.971355000163982,40.075541000098156],[-74.971350000141129,40.075618999978985],[-74.971330999874553,40.075720999846965],[-74.971299000087498,40.075841000102599],[-74.971196999980236,40.075933999725642],[-74.971133000406141,40.075966000172656],[-74.971085999652161,40.076006999821196],[-74.970940000062299,40.076135000007],[-74.970837000130132,40.076212999894871],[-74.970692000365176,40.076252999943719],[-74.970509999891988,40.076237999928153],[-74.970366999776843,40.076221999770418],[-74.970249999600995,40.076219000041185],[-74.970109000034,40.076269000094122],[-74.9700110001247,40.076332999970873],[-74.969899999796624,40.076386999798643],[-74.96982399962863,40.076445000126014],[-74.969749000183896,40.076473999927458],[-74.969626999985152,40.076473999927458],[-74.96947999967206,40.076453999970902],[-74.969294999724127,40.076399000060029],[-74.969228999601881,40.076356999823261],[-74.969040000354312,40.076327999971944],[-74.968761999621648,40.076300000246029],[-74.968446999977374,40.076300000246029],[-74.968030000225866,40.076314000110401],[-74.967766999561817,40.076317999972936],[-74.96758599981186,40.076336999832293],[-74.967400999863926,40.076336999832293],[-74.967062999755129,40.07637799994486],[-74.966882000005157,40.076438999999624],[-74.966770999677067,40.076632999923177],[-74.966733999867159,40.076735000334473],[-74.9666739995927,40.07688800032134],[-74.96652999965265,40.077082000340475],[-74.966400999781214,40.077189000015352],[-74.96621599983331,40.077258000333231],[-74.965923999755248,40.077280999736296],[-74.96561400013384,40.077243999975551],[-74.965424000163054,40.077230000302329],[-74.964963000030608,40.077169999706328],[-74.964886999862614,40.077157000143053],[-74.96484199965677,40.077147999703698],[-74.96451399959372,40.077104999802977],[-74.964485000179721,40.077098000296147],[-74.964234000109542,40.077059000182871],[-74.96398899988715,40.077040999964389],[-74.963763999756253,40.077063000001644],[-74.963603999922682,40.077104999802977],[-74.963465999830419,40.077154999892763],[-74.963333999585956,40.077212000129101],[-74.963265999813899,40.077241000291288],[-74.963145000338372,40.077325999771205],[-74.963091999736605,40.077417999994431],[-74.963066999622257,40.077504000060749],[-74.963020999591507,40.077570999821425],[-74.96293500027609,40.077645999772756],[-74.962860999757936,40.077691999683765],[-74.96276100019881,40.077774000314633],[-74.962714000343169,40.077858999816613],[-74.962660999741402,40.077995000173786],[-74.962580000448867,40.078072999993239],[-74.96252600002218,40.078123000059634],[-74.962452000402351,40.078200999732459],[-74.962428999937799,40.078231000270172],[-74.962429999762719,40.078252999922917],[-74.96247999999143,40.078404999829068],[-74.962516999801366,40.078459000075824],[-74.962531999869952,40.078519000223409],[-74.962534000418117,40.078579000318079],[-74.962505000105779,40.078638999672556],[-74.962468000295857,40.078687999908048],[-74.96237100021149,40.078785000172061],[-74.962331999853433,40.078825000084841],[-74.962269000104243,40.078894000119639],[-74.962198999784022,40.07900899979321],[-74.962155000301422,40.079118000069592],[-74.962129000362154,40.079329000133953],[-74.96213199983687,40.079375999687862],[-74.962105999897616,40.0794720002554],[-74.962013999836103,40.079584000059043],[-74.96189300036059,40.079662000120379],[-74.961727999605841,40.079774000298848],[-74.961633999894502,40.079838000318148],[-74.961521999741521,40.079921999908535],[-74.961404999565659,40.080030000015078],[-74.961272000394573,40.080186999794485],[-74.961120999883519,40.080387999894292],[-74.961074999852769,40.080440999866163],[-74.960882000407238,40.08058300032679],[-74.960813999736857,40.08065099988103],[-74.960411000229044,40.080966999789005],[-74.960299999900954,40.081053000184347],[-74.960242999999537,40.081108999839977],[-74.96003899978507,40.081323000112356],[-74.960059999701457,40.081450999928109],[-74.960078000143113,40.081535000277832],[-74.960077000318208,40.081672000224934],[-74.960072000295327,40.081784999903597],[-74.960048999830803,40.081922000034993],[-74.960010000371057,40.082049000046013],[-74.959952999571328,40.082136999866002],[-74.959858000035098,40.082248000046889],[-74.959741999684141,40.082304000094197],[-74.959652000170763,40.082316000000148],[-74.959247999939734,40.082373000040128],[-74.959084999733108,40.082349000246161],[-74.959049999573011,40.082408999715199],[-74.958999000417691,40.082503000037079],[-74.959037999877438,40.082582000236449],[-74.959129999938952,40.0827149999649],[-74.959153000403475,40.082805999737907],[-74.959133000311994,40.082919000283717],[-74.959016999961037,40.083080999778019],[-74.958945999815938,40.083161000030998],[-74.958955999861672,40.083222000195065],[-74.958943000341193,40.083320000220318],[-74.95898299962586,40.083451999849032],[-74.958964000257595,40.083584999939774],[-74.958902000333325,40.08372299991435],[-74.958720999685028,40.08390099997645],[-74.958653999737891,40.083913000288234],[-74.958590999988701,40.083923999884874],[-74.958421000109382,40.08391999978187],[-74.95838199975131,40.083957000038794],[-74.958371999705577,40.084023000298529],[-74.958364000207965,40.084112999674872],[-74.958421000109382,40.084206999705991],[-74.958546999607762,40.084257000079084],[-74.958628999623528,40.084294000152859],[-74.958678000027319,40.084381999820266],[-74.958626000148797,40.084593000066796],[-74.958385000124366,40.084897000099566],[-74.95834900013935,40.084941999912182],[-74.958297000260814,40.085057999689148],[-74.958250000405144,40.085273999932078],[-74.958214000420156,40.085641999734776],[-74.958209000397275,40.085870000153427],[-74.958173000412259,40.086015000272596],[-74.958093000046318,40.086131000283025],[-74.958027999748978,40.086239000162422],[-74.958021000076286,40.086391000109721],[-74.958035000319995,40.086470999909501],[-74.958027999748978,40.086551000302563],[-74.958006000007686,40.086644999716377],[-74.957948000281363,40.086746000265279],[-74.957912000296346,40.086811999882975],[-74.957825000257714,40.086877000141591],[-74.957753000287681,40.086949000207575],[-74.957666000249063,40.087029000038875],[-74.957600000126803,40.087094000090289],[-74.957600000126803,40.087181000283998],[-74.957621999868124,40.087311000034461],[-74.957687000165464,40.087623000072135],[-74.957825000257714,40.087839999704499],[-74.957948000281363,40.088100999840826],[-74.958006000007686,40.088275000292036],[-74.958027999748978,40.088405000015022],[-74.958180000084951,40.088810999708222],[-74.958173000412259,40.088998999724289],[-74.958165000016336,40.089158999972327],[-74.958158000343644,40.089260000227334],[-74.958122000358628,40.089332999780801],[-74.958036000144901,40.089451000211419],[-74.957978000418592,40.089528999964465],[-74.957857000044768,40.089694000046208],[-74.957806999816043,40.089763000061758],[-74.957747000439909,40.089843999960877],[-74.957824000432794,40.089995000168713],[-74.957917000319227,40.09011599994335],[-74.957935999687479,40.090237000190129],[-74.957944999908321,40.09034800022161],[-74.957935999687479,40.090422999843277],[-74.957898999877571,40.090570999669687],[-74.95781500021198,40.090729999732943],[-74.95770300005897,40.090925000094337],[-74.957573000362629,40.091119999897089],[-74.957395999912308,40.09131599974554],[-74.957256999995153,40.091530000232794],[-74.957210000139483,40.091650000115294],[-74.957144999842143,40.091761999814686],[-74.957088999765659,40.091902000210602],[-74.957005999924974,40.091985000127742],[-74.95688499955115,40.092088000124249],[-74.956764000075637,40.092274000216804],[-74.956642999701799,40.092450000109743],[-74.956549999815408,40.092599000237307],[-74.956446999883241,40.092756999790268],[-74.956391999631649,40.09289700020112],[-74.956344999775979,40.09298999989268],[-74.956326000407714,40.093120000231323],[-74.956307999966057,40.093203999926928],[-74.956298999745229,40.093636000257881],[-74.956328000057539,40.093845000235468],[-74.956306000316246,40.094037000287145],[-74.956049000398281,40.094597999846997],[-74.955912999955842,40.094717999817625],[-74.955813000396745,40.094855999900162],[-74.955763000168034,40.094981999970187],[-74.955777000411729,40.09510299981239],[-74.955835000138038,40.095234999957121],[-74.956062999743679,40.095570000190129],[-74.956113999797296,40.095690999673984],[-74.956164000026021,40.095744999953546],[-74.95627100015615,40.095767000131474],[-74.956636000029135,40.095942999924638],[-74.956829000372977,40.095942999924638],[-74.957078999719897,40.095915000019204],[-74.957415000178884,40.095969999969768],[-74.957744000066867,40.096091000116779],[-74.958159000168564,40.096569000201036],[-74.958344999941389,40.096723000119717],[-74.958488000056533,40.096809999687679],[-74.958622999775756,40.096871999825325],[-74.958749000172446,40.09692900004611],[-74.958770999913753,40.096937999931974],[-74.959154000228381,40.097046999676365],[-74.959339000176314,40.097128999671597],[-74.959940000050864,40.097369999923657],[-74.960083000165994,40.097376000266905],[-74.960454999711644,40.097464000201157],[-74.961048999913501,40.09743099972377],[-74.961192000028632,40.097446999707351],[-74.961341999816469,40.097496000149057],[-74.961443000098782,40.097599999875726],[-74.961618000000982,40.097661999980772],[-74.961721999758055,40.097708000110813],[-74.961766000138994,40.097751999877545],[-74.961787000055395,40.097773000271502],[-74.961807000146877,40.097851999928608],[-74.961811000344824,40.097928000034081],[-74.961772999811672,40.098016999760326],[-74.961659000008879,40.098095000003816],[-74.96159500043477,40.098166000068353],[-74.961576999993113,40.098229999976013],[-74.961604999582192,40.098290999692345],[-74.96172299958296,40.098378000004224],[-74.961906999705974,40.098495999870401],[-74.962060999691772,40.09861000029214],[-74.962093000377152,40.098662999820391],[-74.962069000087681,40.09876699982496],[-74.961783999682339,40.099035999779957],[-74.961729000329072,40.099091999759459],[-74.961684999948133,40.099154999681332],[-74.961672000427654,40.099195999795427],[-74.961737999651589,40.099254999731961],[-74.961813999819569,40.099318000190067],[-74.961915999926816,40.099407999957961],[-74.961983999698887,40.099502000168691],[-74.962018999858984,40.099587000028187],[-74.962012000186277,40.099650999973562],[-74.961976000201261,40.099707999927894],[-74.961930999995431,40.099787999879702],[-74.961888000337709,40.099902999989247],[-74.961853000177612,40.100088000235644],[-74.961844999781704,40.100169000214862],[-74.961798999750954,40.100377000271294],[-74.961766999963899,40.100520999937864],[-74.961742999674456,40.100648000292708],[-74.961686999597958,40.100730999850072],[-74.961700000016748,40.100768999679886],[-74.961642000290439,40.10089600025897],[-74.961475999710757,40.101059999806644],[-74.961392999870085,40.101150999791493],[-74.961224999640592,40.101288999883664],[-74.961124000256575,40.101396999760574],[-74.961059999784155,40.101667999842093],[-74.961099999967132,40.101797000330819],[-74.961176000135112,40.101867999968086],[-74.961268000196611,40.101948999889643],[-74.961293000310974,40.102016000328724],[-74.961289000113013,40.102120999776488],[-74.961233000036515,40.102275999941277],[-74.96120100024946,40.102419999711387],[-74.961197999876418,40.102596999913153],[-74.961088000271559,40.102777000274919],[-74.961050999563327,40.102917999744697],[-74.961064999807036,40.102949999876074],[-74.960908000346492,40.103033000060769],[-74.960885999706889,40.103103999782434],[-74.961001000232926,40.103324000123735],[-74.961140999975001,40.10343099977959],[-74.961156000043616,40.103445999987599],[-74.961227000188728,40.10348899974106],[-74.961401000266022,40.103574000116474],[-74.961562999749404,40.103673999856348],[-74.961766000138994,40.103810000173681],[-74.961991000269876,40.104018000092651],[-74.962090000004082,40.104137000212894],[-74.962377000059263,40.104344000093505],[-74.962537999717753,40.104476000176433],[-74.962537999717753,40.104548000176187],[-74.962465999747735,40.10464799985855],[-74.962432000310841,40.104755000180432],[-74.962428000112894,40.104848000156537],[-74.962445999656225,40.104882999907709],[-74.962498000433101,40.104984999904474],[-74.962553999611274,40.105076999851178],[-74.962691999703537,40.105134999783566],[-74.962962999865184,40.105203000233573],[-74.963182999973213,40.10528400030703],[-74.963398000058376,40.105384999992161],[-74.963591000402218,40.105467999954456],[-74.963796000441633,40.105538999883223],[-74.963926000137974,40.105588999701531],[-74.963962000122976,40.105635999675833],[-74.963962000122976,40.105728999821679],[-74.963906000046492,40.105802999965114],[-74.963784999672654,40.105902000161159],[-74.963690999961329,40.105969000142665],[-74.963627000387234,40.106063000220807],[-74.963604999747602,40.106137999700302],[-74.963669000220023,40.106278999762047],[-74.963658000349369,40.1063779999524],[-74.963594999701868,40.106440000303607],[-74.963459000157755,40.106481999844519],[-74.963372000119094,40.106512999979799],[-74.963268000362035,40.106560000002787],[-74.963198999866748,40.106671000205964],[-74.963248000270539,40.10677100020294],[-74.963335000309186,40.106871999741472],[-74.96351600005913,40.106981000061623],[-74.963681999740487,40.10704699998152],[-74.963957000100095,40.107099000123092],[-74.964193999926565,40.107119000008439],[-74.964419999882381,40.107138999887859],[-74.964725000379218,40.107173000150375],[-74.964977000274288,40.107190000275224],[-74.965055999917013,40.107214999925745],[-74.965122000039258,40.107303999871256],[-74.965210999727717,40.10744300021706],[-74.965293999568402,40.10762199975958],[-74.965367000261637,40.107774000045325],[-74.965430999835746,40.107886000002338],[-74.965501999980859,40.107980999852018],[-74.965559999707168,40.108039999728057],[-74.965606999562837,40.108091000126976],[-74.965573999950877,40.108151999934172],[-74.965385999629902,40.108387000245749],[-74.96520499987993,40.108653000279546],[-74.965116000191472,40.108773000197139],[-74.965057999566824,40.108820000032736],[-74.964933999718284,40.108878000208996],[-74.96487599999196,40.108926000317418],[-74.964809000044809,40.108997000072286],[-74.964763000014059,40.109083000092106],[-74.964737000074777,40.109180999982222],[-74.964677999625252,40.109313000298009],[-74.964600999632339,40.109400999908253],[-74.964507999745948,40.109469000216116],[-74.964408000186822,40.109497999690205],[-74.964233000284636,40.109426999771294],[-74.964074000275971,40.109453000311454],[-74.963977000191605,40.109508000311493],[-74.963890000152958,40.109602000308534],[-74.96376999960404,40.109752999958715],[-74.963709000402972,40.109867000068604],[-74.963709000402972,40.109957000309699],[-74.963745000387988,40.110086000195608],[-74.963810999611937,40.110220999734345],[-74.963839000099327,40.11037000011018],[-74.963838000274421,40.110457000091039],[-74.963901000023611,40.110560000295685],[-74.964039000115875,40.110705999658215],[-74.964120000306735,40.110857999922608],[-74.964120000306735,40.110950999799385],[-74.964104000413201,40.111061000080483],[-74.964044999963647,40.111211000301999],[-74.963933999635572,40.11137299978494],[-74.963850999794914,40.111472999739661],[-74.963794999718388,40.111544000270925],[-74.963776000350151,40.111645000279651],[-74.963783000022843,40.111737999767357],[-74.963849000145075,40.111912999854745],[-74.96387900028229,40.112003000136525],[-74.963882999581941,40.112194000179763],[-74.963876999734154,40.112431000167483],[-74.963917999742051,40.112629999962778],[-74.964020999674204,40.113010000229472],[-74.964136000200256,40.113281000079049],[-74.964154999568507,40.113372999797683],[-74.964137000025147,40.113461999929719],[-74.964090000169506,40.11355400009051],[-74.963999999757817,40.113681999748714],[-74.963669000220023,40.113991999940737],[-74.963455999784685,40.114200000327848],[-74.963346000179826,40.114338000055319],[-74.963201000414884,40.114675999758049],[-74.963167999904599,40.114815999724179],[-74.96323599967667,40.114960999998686],[-74.963259999966098,40.115026000163489],[-74.963347999829651,40.11512600024291],[-74.963413000126991,40.115208999997954],[-74.963393999860415,40.115289999835021],[-74.963328999563089,40.115473000333004],[-74.96331600004261,40.115517000289188],[-74.963248000270539,40.115642000321699],[-74.963199999691653,40.115711999689921],[-74.963146000163292,40.115790999812923],[-74.963110000178276,40.115871000087445],[-74.963114000376237,40.115996999710681],[-74.963131999919582,40.116096000183241],[-74.963155000384134,40.116196000063141],[-74.963141000140425,40.116358000037451],[-74.963150000361253,40.116499000209778],[-74.963173999752371,40.116674999956267],[-74.963218999958229,40.116759000111841],[-74.963294000301289,40.116888000148698],[-74.963377000141975,40.116966000052258],[-74.963442000439301,40.117003999743865],[-74.963574999610373,40.117039000109962],[-74.963735000342254,40.117079999750388],[-74.963829000053593,40.117122999815891],[-74.963997000283072,40.117223000246462],[-74.964115000283869,40.11729000006796],[-74.964145000421084,40.117325000286797],[-74.964205999622152,40.117394999983517],[-74.964260000048824,40.117558000067753],[-74.964280000140292,40.117619999845502],[-74.964332999843748,40.117822000213948],[-74.96441700040765,40.117980999799663],[-74.964487999654438,40.118122000041453],[-74.964506999921028,40.118237000070941],[-74.96449699987528,40.118316000008363],[-74.96452600018759,40.118371999917109],[-74.964612000401317,40.118476000017786],[-74.964740000447847,40.118569999985169],[-74.964990999619673,40.118635000135079],[-74.96520499987993,40.11861299979536],[-74.965462999622787,40.118552999956876],[-74.965897999815979,40.11830599999525],[-74.966078999565937,40.118234000132375],[-74.966384000062774,40.118111999999812],[-74.966533000025692,40.118077999709961],[-74.966721000346666,40.118047000036917],[-74.966949999777228,40.118002999656888],[-74.967122000204668,40.117942999967006],[-74.967353000183351,40.117928000208018],[-74.967461000138385,40.117876000101951],[-74.967482999879707,40.117799000083245],[-74.967516000389963,40.117678000073894],[-74.967559000047672,40.117626999994137],[-74.967732000300032,40.117524000187807],[-74.967889999585466,40.117399999713783],[-74.968035000248747,40.11729199982581],[-74.968124999762111,40.117216000056231],[-74.968215999998705,40.117168999839841],[-74.968319999755792,40.117092999932844],[-74.968440000304696,40.117025999917182],[-74.968684999628763,40.116934999872328],[-74.968915999607447,40.116873000156993],[-74.969086000385062,40.116840999705609],[-74.969201999837694,40.116816999700717],[-74.969324999861357,40.116846999705537],[-74.969478999847141,40.116915000125431],[-74.969591999825042,40.116973000268239],[-74.969646000251728,40.117000000211206],[-74.969738000313228,40.117016999940851],[-74.969812999757977,40.117012999721979],[-74.969866000359744,40.116981000023458],[-74.969915999690144,40.11695599984062],[-74.969986000010351,40.11694699985501],[-74.970082000269812,40.116961000290139],[-74.970177999630963,40.117003999743865],[-74.970268000042637,40.117085000190741],[-74.970346999685376,40.117189999735928],[-74.970451000340759,40.11738400030093],[-74.970613999649046,40.117524000187807],[-74.970750000091499,40.117644999784218],[-74.970842000153013,40.117752000269824],[-74.970883999985801,40.117851000248208],[-74.970950000108033,40.117909000279568],[-74.971085999652161,40.118078999920762],[-74.971171999865874,40.118260000053496],[-74.971422000111147,40.11857299990892],[-74.971873000197846,40.119084000329636],[-74.972052000297992,40.11926000025489],[-74.972645999601525,40.119654999950811],[-74.97296100014411,40.119803000080665],[-74.973110999931933,40.119779999933094],[-74.973366000200059,40.119796000156036],[-74.973608000049381,40.11980599995001],[-74.974075000029629,40.119786999859365],[-74.974286999741736,40.119785000174893],[-74.974427000382121,40.11979700034157],[-74.974536000162075,40.119848999665521],[-74.974612000330069,40.119911000102086],[-74.974689000322954,40.119998999738279],[-74.974804999775586,40.120074999831992],[-74.974972000180173,40.120164000123012],[-74.975100000226689,40.120211000330031],[-74.975225999725069,40.120215999853194],[-74.975389999756601,40.120188999813294],[-74.975566000382003,40.120172000189775],[-74.975670999963995,40.120189999993045],[-74.975723999667451,40.120252000118668],[-74.975732000063374,40.120318000212421],[-74.97573100023844,40.12039200028299],[-74.975814000079126,40.120434000138694],[-74.975931000254988,40.120457000065038],[-74.976029999989194,40.120436999980207],[-74.97606599997421,40.12037699969035],[-74.976029000164274,40.1202779999551],[-74.976070999997063,40.120200999908675],[-74.976136000294403,40.120142000278022],[-74.976398000235235,40.120040999836696],[-74.976610999772248,40.119965999888031],[-74.976794000070356,40.119924999926894],[-74.97692899978955,40.119919999695384],[-74.97704099994256,40.119958999980192],[-74.977142000224887,40.120024999671408],[-74.97724599998196,40.120061000038014],[-74.977382000424413,40.120062000219704],[-74.977518999793432,40.120017999769637],[-74.977548000105756,40.119829000088792],[-74.977586999565503,40.119760000336065],[-74.977646000015042,40.119694999887699],[-74.977737000251636,40.119653999763187],[-74.977974999903012,40.11959400015629],[-74.978242999691616,40.119481000054506],[-74.978367000438496,40.119454999913309],[-74.978477999868261,40.119500000230616],[-74.978603000440046,40.119540000258731],[-74.978687000105651,40.119533999809477],[-74.978799000258633,40.119486000318297],[-74.978891000320118,40.119418999912796],[-74.979007999597698,40.119371999845214],[-74.979132000344549,40.119342999772748],[-74.979282999957292,40.11934399996494],[-74.979468999730145,40.119378999813499],[-74.979599000324797,40.119421000294942],[-74.979712000302698,40.119499000040712],[-74.979761999633098,40.119565000178447],[-74.979842999823958,40.119624999810938],[-74.979939999908325,40.119741999731957],[-74.980040000365761,40.119862000005476],[-74.980057999909107,40.119882999756818],[-74.980076000350778,40.119903000004612],[-74.980112000335779,40.119933000021767],[-74.980215000267933,40.120014999909692],[-74.980808999571465,40.120070000298469],[-74.981324000130584,40.120149000167025],[-74.981507000428707,40.120080000052091],[-74.981586999896322,40.120021999811719],[-74.981697000399492,40.11996099965954],[-74.98183299994362,40.119919000198607],[-74.981981000081632,40.119909999918221],[-74.982164000379711,40.119915000150463],[-74.982371000068966,40.119942000299162],[-74.982515000009002,40.119988999972684],[-74.982617999941169,40.120047000241215],[-74.982673000192761,40.120108999810277],[-74.98271400020063,40.12016999982967],[-74.982787999820488,40.120222000242251],[-74.982920999889885,40.120281999981898],[-74.982982999814141,40.120349000223939],[-74.983033000042866,40.120455999889209],[-74.98307800024871,40.120640999882568],[-74.983080999723441,40.120796999920195],[-74.983068000202962,40.120891000113538],[-74.983002000080731,40.121007999916877],[-74.982930999935618,40.12109299969466],[-74.982770000277142,40.121150000229633],[-74.982605000420691,40.12118200002697],[-74.982540999948284,40.121321000173999],[-74.982448000061851,40.121441999882869],[-74.982290999703025,40.12173899975393],[-74.982253000068184,40.121895000019919],[-74.982325999863107,40.121905000192122],[-74.982447000236931,40.12190000010623],[-74.982504999963268,40.121950000261762],[-74.982633000009798,40.122214999991421],[-74.982721999698228,40.122351999791412],[-74.982756000033433,40.122449000335251],[-74.982737999591777,40.122537000121078],[-74.982602000047649,40.122737000022617],[-74.982583999605978,40.122789999987205],[-74.982585000329209,40.122854000083805],[-74.982678000215628,40.123007000124161],[-74.982957999699806,40.123352999704409],[-74.983001000255811,40.123377000149951],[-74.983281999564895,40.123534999666276],[-74.983432000251028,40.123619999719303],[-74.983542999680807,40.123631999896027],[-74.98367699957511,40.123608999669919],[-74.983975000399241,40.123596000046419],[-74.984079000156328,40.12356000017774],[-74.98421300005063,40.123561000307951],[-74.984305999937035,40.123592999657376],[-74.984357999815586,40.123662999770296],[-74.98438600030299,40.123758000249836],[-74.984418999914965,40.123797999833556],[-74.984459999922834,40.123807000286178],[-74.984753999650707,40.123873999802157],[-74.984982999979565,40.123895999813342],[-74.985132999767387,40.123829999758385],[-74.985527999777588,40.123603999709353],[-74.985674000265774,40.12348299972686],[-74.985920000313072,40.12333200033796],[-74.986035999765718,40.123249000194363],[-74.986243000353269,40.123134999848503],[-74.986424999928133,40.123048000287497],[-74.986491000050393,40.123038999734391],[-74.986547000126876,40.123058000290058],[-74.986669000325605,40.123160999956248],[-74.986696999914713,40.123187000054095],[-74.986844000227805,40.123326999670098],[-74.986906999976995,40.123374999884192],[-74.987045000069259,40.123477999757036],[-74.987194999857067,40.123512000094266],[-74.987315000405985,40.123586000122998],[-74.987384999827881,40.123665000027621],[-74.987543000011641,40.123790000193452],[-74.987707000043144,40.123896999938559],[-74.987779999838097,40.123916999692497],[-74.98845299968265,40.124268000048666],[-74.988631999782797,40.124415999753523],[-74.988605000018609,40.124642999965005],[-74.988579999904246,40.124858000147242],[-74.988695000430297,40.125096000067131],[-74.988712999973643,40.125152999993517],[-74.988796999639234,40.125307999877087],[-74.988938999929445,40.125418999705062],[-74.989014000272519,40.125479999768501],[-74.989071999998842,40.125567999752292],[-74.989066999975975,40.125635000280262],[-74.988990999807982,40.125725000260076],[-74.988976999564287,40.125796999746058],[-74.989011999724369,40.125905999958022],[-74.989041999861612,40.126012999807024],[-74.989057999755133,40.126106999657409],[-74.989155999664433,40.126161999926062],[-74.989338000137622,40.126196000294719],[-74.989559000070557,40.126234999726911],[-74.990081000302368,40.126231000050367],[-74.990293999839395,40.126229999959477],[-74.990364000159587,40.126242999766198],[-74.990425000258966,40.126256999660924],[-74.990620000252633,40.126295999745011],[-74.990781999736029,40.126267999968675],[-74.991066000316465,40.126204000338589],[-74.991453999755663,40.126135000186892],[-74.991702000351097,40.126070999744655],[-74.992043999759545,40.125986000008666],[-74.992364000325011,40.125932999788155],[-74.992636000311578,40.125910999749287],[-74.992875999612778,40.125905999958022],[-74.993146999774424,40.125937000169124],[-74.993480999685261,40.125998999862041],[-74.993924000274362,40.12604799965689],[-74.994166999948604,40.126093999824683],[-74.994275999728544,40.12614200014572],[-74.994350000246712,40.126219000332405],[-74.994426000414691,40.126415000039316],[-74.994480999767973,40.126520999687415],[-74.994544000415473,40.126681999705092],[-74.994525999973803,40.126953000016982],[-74.994473000270361,40.127111000151409],[-74.994407000148129,40.127277999911712],[-74.994237000268811,40.127499999821509],[-74.994004999566911,40.127675999940202],[-74.993894000137132,40.127750000244276],[-74.993751999846907,40.127912000164613],[-74.993668000181316,40.128114000177391],[-74.993687000447906,40.128209999993437],[-74.993659999785407,40.128383000156738],[-74.99379500040294,40.128460999923568],[-74.99381200012138,40.128506999832155],[-74.993782999809056,40.128613999708129],[-74.993691999572462,40.128675999706822],[-74.993659999785407,40.128752999770462],[-74.993505999799609,40.128773000156343],[-74.993422000134032,40.129002999705911],[-74.993417000111151,40.129175999911432],[-74.993448999898206,40.129426999708592],[-74.993503000324893,40.129514000034931],[-74.99352400024128,40.129630000067905],[-74.993480999685261,40.129671999711292],[-74.993388999623747,40.129704999658188],[-74.993278000193982,40.129734000118631],[-74.993186000132482,40.129761999840916],[-74.993134000253946,40.129795999782559],[-74.99310099974366,40.129894000044381],[-74.993113000337559,40.130016999675462],[-74.993104000116716,40.130093000246475],[-74.993047000215299,40.130187999982113],[-74.99294099991009,40.130197000275544],[-74.992863999917191,40.130225999839219],[-74.992813999688479,40.13030200017652],[-74.992771999855691,40.130423999726887],[-74.992744000266612,40.130504999982996],[-74.99275099993929,40.130605999989044],[-74.992780000251628,40.130726000317907],[-74.992841000350964,40.130815999738736],[-74.992921999643528,40.130946999934281],[-74.992996999986588,40.131051000030283],[-74.99310099974366,40.131184999826914],[-74.993211000246845,40.131320000062196],[-74.993355000186881,40.131461000113262],[-74.99343100035486,40.131551999947035],[-74.993508000347774,40.131616000036416],[-74.993673000204197,40.131733999935925],[-74.993894000137132,40.131882999877163],[-74.9941870000401,40.13151600017077],[-74.99744800040412,40.128249000330761],[-74.997571000427769,40.128116999680024],[-74.997799999858316,40.127902000189202],[-74.997885000247109,40.127815999927698],[-74.998517999908714,40.128190000128818],[-74.998563999939464,40.128216999738633],[-74.998980999690986,40.128458999807357],[-74.999460000265103,40.128748000188232],[-74.999584000113657,40.128818999853777],[-74.999743999947228,40.128910999842091],[-75.000956999566938,40.12960999993426],[-75.001524999829513,40.12993600021148],[-75.002273000017155,40.130376999712134],[-75.003254999658196,40.131011999927075],[-75.003909000134485,40.131338999676956],[-75.003997999822957,40.131389999773369],[-75.004095999732243,40.131446999916683],[-75.00569199966661,40.132375999838914],[-75.005901999728877,40.13249799978734],[-75.005946000109816,40.132523999748031],[-75.005987999942619,40.132547999702943],[-75.006901999811603,40.13307999996097],[-75.007412000347855,40.133376999810572],[-75.007686999809138,40.133528000237696],[-75.008530000431335,40.133991999937336],[-75.008664000325638,40.134075000012892],[-75.009117000062176,40.134355000123925],[-75.009465000216707,40.134569999806367],[-75.010626999782801,40.135275999780582],[-75.011046999907379,40.13553000026323],[-75.011453999613153,40.135788000284492],[-75.011898999852065,40.136058000056337],[-75.012269999572837,40.136283999905451],[-75.012378000426196,40.136349000288078],[-75.012586999765247,40.136477000299848],[-75.012744999949007,40.136572999978739],[-75.013883999948874,40.137268999775614],[-75.014387999739029,40.137578000322151],[-75.014575000235084,40.137692999717757],[-75.0147030002816,40.137770999788323],[-75.015065999606449,40.137991999845283],[-75.015628999846157,40.137334999830358],[-75.016321999782193,40.136527000035066],[-75.0164900000117,40.136353999997965],[-75.017020999566029,40.135806000073707],[-75.017777000149565,40.13502500029346],[-75.017950000401939,40.134848000010173],[-75.019598000214827,40.133228999698566],[-75.020570999635055,40.132273999713938],[-75.023007999643454,40.130549999854608],[-75.023709999800332,40.130053000245709],[-75.024890999633016,40.129215999741412],[-75.025130999832527,40.129082000183928],[-75.025786999958655,40.128571000041369],[-75.026233000022486,40.12826000031616],[-75.031651999837337,40.124503000311478],[-75.031804999998215,40.124397000264267],[-75.033262999840332,40.123384999838649],[-75.033632999736184,40.12312999985307],[-75.037554000424279,40.120412999870638],[-75.03784200030438,40.120213000001932],[-75.038289000193132,40.119901999820641],[-75.038336000048787,40.119870000107767],[-75.038709000317695,40.119598999724808],[-75.039043000228517,40.119356000209457],[-75.042307000067296,40.1170779999863],[-75.043806999742202,40.116030999667181],[-75.043856000145993,40.115996999710681],[-75.044215999996112,40.115747000034027],[-75.044262999851767,40.115712999935582],[-75.047448999872728,40.113492000040644],[-75.048541999841845,40.112728999840847],[-75.049300000075235,40.112199000292364],[-75.049392000136734,40.112134999784857],[-75.049526000031037,40.112042000152982],[-75.050658000358212,40.111252000021032],[-75.052133999743674,40.110220999734345],[-75.05292499958901,40.109669000080913],[-75.052974999817721,40.109636000026939],[-75.054321000405153,40.108692000155784],[-75.055328000160557,40.107990000337175],[-75.057177999639819,40.106693999977793],[-75.057067000210054,40.106631999858088],[-75.057518000296767,40.106377000256586],[-75.057952999591606,40.106162999737442],[-75.058341999754049,40.105891999696802],[-75.059196000246885,40.105011000081291],[-75.059540000203484,40.104655999689378],[-75.060317999630016,40.10385900015568],[-75.061400999553399,40.102740999690973],[-75.062732000072216,40.101366999811987],[-75.062795999646312,40.101300000108019],[-75.063537000161247,40.100533000068097],[-75.063603000283493,40.10046600023],[-75.063744999675393,40.100320999975082],[-75.064203000333123,40.099846000198262],[-75.064456999878004,40.09958399995412],[-75.06493300007908,40.099091999759459],[-75.065651000129463,40.098353999668674],[-75.067174000268921,40.096771999708395],[-75.06770300017341,40.096224000251681],[-75.069455999568319,40.094411000049426],[-75.070708000444412,40.093114000200025],[-75.071008999844992,40.092801999904665],[-75.07117100022667,40.092635000002488],[-75.071269999960876,40.09253200014652],[-75.071280999831529,40.092519999979721],[-75.071368999695096,40.092430000035492],[-75.074560999563829,40.08912399969249],[-75.074582000378541,40.089103000065727],[-75.076210000099962,40.087417000154772],[-75.076248999559695,40.087376999791637],[-75.076363000260841,40.087264999749344],[-75.076369999933519,40.087250000097896],[-75.076385000002134,40.087233999778718],[-75.076393000398056,40.087226999938586],[-75.076415999964283,40.087207999681659],[-75.076431000032883,40.087193000017599],[-75.077805000209409,40.08576999967795],[-75.078810000315002,40.085276999949713],[-75.078905999676138,40.085229999658154],[-75.081188999698782,40.084115999743666],[-75.081649000006308,40.083666999659577],[-75.082455999745179,40.082884000232035],[-75.083414999819993,40.081952999675252],[-75.084453000435843,40.080947999846877],[-75.086861000131947,40.078625000286124],[-75.086906000337791,40.078647999914843],[-75.087898000024566,40.077605999854825],[-75.089088000078078,40.076374000085842],[-75.089827999869783,40.075599999919305],[-75.090192999742769,40.075237999687019],[-75.090316999591323,40.075114999965763],[-75.091545000177987,40.073901999663008],[-75.0931240003939,40.072333999854429],[-75.093650999750281,40.071752999698631],[-75.093839999896176,40.071829000074118],[-75.095183999935458,40.070498999819876],[-75.096214000155385,40.069492000264376],[-75.096733000014169,40.068988999838417],[-75.096634000279963,40.068932000281571],[-75.096457999654547,40.068829000310103],[-75.094947999933922,40.06794699979055],[-75.093223000128106,40.066935000316491],[-75.091919000271773,40.066188999894315],[-75.091782999829348,40.066109999926013],[-75.09037000019309,40.065284999856679],[-75.089751999701804,40.064922000180943],[-75.08951800024839,40.06478599984225],[-75.089377999607976,40.064704999693525],[-75.089272000201078,40.064644000129007],[-75.088912000350987,40.064432000316231],[-75.088760000015014,40.06434199967731],[-75.088063999705923,40.063956000019296],[-75.087874999560029,40.06384999981239],[-75.087425000196546,40.063599000020368],[-75.088195999950401,40.062820000123949],[-75.088671000326556,40.062342000254269],[-75.088965999879335,40.062041999917732],[-75.08970599967104,40.061298000258198],[-75.09041600022384,40.060580999680035],[-75.09046200025459,40.060528000065638],[-75.09109400009126,40.059863000115783],[-75.091132999551007,40.059821999687252],[-75.091385000344403,40.059562999864696],[-75.091462000337287,40.05949099971788],[-75.091968999602202,40.059014999965498],[-75.092034999724433,40.058952000022089],[-75.092290999817465,40.058703999875412],[-75.092691999675466,40.058308999724275],[-75.093644000077589,40.057428999971265],[-75.093504000335514,40.057241000110338],[-75.093700999978992,40.057074000303558],[-75.09405599980623,40.056771000251501],[-75.094193000073602,40.056679000329865],[-75.094315000272317,40.056595000263073],[-75.094566000342496,40.056431000161609],[-75.0946729995743,40.056362000059657],[-75.094840999803793,40.056254999982606],[-75.095077999630249,40.056090999750488],[-75.095214000072687,40.056003999714513],[-75.095359999662548,40.055907999759327],[-75.095633000372331,40.055758999783002],[-75.095900000336044,40.055593000224071],[-75.096168999949555,40.055428999774016],[-75.096440000111215,40.055268000268953],[-75.096711000272848,40.055108999906103],[-75.096984999909253,40.054951000311071],[-75.097260000268861,40.054792999662162],[-75.097483999676527,40.054664999938403],[-75.097524999684396,40.054641999774553],[-75.097538999928119,40.054635999790349],[-75.097719999678063,40.054530999980784],[-75.097810000089765,40.054480000014948],[-75.098086000274279,40.054323999882456],[-75.098364000108631,40.054168999855577],[-75.098640000293159,40.05401400016374],[-75.098915999579347,40.053859000119438],[-75.099194000312025,40.05370299994064],[-75.099472000146363,40.053550000132574],[-75.099749999980716,40.053396000194553],[-75.099830000346657,40.053351999951929],[-75.100027999815055,40.053241000119918],[-75.100249999572924,40.053114000022262],[-75.100303000174662,40.053084999901799],[-75.100572999613107,40.052923999672551],[-75.100801000117045,40.05278199999178],[-75.100839999576777,40.052758999880034],[-75.100895999653289,40.052722999659679],[-75.100935000011333,40.052698999731426],[-75.101104999890651,40.052591000293518],[-75.10136699983147,40.05242300029289],[-75.101631000320424,40.052254999878151],[-75.101899000109043,40.05209100033445],[-75.102171000095595,40.051931000315484],[-75.102412999944946,40.051792000058619],[-75.102444999731986,40.051773000229005],[-75.102725999939395,40.051624000151378],[-75.103006000321869,40.051474999747974],[-75.103229999729535,40.051354999887764],[-75.103248999996111,40.051329999661064],[-75.103279000133341,40.051313999841263],[-75.10355699996768,40.051164000316305],[-75.10382899995426,40.051002999674971],[-75.104101999765732,40.050842000028631],[-75.104373999752283,40.050680000175682],[-75.104567999921045,40.05056299977506],[-75.104644999913944,40.050517000109103],[-75.104801000447864,40.050421999818809],[-75.104914000425779,40.050355000171407],[-75.105184999689101,40.050192000015272],[-75.105453000376031,40.050029000156989],[-75.105722999814446,40.04986599990886],[-75.105993999976107,40.04970600016798],[-75.10627000016062,40.0495479997372],[-75.106531000276533,40.049379999800088],[-75.106773000125884,40.049194000123563],[-75.107001999556417,40.048997000204707],[-75.107033000416877,40.048970000098173],[-75.107225999862408,40.04879800000883],[-75.107450000168399,40.048598999919669],[-75.107675000299295,40.048399000077495],[-75.107890000384444,40.048195000197872],[-75.108092000050803,40.047982000228224],[-75.108275000348911,40.047759000215102],[-75.108442999680094,40.047530000238041],[-75.108605000061786,40.047297999864178],[-75.108759999872504,40.047062999750516],[-75.108909999660312,40.046825999748911],[-75.109021999813308,40.04664099986563],[-75.109309999693394,40.046031000280564],[-75.109353000249428,40.045941999989701],[-75.109405999952884,40.045840000232019],[-75.109431000067232,40.045874000168197],[-75.110730999725575,40.046621999975549],[-75.110869999642759,40.046701999730203],[-75.110985000168796,40.04676900021753],[-75.111140999804405,40.046858000116387],[-75.11205499967339,40.047385000010948],[-75.112362999644958,40.047563000147036],[-75.112870999633074,40.047858000249278],[-75.112911999640957,40.047881999819161],[-75.114505999925512,40.048806000214526],[-75.115035999654935,40.049117999939568],[-75.117103999592416,40.050303999831193],[-75.118553000111987,40.051131999907327],[-75.118651999846193,40.05118599977218],[-75.118770999671881,40.051253999795811],[-75.119466999980972,40.05165300020586],[-75.119544999798777,40.051697000170137],[-75.120017999626796,40.051964000156779],[-75.120826999913788,40.052424999894207],[-75.121642999873487,40.052891000296079],[-75.122146999663642,40.053176999862075],[-75.123314000150913,40.053822000012339],[-75.123756000016797,40.05405799997903],[-75.124450999602658,40.054428000239668],[-75.124618999832151,40.054519999762192],[-75.124915999933066,40.054684000336977],[-75.126320000246821,40.055481000160675],[-75.127090000175755,40.055931000183449],[-75.128487999743413,40.056771999988406],[-75.128554999690564,40.0568119997655],[-75.129020999845892,40.057090999878547],[-75.12981400023935,40.057589999871503],[-75.130046000042938,40.057738999969757],[-75.130134999731396,40.057795999953505],[-75.130401999695081,40.057963999772973],[-75.131682999985188,40.058776999873686],[-75.132529999907007,40.059298999871217],[-75.13331599972949,40.059818000231076],[-75.134087000381641,40.060337000075478],[-75.134391999980167,40.06053200016769],[-75.13488800027271,40.060852000008822],[-75.135124000274274,40.060989000312823],[-75.135192999871251,40.061030999713502],[-75.136527999689704,40.061728999877346],[-75.136719000383735,40.061820999856124],[-75.136947999814268,40.061934999821851],[-75.138213000210854,40.062659000205798],[-75.138932000086157,40.063071000035883],[-75.139076000026193,40.063154000038864],[-75.139312999852663,40.063290000197981],[-75.139352000210735,40.06331300019297],[-75.1393649997312,40.063319999741537],[-75.139426999655484,40.063357999831929],[-75.140579000074155,40.064056000218969],[-75.140708999770496,40.064132999873948],[-75.140851000060707,40.064212999700075],[-75.140897000091471,40.064239000328051],[-75.141189999994438,40.064405000137],[-75.141850000318513,40.064778000137423],[-75.141876000257781,40.064792999926993],[-75.143056000265531,40.065457999883265],[-75.143117000364896,40.065492999954429],[-75.144066000393991,40.066049999845376],[-75.14409599963291,40.066066999930896],[-75.144546999719608,40.066322000016903],[-75.144857000239313,40.066502999663207],[-75.145186999952216,40.066691999684586],[-75.145452000266076,40.066842000092166],[-75.14547700038041,40.066855999838346],[-75.146683000327471,40.06754700033337],[-75.147644000052111,40.06809599992625],[-75.148331000140359,40.068485000257823],[-75.149573999897314,40.069186999954631],[-75.150002000417814,40.069423999878616],[-75.150718999744981,40.069828000243916],[-75.15159599980403,40.07032799998494],[-75.151886000232267,40.070488000116804],[-75.152184999982993,40.070656000263178],[-75.152755999720313,40.070980000160972],[-75.153333000203716,40.071309000260193],[-75.154076000368462,40.071732000213053],[-75.154693999961424,40.072083999900315],[-75.155833999786239,40.072732999881957],[-75.158417000282839,40.074168999943481],[-75.160429000143807,40.075300999692949],[-75.161285000286469,40.07576399993421],[-75.161957000306117,40.076129999993533],[-75.163399000254685,40.076950000047411],[-75.164970000074703,40.077869000276657],[-75.167641000434855,40.079479000205559],[-75.168243000134296,40.079833999975065],[-75.169914000411723,40.08081800031745],[-75.171347999964397,40.081663999753943],[-75.171600999684387,40.081813000123425],[-75.171660999958846,40.081848000038391],[-75.171717000035343,40.081879999768127],[-75.171906000181224,40.081987000151379],[-75.172950999571455,40.082581000191013],[-75.173591999628968,40.08295799978989],[-75.174155999693568,40.083294000002958],[-75.17478199968248,40.083664000258324],[-75.175072000110688,40.083835000285752],[-75.175330999678465,40.083988000127093],[-75.175873000001758,40.084308999768339],[-75.176170000102687,40.084489999725214],[-75.176437999891291,40.084649000247175],[-75.176481000447311,40.084607000288038],[-75.17769599971686,40.08337800014074],[-75.178222999971553,40.082854999723885],[-75.178710999868173,40.082366999748757],[-75.179213999833422,40.081866999729371],[-75.179756000156715,40.081333000063644],[-75.180018999922467,40.081075000300018],[-75.180275000015499,40.080829999798006],[-75.180582999987067,40.080529999778058],[-75.180792000224443,40.080324999783208],[-75.180901000004383,40.080219000304879],[-75.181472999566608,40.079670000139203],[-75.181819000071329,40.079329000133953],[-75.182053000423039,40.07910199990117],[-75.182616999589357,40.078552000247655],[-75.182897999796751,40.078275999677281],[-75.183112999881899,40.078063999674946],[-75.183399000112175,40.077788999991853],[-75.184952000388833,40.076236999789501],[-75.185036000054438,40.076152999777577],[-75.185379000186089,40.075820999960087],[-75.185836999945508,40.075377999697452],[-75.185987999558236,40.075229999834889],[-75.186096000411581,40.075122999831443],[-75.187064999633833,40.07417699992029],[-75.188460999551651,40.072749999674407],[-75.188750000154968,40.072907999928404],[-75.1888659996076,40.072971000027557],[-75.189202999891506,40.073173999797746],[-75.190830999612928,40.074114000249381],[-75.191740000357342,40.074652000123827],[-75.194991999602223,40.076496000147898],[-75.195938000156573,40.077033999763607],[-75.196419000380516,40.077304999941902],[-75.197601000038105,40.077990999722374],[-75.197720999688698,40.078061000026807],[-75.198334000157104,40.07841500020897],[-75.198492000340849,40.078507000335577],[-75.200377999805127,40.079589999908315],[-75.200927999626032,40.079899000022799],[-75.202651999606928,40.080894000199358],[-75.204147000157278,40.081741000123976],[-75.204716000244758,40.082070999839864],[-75.204865000207676,40.082157000215332],[-75.206322000224873,40.082992999803579],[-75.206711000387301,40.083213999906256],[-75.207648999647404,40.083667999689048],[-75.207840000341434,40.083778000095208],[-75.208411999903646,40.08417499969535],[-75.20873999996671,40.084435000119612],[-75.209396000092823,40.084926999748866],[-75.209770000186637,40.085133000328412],[-75.210387999779613,40.085391999838947],[-75.210448999878977,40.085418999946121],[-75.211455999634381,40.085883000115075],[-75.211525000129669,40.085915000010168],[-75.211720000123336,40.086012000287496],[-75.211868000261347,40.086085999881782],[-75.211927999637481,40.086006000316836],[-75.212007000178531,40.085967999803273],[-75.212110999935589,40.085961999828797],[-75.212193999776261,40.085970999790312],[-75.212375000424544,40.085994999682057],[-75.212469999960788,40.086065999999384],[-75.213198000056934,40.086864999664996],[-75.213301999814007,40.086962999944298],[-75.21338800002772,40.087041999779196],[-75.213569999602612,40.087154000188384],[-75.214347999927469,40.087604999897337],[-75.215172000283076,40.088074000110069],[-75.216696000247424,40.088954999796307],[-75.216781999562841,40.089005000118341],[-75.216798000354672,40.089015000315804],[-75.217964000118727,40.089683999948519],[-75.218000999928663,40.089705000083235],[-75.219649999566471,40.090653999835475],[-75.22005600034565,40.090889000111964],[-75.220233999722566,40.090989999861584],[-75.220304999867693,40.091030000163279],[-75.221222000109705,40.091556999967104],[-75.221572999738996,40.091754999752958],[-75.222419999660801,40.092232000151689],[-75.223609999714313,40.092906999826752],[-75.225182000257561,40.091346999918812],[-75.227707000129527,40.088818000072727],[-75.227775999726489,40.088744999966941],[-75.227829000328256,40.088696000096803],[-75.227882000031698,40.088641999722185],[-75.228277000041913,40.088250999829654],[-75.228689999595474,40.087838999736256],[-75.228974000175924,40.087555999893837],[-75.229061000214557,40.087469000179404],[-75.229580999898232,40.086953000132652],[-75.229611999860381,40.086922000019946],[-75.229771999693938,40.086758000075569],[-75.230499999790084,40.086022000237364],[-75.23092900013549,40.085627999726384],[-75.231720999805717,40.084852000257158],[-75.231851000400383,40.084725999990461],[-75.232596000214969,40.083997999686957],[-75.232908000384498,40.083665000287844],[-75.232951999867126,40.083618000258014],[-75.234455999739978,40.082138999969899],[-75.2357670001673,40.080851999985732],[-75.238087999824771,40.078572000275393],[-75.23819699960471,40.078463999918284],[-75.239349000023395,40.077308999746229],[-75.239631999880601,40.077034999890557],[-75.239984000233108,40.07671599989883],[-75.240120999602141,40.076591999964144],[-75.240381999718053,40.076335999695132],[-75.240657999902581,40.076039999688071],[-75.240868999789768,40.075829999887496],[-75.240941999584692,40.075757999747864],[-75.241277000218773,40.075446000325321],[-75.243133000444132,40.073627999847048],[-75.243213999736682,40.073557999797558],[-75.243288000254836,40.07349400006251],[-75.24345800013414,40.073334000118095],[-75.245856999609416,40.071127000109186],[-75.252208999559826,40.065277999822491],[-75.254342999619553,40.06331300019297],[-75.254356000038342,40.063179999695961],[-75.254423999810413,40.063094000104812],[-75.254885999767765,40.062645000284633],[-75.255885999850477,40.061673000098494],[-75.256422000325998,40.061200000166949],[-75.256558999695031,40.061158000182893],[-75.25668300044191,40.061162999920441],[-75.256706999833028,40.061141999920224],[-75.260550999629928,40.057602999731522],[-75.263240000431736,40.055128000180886],[-75.263499999824433,40.054888000048358],[-75.263519000090994,40.054870999923821],[-75.263596000083879,40.05480999980611],[-75.263811000169056,40.054602000098917],[-75.263859999674537,40.054557000177901],[-75.264431000310154,40.05409400018177],[-75.262677000192042,40.0523039998413],[-75.261097000151196,40.050670999675951],[-75.259620999867437,40.049238000299901],[-75.257655000037218,40.047611000173703],[-75.255893000421466,40.046496999698157],[-75.255098000378183,40.04612200024151],[-75.254678000253634,40.045923999800841],[-75.254318000403515,40.045754999973482],[-75.254226000342001,40.04568899976438],[-75.252882000302719,40.044732999781097],[-75.251360999813087,40.043554000131415],[-75.251298000063926,40.043505000067469],[-75.251221999895932,40.043446999890172],[-75.250985999894368,40.043262999712468],[-75.250333999966216,40.04278899997243],[-75.249348999952105,40.042072999923001],[-75.249180999722626,40.041951000108028],[-75.249039000330711,40.041847999925217],[-75.24791899969911,40.04076200008619],[-75.247322000022535,40.040095999850756],[-75.246999999807258,40.039738000036913],[-75.246674000292316,40.039167999712681],[-75.246169999603865,40.038289999741423],[-75.24590299964018,40.037996000202767],[-75.245598000041639,40.037654999975864],[-75.24523999984136,40.037362999805872],[-75.245048000220734,40.037267999754249],[-75.244931999869792,40.03721699993978],[-75.244412000186102,40.03700300003284],[-75.244218000017341,40.036915999705073],[-75.24410500003944,40.036861000199572],[-75.24366200034865,40.036633000100622],[-75.243258000117606,40.036420999807362],[-75.24297000023752,40.036262000186554],[-75.24268800020522,40.036095999914387],[-75.242413999670518,40.035923000315293],[-75.24218000021709,40.035764000221171],[-75.241986999873248,40.03562199987136],[-75.241801999925329,40.035473000256772],[-75.241656000335453,40.035345000018687],[-75.241519999893029,40.035211999962755],[-75.241416999960862,40.035101000167444],[-75.241294999762118,40.034957999755832],[-75.241201999875685,40.034840999883819],[-75.240859999568926,40.034399000084449],[-75.240765999857601,40.034283000007996],[-75.240667999948315,40.034168999871063],[-75.240565000016147,40.034057999753728],[-75.240484999650207,40.033978000294539],[-75.240400000159724,40.033899000126077],[-75.240282999983862,40.033798000308458],[-75.240097000211009,40.033651999688082],[-75.239870000430287,40.03348900017609],[-75.239703000025713,40.033375000087588],[-75.239231000022613,40.033060999679101],[-75.238395999796353,40.032495000316345],[-75.237978000219911,40.032203000062552],[-75.23767400044629,40.032003000269746],[-75.237364999751492,40.031799000165783],[-75.236588000149879,40.031290000098451],[-75.236208000208265,40.03105399972155],[-75.235300000187081,40.030504000104443],[-75.23505900016265,40.030353000065134],[-75.234765000434777,40.030162000119724],[-75.234460999762845,40.029948000085703],[-75.23433400043956,40.029853000022619],[-75.234179999555451,40.02973000022218],[-75.234090000042073,40.0296499998135],[-75.234030999592534,40.029603999793977],[-75.233884000177753,40.029476000234368],[-75.233070999692799,40.028749999928536],[-75.232919000255151,40.028626000053066],[-75.232762999721245,40.028505999870205],[-75.232601000237835,40.028390000088955],[-75.232401000221287,40.028253999762121],[-75.232224999595886,40.028141000022721],[-75.232042000196088,40.028037000145872],[-75.23198699994451,40.027994999674469],[-75.231702000437465,40.02783100023921],[-75.231177999657504,40.027549999724087],[-75.231026000219885,40.027488999922014],[-75.230924000112608,40.027425000251434],[-75.230745000012476,40.027311999826708],[-75.229677999982613,40.026793000280676],[-75.228248999554509,40.026081000178628],[-75.228217999592374,40.026066000123592],[-75.228179999957533,40.026047000003274],[-75.228148999995398,40.026030999753061],[-75.228004000230442,40.025963000023509],[-75.227952000351905,40.025934000047464],[-75.226651999795223,40.025266999946659],[-75.226512999878068,40.025196999743613],[-75.226307999838639,40.025091999992235],[-75.225190999580079,40.024459000209781],[-75.223945000348394,40.02380899975379],[-75.223694000278229,40.023712000328409],[-75.2230170002357,40.023226999756922],[-75.22215299969713,40.0226139998124],[-75.221893000304448,40.02252999973323],[-75.221715000029192,40.02247200028971],[-75.221576000112037,40.022449999823699],[-75.221444999692466,40.022425000004731],[-75.221190000322665,40.022363999747562],[-75.22059199992286,40.022227999789905],[-75.220422000043555,40.022185999869571],[-75.220254999638968,40.022140000320263],[-75.220130999790399,40.022103999754066],[-75.220008999591684,40.022064999807149],[-75.219888999941077,40.022022000227956],[-75.219810000298352,40.021991999705541],[-75.219616999954511,40.021908000236415],[-75.21950300015169,40.021853999884321],[-75.219396999846481,40.021798999927597],[-75.219247000058658,40.021715999783986],[-75.21907999965407,40.021616000065237],[-75.218888000033459,40.021492999859383],[-75.218468999733801,40.021207999721533],[-75.218191999724382,40.021011999693847],[-75.218056000180241,40.020943000202941],[-75.217815999980729,40.020737999778376],[-75.216276000122861,40.019564000142068],[-75.21600599978612,40.019334999724521],[-75.215862999670989,40.019207000159653],[-75.215749999693074,40.019100000242418],[-75.215614999973866,40.018965000261808],[-75.215482999729389,40.018828000115377],[-75.215328999743591,40.018662000066577],[-75.215055000107213,40.018351999863995],[-75.214630999784688,40.017835000192598],[-75.214029999910139,40.0171519997619],[-75.213637000448088,40.016718000075166],[-75.213489000310076,40.016585000162358],[-75.213461999647578,40.016560999897031],[-75.212218999890609,40.015460999889733],[-75.210007000013107,40.01410699993562],[-75.208648999730116,40.013439000116534],[-75.208007999672617,40.012996999931616],[-75.207728000188439,40.012804999862368],[-75.207627999731017,40.012736000329049],[-75.207599000317018,40.012719000014528],[-75.206405000065558,40.012001999689502],[-75.206286000239857,40.011923000215937],[-75.206138000101859,40.011825000010376],[-75.206071000154708,40.011782999879181],[-75.205978000268288,40.011723000138396],[-75.206558000226423,40.011251999825078],[-75.206985999848598,40.010977000218048],[-75.207099999651405,40.010886999868298],[-75.207156999552822,40.010800999667921],[-75.207237999743683,40.010685999782602],[-75.207278999751551,40.01058700013899],[-75.207281000299687,40.010544999934055],[-75.207375999835946,40.010479999778923],[-75.207524999798849,40.010377999961094],[-75.207673999761766,40.010286000048694],[-75.208010000220753,40.010077000325218],[-75.20822100010794,40.009946999749779],[-75.208400000208087,40.009836000126285],[-75.209239999558889,40.009370999704402],[-75.210618999758296,40.008651999791688],[-75.210770000269349,40.00858300018843],[-75.211547999695895,40.008213000228672],[-75.211665999696663,40.008155000313465],[-75.213745000403108,40.007159999670215],[-75.215804999944666,40.006229000007679],[-75.216016999656773,40.006133999946094],[-75.218360999778753,40.005069999720135],[-75.218732000397836,40.00488800022076],[-75.219231000165124,40.004641999838917],[-75.220664999717798,40.003944000083656],[-75.223618000110235,40.002582999837664],[-75.226402000448303,40.001255000282391],[-75.227051000003399,40.000937999703282],[-75.227461999907135,40.000746000121737],[-75.227759999832969,40.000598999776102],[-75.2283749999512,40.000317000095023],[-75.228738000174374,40.00014399991192],[-75.228881000289505,40.000079000175333],[-75.229452999851716,39.999811000163334],[-75.230441000238855,39.999343999801376],[-75.230895999625218,39.999130000140646],[-75.232056000439812,39.998588999676507],[-75.232124000211854,39.998562000258481],[-75.232147999603001,39.998550999957288],[-75.233214999632835,39.998058000216105],[-75.234151999966372,39.997611999869882],[-75.234183999753412,39.997596999750556],[-75.23430199975418,39.997541000285125],[-75.23441300008227,39.997487999839386],[-75.235297999638931,39.997069999842545],[-75.236120000344727,39.996689000198003],[-75.237331000314626,39.996128000222654],[-75.237343000010199,39.996122999845191],[-75.237996999588177,39.995817000271195],[-75.238976999579393,39.995357999715836],[-75.239005000066797,39.995343999738871],[-75.240785000124177,39.9945099997677],[-75.241649999589356,39.994104999702508],[-75.243816000334448,39.993085999814632],[-75.243908000395948,39.993042999871342],[-75.245689000278233,39.992191000102792],[-75.247948000011419,39.991138000202987],[-75.249214000232911,39.990547000162564],[-75.249768000251777,39.990290000164926],[-75.250000000055365,39.990180000266726],[-75.250129999751707,39.990116000019249],[-75.250335999616041,39.990017000141961],[-75.250785999877849,39.989803000160286],[-75.251437999806001,39.989504000044008],[-75.251545999761021,39.989453999662061],[-75.251600000187707,39.989429000145584],[-75.253998999662954,39.988304000046952],[-75.255675999788195,39.987498999946979],[-75.256119000377296,39.987301000034336],[-75.256286999708465,39.987190000072111],[-75.256874000237616,39.986771000294546],[-75.256950000405595,39.986709999833359],[-75.258544999616731,39.985526999830583],[-75.258705000348627,39.985428000185536],[-75.25884199971766,39.985348000152023],[-75.259283999583531,39.985073000139678],[-75.259476000102481,39.984954999977745],[-75.260688999722191,39.984295000073679],[-75.260779999958785,39.98424100024986],[-75.262512000335605,39.983280000262432],[-75.26279400036789,39.983123999714046],[-75.262945999805567,39.983044999865271],[-75.263687000320502,39.982658000331867],[-75.264350999944199,39.982371999662988],[-75.264386000104295,39.982356000187124],[-75.264747999604239,39.982192999978231],[-75.265510999860481,39.981856999680488],[-75.265566000112074,39.981832000137182],[-75.2662509996522,39.981524999713635],[-75.267249999909978,39.981079000163085],[-75.26739800004799,39.981014000178476],[-75.267972999983257,39.980757000110195],[-75.269256999748094,39.980185999729059],[-75.271308999792041,39.979275000137257],[-75.271529999724976,39.979175999693311],[-75.272255000346391,39.978854999812071],[-75.273026000100231,39.978512000316115],[-75.273154000146747,39.978455000150809],[-75.273551999631707,39.978278999750827],[-75.275284000008497,39.97751199966968],[-75.275468000131525,39.977429000058343],[-75.275870999639338,39.977245000120988],[-75.276130999930331,39.977127000207183],[-75.276481999559607,39.976959000200019],[-75.277669000138374,39.976311999678515],[-75.278186000347333,39.97604100002107],[-75.278937999834611,39.975654000057048],[-75.279137000026239,39.975551999845663],[-75.279510000295133,39.97534899989666],[-75.280265999980372,39.974963999951242]]]},"properties":{"NAME":"Philadelphia County","STATE":"42","COUNTY":"101","GEOID":"42101"}},{"type":"Feature","geometry":{"type":"Polygon","coordinates":[[[-75.316530999678378,39.850012000266553],[-75.316365999821912,39.85001600028658],[-75.314707999963289,39.8500529997713],[-75.314692000069755,39.8500529997713],[-75.312131000212773,39.850111000004475],[-75.310834000029161,39.850185000230887],[-75.310543999600924,39.850155000148717],[-75.310254000071026,39.850132000076847],[-75.30996399964279,39.850178000212885],[-75.309674000112878,39.850178000212885],[-75.309383999684655,39.850139000099539],[-75.309094000154758,39.850108999997261],[-75.308803999726521,39.850062999814973],[-75.30851400019661,39.849996000184035],[-75.308223999768373,39.849965000013519],[-75.307934000238461,39.849941999877991],[-75.307643999810253,39.849911999689667],[-75.307354000280341,39.849889000226],[-75.307064999677024,39.849858000007217],[-75.306775000147113,39.849834999835821],[-75.306499999787505,39.84981199965673],[-75.306195000188964,39.849827999782136],[-75.305919999829356,39.84981199965673],[-75.305630000299445,39.849790000167907],[-75.305339999871222,39.849766999973738],[-75.305066000234831,39.84974399977186],[-75.304775999806608,39.849666999729628],[-75.304486000276697,39.849698000034657],[-75.304210999917089,39.849613999865312],[-75.303906000318548,39.849637000110746],[-75.303615999890326,39.849560999960083],[-75.303326000360428,39.849537999689183],[-75.303035999932192,39.849515000100254],[-75.30274600040228,39.849483999712582],[-75.302455999974043,39.849461000105514],[-75.302167000269051,39.849430999706982],[-75.301876999840815,39.849408000082164],[-75.301571000417397,39.849377999660469],[-75.30128199981408,39.849355000017937],[-75.300992000284168,39.849324000247641],[-75.300701999855931,39.849300999897331],[-75.300412000326034,39.849278000228999],[-75.300121999897812,39.849247999750446],[-75.300024999813417,39.849259999943449],[-75.299817000299271,39.849285999664737],[-75.299526999871048,39.849278000228999],[-75.299237000341137,39.849262999991389],[-75.298946999912914,39.849254999863284],[-75.298657000382988,39.849233000195959],[-75.29836699995478,39.849209999815159],[-75.298077000424868,39.84917899997938],[-75.297786000171726,39.849141000005908],[-75.297495999743489,39.84905699984462],[-75.297206000213592,39.849034000094534],[-75.296915999785369,39.849004000199031],[-75.296627000080377,39.848980999741528],[-75.296336999652141,39.848949999802386],[-75.296047000122229,39.848935000182728],[-75.295741999625378,39.848919999870127],[-75.29545200009548,39.848897000074139],[-75.295161999667258,39.848881999753281],[-75.294872000137332,39.848866000097068],[-75.294581999709109,39.848850999769382],[-75.294292000179198,39.848827999950281],[-75.294001999750975,39.848813000304027],[-75.293712000221049,39.848797999964752],[-75.293375999762077,39.848782000288971],[-75.293132000262915,39.848782000288971],[-75.292857999728213,39.848782000288971],[-75.292583000266916,39.848782000288971],[-75.292018000377396,39.848813000304027],[-75.291727999949188,39.848805000123484],[-75.291439000244168,39.848805000123484],[-75.29114899981596,39.848805000123484],[-75.290843000392499,39.848813000304027],[-75.290553999789196,39.848820999793908],[-75.290248000365764,39.848836000128152],[-75.289942999868913,39.848911999702096],[-75.289638000270401,39.84892700001641],[-75.289347999842164,39.848905000243967],[-75.289058000312252,39.848850999769382],[-75.288212000215324,39.848846999681463],[-75.287273000232005,39.848844000305029],[-75.286906999635775,39.848843000282997],[-75.286037000147743,39.848911999702096],[-75.285761999788136,39.84892700001641],[-75.285488000151744,39.848935000182728],[-75.285227999860751,39.848942999658448],[-75.284969000292975,39.848949999802386],[-75.284709000001982,39.848966000128641],[-75.284464999604495,39.849018999803619],[-75.284206000036747,39.849018999803619],[-75.283930999677125,39.848973000270234],[-75.283641000147213,39.848973000270234],[-75.283350999718976,39.848973000270234],[-75.283015999983235,39.848987999881579],[-75.282711000384694,39.848996000040756],[-75.282420000131566,39.848996000040756],[-75.282179000107149,39.849008000277813],[-75.282113999809809,39.849010000317108],[-75.280000999666498,39.849032000055942],[-75.279694000418147,39.849034000094534],[-75.279402000340085,39.849114000211564],[-75.279110000262051,39.849141000005908],[-75.278819000008909,39.8491289997921],[-75.278542999824396,39.849124999720388],[-75.278253000294484,39.849052999768709],[-75.277962000041356,39.84905499980669],[-75.277670999788199,39.849050999730665],[-75.277380000433382,39.849047000344036],[-75.277090000005145,39.849042000248346],[-75.276798999752017,39.849038000171568],[-75.2765080003972,39.849033000075231],[-75.276217000144072,39.849037000152357],[-75.275925000066024,39.849047999673466],[-75.275634999637788,39.848998000080449],[-75.275344000282971,39.848986999861602],[-75.275053000029814,39.848981999761598],[-75.274761999776686,39.84897799968126],[-75.274454999630024,39.848987999881579],[-75.274164000275192,39.849020999842594],[-75.273872000197144,39.849047999673466],[-75.273580000119097,39.849096999901406],[-75.273288999865954,39.849099999956415],[-75.272997999612826,39.849095999883005],[-75.27272300015153,39.849083999661339],[-75.272431999898402,39.84907900025803],[-75.272201999744624,39.849076000202103],[-75.272140999645259,39.84908999977246],[-75.271863999635812,39.84913199984576],[-75.271603000418224,39.849181000013694],[-75.271358000195832,39.849224000047876],[-75.271112000148548,39.849274000165963],[-75.27089600023848,39.849370000235439],[-75.270635000122567,39.849413000151181],[-75.270343999869439,39.849415000178674],[-75.268070000067638,39.849830999805242],[-75.257146000224182,39.851828999860146],[-75.256762000084606,39.851934000288352],[-75.255951000147803,39.85215700032343],[-75.254398999696036,39.852439999909357],[-75.25007700004825,39.853227999760989],[-75.246148999687463,39.853981999955437],[-75.245844999913857,39.85405600014645],[-75.244157999742882,39.854442000333947],[-75.243436000392848,39.85461400022924],[-75.241904000032577,39.854978000142118],[-75.239723000117181,39.855474000136546],[-75.23810000041864,39.855901000084309],[-75.236535000446423,39.856281999981668],[-75.235027000375609,39.85665599978573],[-75.234717999680811,39.85673199966643],[-75.234055999706882,39.856945000244515],[-75.232848999934959,39.857281000278725],[-75.231770000209536,39.857608000308723],[-75.230627000011708,39.857966000178699],[-75.229825000295705,39.85819300015735],[-75.229477000141159,39.858291999818725],[-75.228634000417301,39.858560000038189],[-75.226245000089449,39.859540999926786],[-75.222936000044868,39.860899999800331],[-75.221371000072622,39.861543000083991],[-75.211463000205399,39.867004000255577],[-75.211975000391476,39.867464000224089],[-75.216039000296391,39.871114999749885],[-75.21602199967964,39.871358000285838],[-75.216015000006948,39.871468000321968],[-75.215800999746705,39.874828000046108],[-75.21578700040132,39.875051999782656],[-75.215727000126861,39.876017999745251],[-75.21572200010398,39.876087000108299],[-75.215900000379222,39.876059000259055],[-75.216045999969069,39.876024000259129],[-75.216203000327923,39.875991000183753],[-75.216348000092893,39.875956999776093],[-75.216369999834185,39.875952000262203],[-75.216702000095211,39.875876000298277],[-75.216844000385422,39.87584300015169],[-75.217013000439835,39.875806999722933],[-75.217514999681839,39.875744999936074],[-75.217701000353017,39.875720000217427],[-75.217857999813518,39.875701000342445],[-75.218034000438934,39.875683000093161],[-75.218319999770884,39.875677999869893],[-75.218823999561025,39.875672000015093],[-75.218884999660403,39.875673000335659],[-75.21892099964542,39.875668999742821],[-75.219241000210872,39.875591000200735],[-75.219445000425367,39.87554299990812],[-75.219620000327566,39.875501999775196],[-75.21964799991666,39.875490999668095],[-75.219703000168224,39.875476000333961],[-75.219734999955278,39.875473000053113],[-75.219770000115389,39.875478999925313],[-75.220864999734331,39.875570000335337],[-75.221041000359747,39.875585999970752],[-75.221228999782397,39.87560200029175],[-75.221274999813147,39.875606000199085],[-75.222080999727112,39.87567399996675],[-75.222696999670248,39.875729999968129],[-75.222869000097688,39.875750000154461],[-75.223064999916289,39.875774000232553],[-75.223151999954922,39.875783999975333],[-75.223762999875191,39.875858000094972],[-75.224653000353044,39.876022999943736],[-75.224856999669228,39.876059999884568],[-75.225028000271763,39.87609299992674],[-75.22595100036159,39.876266000326865],[-75.226844000314159,39.876401999864775],[-75.226890000344923,39.876403999795151],[-75.227118999775456,39.876436000051825],[-75.228470000385769,39.876631000129834],[-75.228723999930665,39.876667000126062],[-75.228904999680637,39.876692000188918],[-75.229985000129275,39.87684699982362],[-75.230474999675735,39.876889000144665],[-75.230643999730134,39.876901000330143],[-75.230771999776664,39.876912000211099],[-75.230806000111855,39.876914999739647],[-75.230846000294804,39.876919000259754],[-75.230996000082641,39.876932999665534],[-75.231054999633869,39.876937999797356],[-75.231869999768634,39.877010000137957],[-75.231929000218187,39.877015999875645],[-75.232309999984707,39.877056000181888],[-75.232549000359299,39.877081999713567],[-75.232657000314333,39.877093000254824],[-75.232813999774848,39.87711100013405],[-75.232991000225184,39.877127999709266],[-75.233270999709362,39.87715399990298],[-75.233956000147771,39.87717699988054],[-75.234018000072069,39.877178999788313],[-75.234121999829128,39.877180999695966],[-75.23430199975418,39.877136000035051],[-75.234480000029421,39.877093999865274],[-75.234651999558551,39.877052999970168],[-75.234684000243917,39.877045000324095],[-75.235024000002554,39.876964000063104],[-75.235537000013551,39.876751000273494],[-75.235794999756408,39.876579000025387],[-75.23592799982579,39.876488000264708],[-75.235966000358943,39.876461000198887],[-75.23605000002452,39.876403999795151],[-75.236369999691675,39.876186999771882],[-75.236640000028402,39.875735999817799],[-75.236712999823325,39.875614000013066],[-75.236773999922704,39.875475000010574],[-75.236784999793358,39.875446000277066],[-75.236932000106449,39.875116000163914],[-75.237500000369025,39.875080000042971],[-75.237589999882402,39.874982000115935],[-75.237536000354041,39.874911000046112],[-75.237500000369025,39.874866999917444],[-75.237459000361156,39.874804000326442],[-75.238109999566078,39.874593000016318],[-75.238246000008516,39.874446000063593],[-75.23832499965124,39.874361999850663],[-75.238375999704843,39.874300999787501],[-75.238687999874401,39.873958999671729],[-75.238991999648007,39.87383599980582],[-75.239170999748154,39.87360899987209],[-75.239260000334923,39.873490000098656],[-75.239348000198476,39.873371999783451],[-75.239404000274973,39.873299000094434],[-75.240098000035914,39.873029999861465],[-75.240104999708606,39.872857999933558],[-75.240101000408956,39.872731000086787],[-75.240099999685754,39.872629000169866],[-75.240101000408956,39.872597000205197],[-75.240469999581592,39.872381000225751],[-75.240898000102078,39.872400000331041],[-75.240936999561839,39.872405000103853],[-75.241088000072892,39.872437999836343],[-75.241216000119408,39.872465999784964],[-75.241370999930112,39.872501000221732],[-75.241418999610673,39.872510999752258],[-75.241555000053125,39.87254000003729],[-75.241745999848817,39.872584999956096],[-75.242217999851931,39.872777000243033],[-75.242289999821949,39.872807999761392],[-75.242567999656302,39.872954999777576],[-75.242694000052992,39.873021000076349],[-75.242729000213103,39.873039000334828],[-75.24662599971343,39.875013000016509],[-75.246733999668464,39.875068000228225],[-75.246776000399578,39.875103000026655],[-75.246824000080167,39.875141999741565],[-75.247531000259912,39.875733999867947],[-75.248097999799256,39.876208000137716],[-75.248300000363926,39.876376999696205],[-75.248404000120999,39.876463999747109],[-75.248430999885187,39.876485000028126],[-75.249644000403222,39.876310999869233],[-75.250302000179147,39.876217000194046],[-75.251301000436953,39.8760740001551],[-75.251750999800436,39.876008999662794],[-75.252257000138727,39.875937000339484],[-75.252724999943865,39.87596500023848],[-75.252900999670956,39.875974999953463],[-75.252934000181256,39.875976999896281],[-75.253017000021913,39.875982999724343],[-75.253217000038475,39.875995999694801],[-75.253456000413067,39.876011000293978],[-75.253514999964295,39.876015000177468],[-75.253664999752118,39.876022999943736],[-75.253736999722136,39.876026999826514],[-75.25398600014249,39.876041999729502],[-75.254290999741016,39.876061000199428],[-75.254652000314351,39.876083000229023],[-75.255084000134488,39.876109000129517],[-75.255434999763779,39.876129999829871],[-75.256126999874894,39.876171999900599],[-75.257146000224182,39.876233999990866],[-75.257409999814811,39.876250000160731],[-75.257718999611299,39.876268999883621],[-75.257851999680696,39.876277000309663],[-75.258570999555999,39.876321000223165],[-75.259015999794926,39.876348000344102],[-75.259272999712877,39.876363000176944],[-75.259722999974684,39.876390999902021],[-75.259854000394256,39.876399000313839],[-75.259898999701775,39.876401999864775],[-75.261245000289193,39.876483999719454],[-75.261508999879851,39.876499000211901],[-75.261651000170062,39.876508000230046],[-75.262220000257543,39.876541999675148],[-75.262476000350588,39.876557999773155],[-75.262528000229125,39.876561000006539],[-75.262539000099778,39.876577999718087],[-75.26255900019126,39.876615000048908],[-75.26265499955241,39.876785999902459],[-75.263467000212458,39.878225999680005],[-75.264832000168141,39.880647000288405],[-75.265002999872365,39.88098300006267],[-75.265078000215453,39.88146199970091],[-75.265111999652305,39.881656999963909],[-75.264562999656306,39.882123000223451],[-75.264335999875598,39.88225800032972],[-75.263082000247991,39.882356000199543],[-75.262262999915251,39.882571999783821],[-75.26194599972284,39.882888999824509],[-75.261886000346706,39.883068999734569],[-75.261964999989416,39.883240000038619],[-75.262432999794569,39.883633999676128],[-75.26418400043795,39.884163000298351],[-75.264407999845616,39.884319999979049],[-75.264490999686288,39.884543999730944],[-75.264602000014364,39.884736999813427],[-75.264448000028594,39.884857999745222],[-75.264227000095659,39.885002000263086],[-75.263153000393103,39.885301000305304],[-75.262729999895498,39.885553999905802],[-75.262616999917583,39.885805000295179],[-75.262683000039814,39.886026000201305],[-75.262804000413652,39.886083000189402],[-75.262820000307173,39.886083999668799],[-75.26284000039864,39.886134999980051],[-75.262960000049247,39.886181000106539],[-75.263806999971067,39.886165999664115],[-75.264088000178475,39.886093999976104],[-75.264385000279404,39.886161999683416],[-75.264549000310922,39.886226000035656],[-75.26471900019024,39.88635600020099],[-75.264817000099526,39.886431000104714],[-75.264868999978063,39.886522999929731],[-75.264950999993829,39.886654999852595],[-75.26500100022254,39.886734000066049],[-75.265055999575821,39.886818999757807],[-75.265111999652305,39.886942999930064],[-75.265123000421283,39.886967000226541],[-75.265152999660202,39.887141999693199],[-75.265146999812416,39.887317000091734],[-75.26511300037555,39.887523999950965],[-75.265084000063226,39.88757800032095],[-75.265010000443382,39.88770599970043],[-75.264916999658638,39.887873000276365],[-75.264878000198905,39.887926999682101],[-75.264742999581358,39.888068000227598],[-75.264612999885031,39.888204999932299],[-75.264463000097209,39.888319999820183],[-75.264275999601139,39.888400999763313],[-75.26401200001051,39.88845699971057],[-75.263740000023915,39.888472999785563],[-75.263390000219573,39.888449000016308],[-75.262990000186491,39.888400999763313],[-75.262692000260643,39.8883430001882],[-75.262484999673092,39.888405999748159],[-75.262305999572959,39.888537000048203],[-75.262211999861634,39.888691999790495],[-75.262144999914483,39.888904999709588],[-75.262108000104547,39.889140999756414],[-75.262092000211027,39.889354999779883],[-75.262097000233894,39.889663999923322],[-75.262110999579292,39.889895999662073],[-75.262134999868721,39.890093000282555],[-75.262119999800106,39.890266999932848],[-75.262112000302508,39.890465000281125],[-75.262045000355357,39.890687999842363],[-75.261891000369573,39.891298999856161],[-75.261865000430305,39.891444000031051],[-75.261800000132979,39.891617999698283],[-75.261743000231561,39.891774000141417],[-75.26161299963691,39.891883999825154],[-75.261512000252893,39.891938000206792],[-75.261320999558862,39.891983999885703],[-75.26110700019693,39.892075999840131],[-75.260738000125997,39.892174000150206],[-75.260147000297195,39.89229600012947],[-75.259934999686791,39.89232500031855],[-75.259750999563778,39.892349000109292],[-75.259547000247579,39.892351000263744],[-75.259353999903738,39.8923969996655],[-75.259112000054401,39.892435999883268],[-75.258962000266578,39.89252200016135],[-75.258782000341512,39.892665999744189],[-75.258570999555999,39.892801999838284],[-75.258389999806028,39.892978000329741],[-75.258214000078937,39.893159000007429],[-75.258023000283231,39.893358999708518],[-75.257830999764309,39.893561999693993],[-75.257670999930724,39.893726999673802],[-75.257434000104269,39.894002999729572],[-75.256907999674482,39.894537999873748],[-75.256741000168219,39.894725999865564],[-75.256661999627198,39.894848000126878],[-75.256659000152439,39.894933000095833],[-75.256707999657948,39.895029999728941],[-75.256788999848794,39.895189000095307],[-75.256967000124035,39.895355999671104],[-75.25712299975963,39.895461000339232],[-75.257271999722562,39.895559999975092],[-75.257388999898424,39.895704000067362],[-75.257362000134236,39.895843999752095],[-75.257281999768296,39.895983999840006],[-75.257276999745443,39.895995000105572],[-75.257147000049088,39.896150000213709],[-75.25693399961375,39.896359000315798],[-75.256761000259715,39.896494999973967],[-75.256449999915091,39.896843000100176],[-75.256234999829928,39.897096999841196],[-75.256090000064987,39.897289999731257],[-75.255982000109938,39.897467999730175],[-75.255803999834711,39.897721999911418],[-75.255618000061858,39.897942999992466],[-75.255505999908877,39.898182999903106],[-75.255330000181786,39.898419999696451],[-75.255223999876563,39.898491000233946],[-75.255156000104506,39.89858499969673],[-75.255095000005142,39.89866599991489],[-75.255093000355316,39.898755999891797],[-75.2551069997007,39.898841999820625],[-75.255115000096623,39.898881999798803],[-75.255130999990158,39.898899000178709],[-75.255173999647852,39.898943000047893],[-75.255187999891547,39.89897900004518],[-75.255249999815845,39.899137000230752],[-75.255375000387616,39.89929100014826],[-75.255552999764532,39.899498999657467],[-75.25560999966595,39.899576000286473],[-75.255597000145485,39.899595999719701],[-75.253562999644871,39.901825999839183],[-75.251790000158493,39.903835000081351],[-75.251288000018164,39.904403000161516],[-75.252970999991163,39.905308999904754],[-75.253492000398083,39.905585000174739],[-75.252560000087442,39.906550000073736],[-75.252499999812983,39.906613999994882],[-75.252479999721501,39.906633000261415],[-75.252397999705721,39.90663599986781],[-75.252329999933664,39.906644000195755],[-75.252155999856399,39.906665000190713],[-75.251995000197908,39.90668799991527],[-75.251759000196358,39.906744000081254],[-75.251632999799668,39.906813999707602],[-75.251500999555191,39.906900999724265],[-75.25130700028474,39.907030999955133],[-75.251058999689306,39.907178000332479],[-75.250872000091562,39.907284999832221],[-75.250715999557627,39.907366000102286],[-75.250446000119211,39.907539000145746],[-75.250318999897601,39.907625999930808],[-75.250271000217012,39.907708000339902],[-75.250224000361342,39.907808000050473],[-75.25020500009478,39.90791499994441],[-75.250183000353474,39.908060999955069],[-75.250198000422088,39.908285999834241],[-75.250195999873966,39.908323000279552],[-75.250193000399207,39.908447999978698],[-75.250168000284859,39.908565000036198],[-75.250119999705973,39.908719999963644],[-75.250050000284077,39.908880999934865],[-75.250007999552977,39.909035999836391],[-75.249940999605826,39.909146000065022],[-75.249901000321159,39.909268000149567],[-75.249928999910253,39.909352000318684],[-75.250001999705191,39.909430000038924],[-75.25004500026121,39.909458999868157],[-75.250158000239111,39.909499999676967],[-75.250288999760357,39.909529999992117],[-75.250476000256427,39.909532000334195],[-75.250656000181493,39.909568000280551],[-75.250884999612026,39.909632999963506],[-75.251107000268206,39.909707999892092],[-75.25122899956861,39.909776000289249],[-75.251298000063926,39.90985500003756],[-75.251288000018164,39.909982999846363],[-75.251498000080446,39.910050999970522],[-75.251267999926682,39.910031000143661],[-75.251236999964547,39.910110000287006],[-75.251123000161726,39.910247999847797],[-75.251000999962997,39.910376000300317],[-75.250871000266642,39.910532000076323],[-75.250719999755589,39.910659000188126],[-75.25061500017361,39.910769999686096],[-75.250537000355806,39.910886999912016],[-75.250400999913367,39.911042000097844],[-75.250353000232792,39.911077000135748],[-75.250194000224127,39.91119600013073],[-75.249926000435522,39.911293000170609],[-75.249748000160281,39.911369000148532],[-75.249518000006532,39.911476999790736],[-75.249332000233693,39.911553000253505],[-75.249160999631144,39.911639999764034],[-75.248979999881172,39.911749000151183],[-75.248854000382792,39.911853999816458],[-75.248762000321292,39.911982999814839],[-75.248718999765273,39.912139000065203],[-75.248685000328408,39.91230199984124],[-75.248598000289746,39.912503999739826],[-75.248558000106769,39.912604000028594],[-75.248510000426208,39.912721999657904],[-75.248431999710078,39.91283999977297],[-75.248377000356825,39.912934000221306],[-75.248295000341059,39.913011999996989],[-75.248211999602063,39.913076999856976],[-75.248055999966468,39.913164999961417],[-75.247830999835557,39.913285000234801],[-75.247599999856874,39.913388000072082],[-75.24739999984034,39.913501999965654],[-75.247199999823792,39.913578000248599],[-75.247190999602964,39.913587999989453],[-75.247116000158215,39.913677999658368],[-75.247067999579329,39.913778000300141],[-75.247062999556448,39.913907000120027],[-75.24711699998312,39.914043000089023],[-75.247221999565099,39.914163999961069],[-75.247322999847441,39.914286000065438],[-75.247592000359276,39.914362000167493],[-75.247568999894739,39.914488000313987],[-75.247583000138434,39.914562999749769],[-75.247594000009101,39.91461100028264],[-75.247630999819009,39.914636000288453],[-75.247706000162097,39.914722000266408],[-75.247715000382911,39.914836999755693],[-75.247654000283546,39.914954999671977],[-75.24755499965103,39.915078000179989],[-75.247485000229162,39.915213000147169],[-75.247347000136898,39.9153989997426],[-75.247187000303313,39.915632000289996],[-75.247136000249682,39.915727000087614],[-75.247055999883742,39.915851000321389],[-75.246987000286779,39.915929999953164],[-75.246918999616412,39.916004999876904],[-75.246841999623499,39.916086999901594],[-75.246781000422445,39.916165000220488],[-75.246752000110135,39.916231999990622],[-75.246762999980788,39.916328999788547],[-75.246787000270231,39.916448000304719],[-75.246834000125901,39.916559000067181],[-75.246881999806462,39.916720000216053],[-75.246940000431124,39.916871000037418],[-75.246973999867976,39.91693900021324],[-75.246999999807258,39.916966999901277],[-75.247039000165316,39.91699100001842],[-75.247101999914491,39.91702700017845],[-75.247154999617948,39.91706199991394],[-75.247187000303313,39.91709399979429],[-75.247199999823792,39.917134999855946],[-75.24720999986954,39.917182000249319],[-75.247192000326194,39.917211000241402],[-75.247172000234698,39.917235999987135],[-75.24723900018185,39.917401999858662],[-75.247302999755959,39.917615000113059],[-75.247306999953921,39.917632999686894],[-75.247347000136898,39.917784999957121],[-75.247357000182632,39.917992999816434],[-75.247347000136898,39.918430000228689],[-75.247341000289126,39.918541000223527],[-75.247377000274113,39.918688000014249],[-75.247423000304863,39.918824999825716],[-75.247551000351379,39.919019999894331],[-75.247600999681794,39.919076000313119],[-75.247455999916838,39.919079000063569],[-75.247450000069065,39.919158999791513],[-75.247484000404242,39.919241999858279],[-75.247496000099815,39.919269999982596],[-75.247583000138434,39.919398999792449],[-75.247621999598195,39.919517000115967],[-75.247623000321411,39.919667999970713],[-75.247594999833993,39.919902000137178],[-75.247580999590298,39.919982000281543],[-75.24752700006195,39.920102999995031],[-75.247486999878973,39.920205999912923],[-75.247476000008319,39.920328000277422],[-75.247465000137652,39.920453999781977],[-75.24746199976461,39.920519999823568],[-75.247460000114799,39.920585999801581],[-75.247467999612411,39.920718000255697],[-75.247467999612411,39.920971999672453],[-75.247459000289879,39.921342999801858],[-75.247484000404242,39.921499000089725],[-75.247506999970454,39.921609999932386],[-75.247516000191297,39.9216559996717],[-75.247513999643147,39.921680000212355],[-75.247511000168416,39.921708999677513],[-75.247506000145549,39.921772999902771],[-75.247471999810358,39.921880999673697],[-75.247392000342728,39.922048000330072],[-75.247316000174735,39.922139999878226],[-75.247290000235481,39.922168000195441],[-75.24716399983879,39.922283000270909],[-75.247069000302531,39.922375000192261],[-75.246936000233163,39.922495000173491],[-75.246641999606979,39.922769999767738],[-75.246521000131452,39.922889999745628],[-75.246362999947721,39.923055999689801],[-75.246266999688245,39.923171000340638],[-75.246188000045521,39.92330600019919],[-75.246158999733211,39.923445999975492],[-75.246141000189851,39.923611000328513],[-75.246133999618849,39.923794000305101],[-75.246130000319212,39.923906999794177],[-75.246095000159102,39.924008999886127],[-75.246073000417809,39.924126000229975],[-75.246032000409912,39.924238000248181],[-75.246001000447777,39.924350999693338],[-75.245993000051854,39.924369000252291],[-75.245942999823143,39.924449000000031],[-75.245927999754528,39.924473999858968],[-75.245865000005338,39.924580999896158],[-75.245814999776627,39.924661999690734],[-75.245793999860226,39.924696999657371],[-75.245747999829476,39.924781999797169],[-75.245725000263249,39.924823000078099],[-75.245679000232499,39.924882000069623],[-75.245635999676466,39.924937999827712],[-75.245579999599983,39.925010000039912],[-75.245552000010889,39.925044999828657],[-75.245437000383163,39.925163999665457],[-75.245263000305883,39.925415000339157],[-75.245197000183651,39.925549000313865],[-75.245126999863459,39.925661000070903],[-75.245049999870545,39.925767000041262],[-75.244991000319331,39.925840999936312],[-75.244868000295682,39.925894999734773],[-75.244761999990473,39.925954000180241],[-75.244624999723115,39.926002999892766],[-75.244519000316231,39.926060999971071],[-75.244399999592218,39.926133999964208],[-75.244336000018123,39.926249999849716],[-75.244300999858012,39.926353000165342],[-75.244329000345431,39.926476000178724],[-75.244412000186102,39.926571999665967],[-75.244499000224735,39.92664199969515],[-75.244506999722333,39.926649000176404],[-75.244576000217634,39.926753999730813],[-75.244596000309116,39.92685800023952],[-75.244578999692365,39.927003000254537],[-75.244578999692365,39.927176999867129],[-75.244550000278366,39.927275000261943],[-75.24449800039983,39.927405999965977],[-75.244480999783079,39.927434000196286],[-75.244426000429797,39.927527000337633],[-75.244341000040976,39.927655999746833],[-75.244269000070972,39.927796000272401],[-75.244198999750779,39.92788799967456],[-75.244120000108055,39.928008999883168],[-75.244054999810729,39.928148999686819],[-75.244001000282353,39.928364000057961],[-75.243985000388832,39.928476000031822],[-75.243965000297365,39.928645000229935],[-75.243966999947176,39.928804999971796],[-75.243970000320218,39.929176999906673],[-75.243966000122256,39.929428000333452],[-75.243966999947176,39.929467999674223],[-75.243966999947176,39.9294989997328],[-75.243966000122256,39.929532000224114],[-75.243966999947176,39.929603999737935],[-75.243976000168004,39.92967800030749],[-75.243981000190871,39.929712999776335],[-75.244008999779979,39.929793000168033],[-75.244099000191653,39.929856999725246],[-75.244188999705017,39.92990099968744],[-75.244278000291786,39.929964000304295],[-75.244355000284699,39.930040999754858],[-75.244404999615085,39.930159999862575],[-75.244427000254717,39.930287000085052],[-75.244381000223953,39.9303989996681],[-75.244274000093824,39.930486000035749],[-75.244130999978708,39.930563000276862],[-75.243949000403816,39.930652999679495],[-75.243812999961392,39.930729999732698],[-75.243694000135704,39.930820999809171],[-75.243643000082074,39.930897000158808],[-75.243634999686151,39.93090800032931],[-75.243607999921977,39.931078999746696],[-75.243564000439363,39.931196999917333],[-75.243525999906211,39.93133999999165],[-75.243488000271384,39.931468000286422],[-75.243450999563152,39.931577000112],[-75.243438000042659,39.931685999763999],[-75.243424999623869,39.931779000328312],[-75.243422999974044,39.931837000334838],[-75.243369000445696,39.931907999990869],[-75.243305999798196,39.931975000200254],[-75.243212999911762,39.932031999853841],[-75.243133000444132,39.932085000093338],[-75.243079000017474,39.932175000250133],[-75.2429690004126,39.932299000318253],[-75.242880999650737,39.932440999975888],[-75.242762999649955,39.932611999696498],[-75.24266899993863,39.932778999663867],[-75.24257699987713,39.932878999964913],[-75.242503000257287,39.932964000278076],[-75.242401999974959,39.933088000294426],[-75.242341999700486,39.933186999974041],[-75.242295999669736,39.933287999847451],[-75.242228999722585,39.933377999800022],[-75.242186000064891,39.933426000231513],[-75.242074999736786,39.933491000001581],[-75.241951999713152,39.933534999694302],[-75.241909000055443,39.93354399980015],[-75.241847000131173,39.933469999966022],[-75.241774000336235,39.93348199988872],[-75.241735999803083,39.933579000047573],[-75.241678000076774,39.933581999851434],[-75.24152099971792,39.933588000147637],[-75.2413630004325,39.933607999983117],[-75.241158000393085,39.933628999976342],[-75.240944000132842,39.933648999799836],[-75.240735999720386,39.933645999998866],[-75.240693000062677,39.933638000069834],[-75.240499999718836,39.933604000016523],[-75.240447000015365,39.933588000147637],[-75.240296000402637,39.933540999994626],[-75.240238999602909,39.933522999780905],[-75.240160999785118,39.933492000167114],[-75.239999000301722,39.933431999852552],[-75.239919999760701,39.933401999675567],[-75.239646999949215,39.933315000258943],[-75.239467999849069,39.933221000234497],[-75.239344000000514,39.933124999739213],[-75.239184000166929,39.933000999789883],[-75.238947000340474,39.932819999977177],[-75.238759000019513,39.93270400020328],[-75.238610999881502,39.932639999863795],[-75.238444000375239,39.932596999774333],[-75.238267999749823,39.932551999988192],[-75.238103999718291,39.932507999663535],[-75.237949999732507,39.932472000065701],[-75.237733999822439,39.93249699975015],[-75.237559999745159,39.932522000114318],[-75.23743599989659,39.932557000195516],[-75.237323999743609,39.932620999923714],[-75.237216999613494,39.932693999809743],[-75.23712200007725,39.932803999925021],[-75.237013000297296,39.932924000224894],[-75.236910000365143,39.933072999787775],[-75.236789999816224,39.933258000296171],[-75.236717000021287,39.933406999820789],[-75.236656999746842,39.933547000294382],[-75.236641999678241,39.933791000100761],[-75.236646999701094,39.933896999881128],[-75.236661999769709,39.934087999792254],[-75.236650999899069,39.934205000130952],[-75.236603000218494,39.934344999661057],[-75.236583999951918,39.934421000230664],[-75.236552999989769,39.934540999761936],[-75.236523999677445,39.934682000130515],[-75.236469000324163,39.934850000014556],[-75.236393000156198,39.935173000158159],[-75.236320000361246,39.935326000201663],[-75.236169999675127,39.935407999818608],[-75.236099000428325,39.935458999925565],[-75.236013000214612,39.935517000257683],[-75.235889000366043,39.9356159998678],[-75.235666999709892,39.935708999913793],[-75.235623000227264,39.935732000216724],[-75.235458000370826,39.935822999842195],[-75.235263000377145,39.935959999807004],[-75.234978999796724,39.936222000162566],[-75.234920000245481,39.936333000242037],[-75.234921000070386,39.936451000309063],[-75.234915000222614,39.936592000186579],[-75.234844999902393,39.936679999689332],[-75.234772999932389,39.936753000067597],[-75.23474199997024,39.936884000230378],[-75.234787000176084,39.937040999658713],[-75.234779999605067,39.937186000144514],[-75.234799999696563,39.937337000290555],[-75.23486800036693,39.937456000111617],[-75.234919000420561,39.937550999935972],[-75.234967000101136,39.937750000119415],[-75.234981000344845,39.938023000225662],[-75.235002000261247,39.938127000143638],[-75.235070999858223,39.938204000053965],[-75.235161000269898,39.938271000299011],[-75.235292999616064,39.93832100024381],[-75.235487999609731,39.938358999709052],[-75.235778999862873,39.938393000155266],[-75.235943999719311,39.93841099977687],[-75.236143999735859,39.938429000082579],[-75.236344999577298,39.938456999936427],[-75.236497999738191,39.938461000308173],[-75.236681999861204,39.938446000290384],[-75.236877999679777,39.93843199967386],[-75.237143999818556,39.938381999810147],[-75.237446999767258,39.938322999744912],[-75.237620999844523,39.938274999992892],[-75.237768999982535,39.938249999663832],[-75.237963999976216,39.938226000110824],[-75.238172000388673,39.938229999807341],[-75.238326000374457,39.938223999918108],[-75.238497999903601,39.938204000053965],[-75.238735999554962,39.938180999893049],[-75.238871000172509,39.938156000218427],[-75.239005999891717,39.938140000036199],[-75.239183000342038,39.938149000225252],[-75.239335999604592,39.93815700031579],[-75.239427999666091,39.938155000121057],[-75.239569999956316,39.938038999746475],[-75.239584000200026,39.938043000142706],[-75.23966200001783,39.938068999957196],[-75.239760999752022,39.938108999758548],[-75.239834000445285,39.938143999737733],[-75.239857000011511,39.938157999724396],[-75.239925999608474,39.938165999813876],[-75.240041999959416,39.938199999667198],[-75.240144999891584,39.938237999888408],[-75.24021000018891,39.938283000068701],[-75.240257999869485,39.938336000289013],[-75.240409000380552,39.938456999936427],[-75.24059099995543,39.938634999723305],[-75.240710999606023,39.938726999710241],[-75.240763000382884,39.938794000131999],[-75.240760000009828,39.938868999806672],[-75.240738000268522,39.938966999992452],[-75.240697000260639,39.939075000189185],[-75.240626000115526,39.939191000185119],[-75.240543000274855,39.939283000113377],[-75.240424000449153,39.939373999838331],[-75.240342000433387,39.939461999896238],[-75.240240000326139,39.939567999847064],[-75.240143000241758,39.939707000040563],[-75.240016000020162,39.939840000204164],[-75.239939999852169,39.939976999703674],[-75.239903000042261,39.940035000339257],[-75.239878999752804,39.940072000160832],[-75.23983600009511,39.9401210000986],[-75.239795999912133,39.940164999661349],[-75.239636000078562,39.940301999887701],[-75.239527000298622,39.940432000080058],[-75.239410999947665,39.940608000116576],[-75.239398000427173,39.940744000085147],[-75.239431000039147,39.940889999669523],[-75.239461000176377,39.941026999821787],[-75.239493999788351,39.941160000174719],[-75.239560999735502,39.941297999837829],[-75.239631000055695,39.941420999856966],[-75.239734999812768,39.941592999916132],[-75.239845000315924,39.941726999902883],[-75.239985000058027,39.941890000185694],[-75.240073999746471,39.941994999777762],[-75.240149000089545,39.942086000028489],[-75.240251000196807,39.942140000097396],[-75.240366999649424,39.942170999926383],[-75.240518999985397,39.942187999893285],[-75.240581999734587,39.942196000200305],[-75.240789000322124,39.942222999852341],[-75.24095300035367,39.942244999994521],[-75.241179000309472,39.942264000017715],[-75.241400000242407,39.942272999664418],[-75.241446000273157,39.942273999701598],[-75.24158000016746,39.942251000219926],[-75.24182299984173,39.942234000268684],[-75.242028999706037,39.942230000117455],[-75.242283000149257,39.942231000155324],[-75.242598999618451,39.942247000069699],[-75.242952999620769,39.942253000294933],[-75.243026000314018,39.942211000084825],[-75.24311300035265,39.942232000193123],[-75.24320399969092,39.942275999775937],[-75.243340999958292,39.942326000238019],[-75.243364000422815,39.942354999910727],[-75.243541999799731,39.942306000195288],[-75.243423999798949,39.942405000315077],[-75.243530999929078,39.942442000232617],[-75.243843000098622,39.94247700006175],[-75.244068000229532,39.942501000190056],[-75.244409999637966,39.942550999798989],[-75.244659000058306,39.942588999670207],[-75.245012000235732,39.942596999930394],[-75.245225999597665,39.942615999855839],[-75.245408000070853,39.942609999662437],[-75.245561000231731,39.942609000318903],[-75.245740000331878,39.942604000157246],[-75.24588500009682,39.942596999930394],[-75.246050999778177,39.942606000221929],[-75.246189999695346,39.942612999759177],[-75.246347999879106,39.942645000094373],[-75.246469000252915,39.942667000100904],[-75.246566000337296,39.942701999814943],[-75.246660999873541,39.942764999668327],[-75.246742999889307,39.942856000272435],[-75.246822000430328,39.942970000003285],[-75.246871999760728,39.943131000030554],[-75.246963999822242,39.943264999760103],[-75.246978000065951,39.943291999678976],[-75.247020999723645,39.943379000186908],[-75.247028000294662,39.943414000225452],[-75.247040999815127,39.943478000131563],[-75.247048000386144,39.94352999975294],[-75.247050999860889,39.943558000274393],[-75.247075999975252,39.943615999940668],[-75.247106000112467,39.943680999674449],[-75.247190999602964,39.943866999758193],[-75.247208000219715,39.943904000262577],[-75.24730199993104,39.944010000219372],[-75.247377000274113,39.944138000234155],[-75.247397000365609,39.944208000205542],[-75.247420999756727,39.944290000198933],[-75.247465999962571,39.9443499999471],[-75.247507999795374,39.944405000301344],[-75.24763500001697,39.944523000223413],[-75.247646999712543,39.944511000170607],[-75.247767000261447,39.944636999931554],[-75.247907000003536,39.944777000159007],[-75.248100000347392,39.944923000091002],[-75.248175999617047,39.945009999902339],[-75.248221999647811,39.945100000279453],[-75.248240000089481,39.94522800032113],[-75.248327000128114,39.945342000231932],[-75.248420999839453,39.945453999971349],[-75.248470000243231,39.945484999676189],[-75.248507000053166,39.945510000116677],[-75.248568999977437,39.945550999689758],[-75.248712999917501,39.945667999713841],[-75.248902000063381,39.945828000294014],[-75.249083999638259,39.945986999828392],[-75.249249000393007,39.946152000253896],[-75.249430999967885,39.946311999702132],[-75.24949700009013,39.946356000104657],[-75.249558000189495,39.946390000020621],[-75.249617999565629,39.946410000246885],[-75.24971399982509,39.946450999969308],[-75.249814000282541,39.946533000029149],[-75.249921000412655,39.946625999700906],[-75.249969999918122,39.946707000267303],[-75.250037999690193,39.946812000042527],[-75.250118000056148,39.946970000076163],[-75.250155999690989,39.947112000283219],[-75.250198000422088,39.947228999703746],[-75.25020500009478,39.947243999862181],[-75.250216999790354,39.947316999989511],[-75.250230000209143,39.947386000189177],[-75.250235000231996,39.947409000010694],[-75.250271000217012,39.947574999720999],[-75.250308000026948,39.947718000007228],[-75.250338000164163,39.947845999971399],[-75.250364999928351,39.947978000200038],[-75.250415000157062,39.948091999660441],[-75.250472999883385,39.94817800031165],[-75.250555999724071,39.948251000130988],[-75.250720999580494,39.948376999890563],[-75.25066100020436,39.948437000186395],[-75.250991999742155,39.948737000187649],[-75.251124999811537,39.948866000251954],[-75.251251000208242,39.948972000096028],[-75.251375999881702,39.94906499989542],[-75.251442000003962,39.949139000082354],[-75.25149600043062,39.949250999803567],[-75.251512000324155,39.949455000054314],[-75.251467999943216,39.949654999979572],[-75.251368000384105,39.94985599993516],[-75.251269999576493,39.949991000190465],[-75.251209000375454,39.950148999768231],[-75.251164999994515,39.950288999734298],[-75.251127000359688,39.950438999970153],[-75.251129999834419,39.950596999890493],[-75.251122000336807,39.950700999978828],[-75.251156999598606,39.950780000026334],[-75.251256000231109,39.95096799991191],[-75.251339999896686,39.951065000075694],[-75.251417999714491,39.95114800002149],[-75.251483999836751,39.95119000025435],[-75.251534000065462,39.951217999706607],[-75.251580000096212,39.9512819998873],[-75.25160600003548,39.95138399981473],[-75.251609000408521,39.951466000159222],[-75.251609000408521,39.951500000290054],[-75.251626000126961,39.951624999673712],[-75.251646000218457,39.951746999821502],[-75.251647000043349,39.951846000052427],[-75.251642999845402,39.951953999890527],[-75.251611999883266,39.95204499997876],[-75.251576999723156,39.95212700021947],[-75.251510999600924,39.952239999760224],[-75.251410000216907,39.952376999909816],[-75.251281000345472,39.952541000185519],[-75.251185999910916,39.95266399996202],[-75.251151999575725,39.952749999685579],[-75.251151999575725,39.952848999842033],[-75.25117900023821,39.952942999760538],[-75.251206000002384,39.953031000270428],[-75.251181999712955,39.953089000169001],[-75.251149000101009,39.953160999689722],[-75.251099999697203,39.953227999749508],[-75.251046999993733,39.953294999743633],[-75.250920999597042,39.953391000175827],[-75.250816000015064,39.953474999926989],[-75.25078900025089,39.953496999893993],[-75.250647999785556,39.953614000100252],[-75.25048700012708,39.953737000013021],[-75.250352000407872,39.953861000261043],[-75.250135999599493,39.954065999711453],[-75.250046999911035,39.954150999874422],[-75.250003000428421,39.954231999793713],[-75.249953000199724,39.954330000009904],[-75.249887000077464,39.954378000205089],[-75.249836999848753,39.954430999664147],[-75.249799000213912,39.954496000140018],[-75.249767000426857,39.954569999960306],[-75.249745999612145,39.954640000274971],[-75.249759999855868,39.954705999719039],[-75.249765999703655,39.954761000010535],[-75.249749999810106,39.954826000172716],[-75.249693999733623,39.954975000247927],[-75.249613000441087,39.95517999980229],[-75.249595999824336,39.95523899979198],[-75.249555999641359,39.95529000026719],[-75.24949399971706,39.955351999700085],[-75.249421999747057,39.955381000048561],[-75.249357000348041,39.955404999781578],[-75.249280000355142,39.955415000299027],[-75.249234000324392,39.955429000194734],[-75.249199000164296,39.955465000110088],[-75.24916300017928,39.955514000040949],[-75.249143000087798,39.955570000213989],[-75.249122000171411,39.955655999726545],[-75.24913399986697,39.955756000336869],[-75.249174000049933,39.955849999703091],[-75.249216999707642,39.955933999877125],[-75.249261999913486,39.956042999981932],[-75.249273999609045,39.956122999891512],[-75.249234000324392,39.95621600029704],[-75.249112999950569,39.956325999784212],[-75.249045000178512,39.956372000293506],[-75.248986999553878,39.956426999933747],[-75.248955999591743,39.956515999921415],[-75.24892600035281,39.956627999957988],[-75.24894600044432,39.956746000142317],[-75.249005999820454,39.95690700011216],[-75.249064000445074,39.956958000032131],[-75.249193000316524,39.957012000067905],[-75.249313999792008,39.957066999882031],[-75.24940000000575,39.957120000011578],[-75.249439000363807,39.957147999790593],[-75.249498999739941,39.957188999962803],[-75.249532000250227,39.957212999749878],[-75.24957699955776,39.957257999844401],[-75.249626999786472,39.957309000191202],[-75.249685000411091,39.957352999717209],[-75.249778000297525,39.9574250002577],[-75.250036999865301,39.957653999674797],[-75.250176999607376,39.95779099999686],[-75.250241999904716,39.957871999736518],[-75.250359000080564,39.958014000034609],[-75.250462000012732,39.958118999667825],[-75.250559000097113,39.958232000325808],[-75.250666000227227,39.958328000025162],[-75.250734999824203,39.958425999880511],[-75.250793000448837,39.958528999970561],[-75.250838999581276,39.958638000070749],[-75.250874999566292,39.958727999731877],[-75.250881000312376,39.958807999943282],[-75.250891000358138,39.958941999950021],[-75.250882999962201,39.959024000184336],[-75.250850000350241,39.959098999716367],[-75.250752000440954,39.959154999708062],[-75.250605000127877,39.959238999953918],[-75.250453999616823,39.959317999779508],[-75.250291000308493,39.959397000202387],[-75.250080000421306,39.959481999936607],[-75.249825999978086,39.959573000336924],[-75.249651999900834,39.959638999840216],[-75.249552000341723,39.959682000150075],[-75.249442999663458,39.959752000052134],[-75.24931799998997,39.959839000283054],[-75.249213000407991,39.959921000130279],[-75.249122000171411,39.959990000009483],[-75.248972000383574,39.960070999898633],[-75.248836999766027,39.960129000023763],[-75.248688999628044,39.960199000156855],[-75.248546000411224,39.960269000218226],[-75.248459000372591,39.960333000191966],[-75.248383000204598,39.960424999920178],[-75.248334999625712,39.960515999754051],[-75.24828199992227,39.960620999676799],[-75.248198000256679,39.960724999670809],[-75.248057999616279,39.960885999912286],[-75.247974999775607,39.960996999913611],[-75.247922000072165,39.961084999699793],[-75.247891999934922,39.961181000213635],[-75.24787199984344,39.961341000311521],[-75.24787199984344,39.961430000100684],[-75.247866999820573,39.961492999920033],[-75.247840999881305,39.961613000169542],[-75.247823000337959,39.961689999811334],[-75.247807000444411,39.961764999861941],[-75.247773999934154,39.961836999888213],[-75.247741000322193,39.961903999710643],[-75.247706999987003,39.961977000028249],[-75.247701999964121,39.962056000133231],[-75.247726000253564,39.962167000300788],[-75.247762000238581,39.9622250000251],[-75.247775999583965,39.962303000099169],[-75.247752000192847,39.962451999719619],[-75.247715000382911,39.962662000343158],[-75.247687999720426,39.962816999668341],[-75.247641999689662,39.96294999965766],[-75.247604000054835,39.962992000216552],[-75.247489000427109,39.963119000093961],[-75.247418000282011,39.963191000071447],[-75.24739900001542,39.963249000304195],[-75.247404999863207,39.963326999898555],[-75.247434000175517,39.963417000273331],[-75.247479000381361,39.963528000296911],[-75.247563999871858,39.963637999726956],[-75.247685000245696,39.963776999899046],[-75.247778000132115,39.963875999928597],[-75.247902999805575,39.963979000071404],[-75.248055999966468,39.96407400024605],[-75.248615000008186,39.96435199991182],[-75.248967000360707,39.964493999834964],[-75.249465000303076,39.964721000258308],[-75.249728000068814,39.964849999780895],[-75.249847999719407,39.964907999983254],[-75.249912000191827,39.964947000222239],[-75.249990000009632,39.965001000145712],[-75.250053999583727,39.965041999740343],[-75.250133000124762,39.96506699991771],[-75.250220999988315,39.96507600000686],[-75.250313000049815,39.965069000014118],[-75.250446999944117,39.96501799994703],[-75.250605999952768,39.964947999927951],[-75.25075699956551,39.964879000232486],[-75.25091300009943,39.964837000144229],[-75.251047999818653,39.964832999937762],[-75.251102000245325,39.964858000191612],[-75.251200999979531,39.964912000185329],[-75.251282999995297,39.965003000244067],[-75.251342000444851,39.965071999814384],[-75.251335999698739,39.965138000206395],[-75.251340999721606,39.965191999978956],[-75.25135300031549,39.965219000193507],[-75.251368000384105,39.965249000189928],[-75.251426999935333,39.965302000174297],[-75.25149600043062,39.965337000011544],[-75.251602999662424,39.965355999817334],[-75.251707000317836,39.965346000065161],[-75.251811000074895,39.965330000045533],[-75.25192300022789,39.965318000200483],[-75.252093999932114,39.965304999964339],[-75.252334000131626,39.965279999873999],[-75.252636000255421,39.965251000281022],[-75.252842999944647,39.9652440003062],[-75.252971999816083,39.965235000239161],[-75.253077000296386,39.965214000307583],[-75.253222000061328,39.965184000295849],[-75.253314000122842,39.965226000170887],[-75.253407000009261,39.965261000047086],[-75.253581999911447,39.965300000084703],[-75.253711999607802,39.96532899965689],[-75.253935999913779,39.965389999927744],[-75.254046000416949,39.965401999760161],[-75.254140000128274,39.965403999846778],[-75.254222999968945,39.965337000011544],[-75.254301999611684,39.965272999902147],[-75.254336999771766,39.965210999825047],[-75.254381000152705,39.965127000030741],[-75.254455999597454,39.965045999934574],[-75.254542999636087,39.964992000046692],[-75.254632000222855,39.964924999807693],[-75.254737999629768,39.964849999780895],[-75.254936999821382,39.964762999729324],[-75.255111999723582,39.964691000030243],[-75.255267000432596,39.964655000152305],[-75.255408999824496,39.964629999824226],[-75.255542999718799,39.964595000313551],[-75.255685999833929,39.964546000004589],[-75.255812000230634,39.964471000250498],[-75.255852000413597,39.964436999683095],[-75.255891999698264,39.964371999705527],[-75.255966000216418,39.96431200030694],[-75.25608300039228,39.96424200025352],[-75.256192999997126,39.964155000116769],[-75.256280999860678,39.964079000215349],[-75.25638299996794,39.963974000094801],[-75.256586000357515,39.963801999850517],[-75.256685999916627,39.96371900011421],[-75.2567460001911,39.963687999722353],[-75.256815999612968,39.963677000001923],[-75.25690000017687,39.963672000003221],[-75.25698100036773,39.963687999722353],[-75.257110000239166,39.96371900011421],[-75.257128999607417,39.963726000245174],[-75.257249999981255,39.963752999661686],[-75.257318999578231,39.963766999915926],[-75.257418000210748,39.963766000192948],[-75.257486999807711,39.963744000086898],[-75.257542999884208,39.963704999850144],[-75.257629000097936,39.963664000142217],[-75.257705000265915,39.963631000275512],[-75.257788000106586,39.963601999983084],[-75.257858000426793,39.963594000113872],[-75.257932999871556,39.963624000134828],[-75.257993999970907,39.963677000001923],[-75.258014000062403,39.963739000093099],[-75.258012000412563,39.963853999857882],[-75.258014000062403,39.963993000279373],[-75.257990999597851,39.964094999839219],[-75.257962000183852,39.964160999797357],[-75.25794399974221,39.964235999891521],[-75.25794399974221,39.964300999998386],[-75.257976000427576,39.96437700034155],[-75.258007000389711,39.964399000243915],[-75.258058000443341,39.964428000198289],[-75.258120000367612,39.964445999855187],[-75.258188999964588,39.964450000084291],[-75.258270999980354,39.964452000198762],[-75.258338999752425,39.96444899968278],[-75.258407000422778,39.964452000198762],[-75.258470000171968,39.964483999956705],[-75.258510000354946,39.964534999733679],[-75.258547000164867,39.964617999856308],[-75.25858999982259,39.96470799990864],[-75.258636999678245,39.964766000231513],[-75.258684000432226,39.964846000263655],[-75.258706000173547,39.964903000074592],[-75.258712999846225,39.964964999742492],[-75.258715000394361,39.965059000219966],[-75.258711000196399,39.965240000123551],[-75.258700000325746,39.96532399977901],[-75.258708999648263,39.965378000093231],[-75.258737999960587,39.965446999973587],[-75.258767000272897,39.965515999784301],[-75.258797000410127,39.965571000331977],[-75.258839000242915,39.965613999665244],[-75.25889000029656,39.965648000335804],[-75.258973999962137,39.965676000065322],[-75.259077999719196,39.965692000003976],[-75.259214000161663,39.965696999854941],[-75.259332999987336,39.965698000238199],[-75.259399999934487,39.965716000249188],[-75.259423000399025,39.965761000255981],[-75.259426999698661,39.965813000150376],[-75.259428000421892,39.965891999953975],[-75.259450000163199,39.965947000199108],[-75.259551000445541,39.966009999987428],[-75.259649000354827,39.96604100001494],[-75.259779000051168,39.966080999985238],[-75.259908999747509,39.966114999735041],[-75.260065000281443,39.966195999941611],[-75.260308999780605,39.966257000127328],[-75.260491000253793,39.966312999764611],[-75.260584000140213,39.966272999929998],[-75.260661999958003,39.966268999807554],[-75.260750999646461,39.966279999799461],[-75.260827999639361,39.96627000018244],[-75.260932000294758,39.966242000007696],[-75.261026000006083,39.966198000005001],[-75.261114999694527,39.966136000078315],[-75.261160999725305,39.966080999985238],[-75.261215000151978,39.966025999847908],[-75.26128399974894,39.965996999882869],[-75.261385999856188,39.966001000021237],[-75.261445000305741,39.966030999674459],[-75.261478999742607,39.966076000162353],[-75.261547000413003,39.96611600011218],[-75.261661000215796,39.966158999791162],[-75.261735999660559,39.966182000184773],[-75.261811000003632,39.966189999751101],[-75.261893000019398,39.966171000177098],[-75.262012999669992,39.966134999701467],[-75.262093000035932,39.966087000185318],[-75.262103999906586,39.966054000111122],[-75.262115999602159,39.9660059998496],[-75.262138000241777,39.965965000144536],[-75.262153000310391,39.965949999960841],[-75.262169000203926,39.965934000082569],[-75.262241999998849,39.965880000207569],[-75.262264999565062,39.96585800009327],[-75.26227700015896,39.965849999799588],[-75.262341999557975,39.965784000094985],[-75.262381999740938,39.965739000103383],[-75.262421999923916,39.965676000065322],[-75.262457000084012,39.965633000082548],[-75.262512000335605,39.96561099988876],[-75.26255900019126,39.965617000130095],[-75.262617999742488,39.965626000146841],[-75.262678999841853,39.965637999937833],[-75.262765999880514,39.965646999951815],[-75.262836000200693,39.96563900032195],[-75.262919000041379,39.965608999808204],[-75.262960999874167,39.965578999969807],[-75.263027999821318,39.965531000063223],[-75.263092000293724,39.965485999905091],[-75.263144000172261,39.965458999795992],[-75.263195000225892,39.965456999710987],[-75.26325100030239,39.965474000087426],[-75.263307000378887,39.96550499966947],[-75.263382999648556,39.96554499995343],[-75.263467000212458,39.965576999888313],[-75.263529999961648,39.965605000335415],[-75.263613999627225,39.965621000290675],[-75.263695999642991,39.965613999665244],[-75.263770000161159,39.965596000315898],[-75.263854999651656,39.965556000061831],[-75.263928000344904,39.965528999980322],[-75.263990000269189,39.96549099977112],[-75.264016000208457,39.965456999710987],[-75.264056000391435,39.96542100023639],[-75.264130999836183,39.965373000218882],[-75.264242000164259,39.965311999932908],[-75.26437299968552,39.965242000214907],[-75.264495999709155,39.965194999773828],[-75.264552999610572,39.965180999811992],[-75.264643999847152,39.965178999718852],[-75.264757999649987,39.965184000295849],[-75.264918000381869,39.965189000183969],[-75.265058000123958,39.965191999978956],[-75.265252000292719,39.965207000328967],[-75.265387999836847,39.965224000079118],[-75.265448000111292,39.965256999865439],[-75.265527999578921,39.965350000241607],[-75.265566000112074,39.965403999846778],[-75.265597999899128,39.965447999671987],[-75.265655999625437,39.965526000200114],[-75.265744000387301,39.965626000146841],[-75.265806000311585,39.965716000249188],[-75.265858000190121,39.965791000014512],[-75.265920999939311,39.965860000166543],[-75.266048000160922,39.965925999797776],[-75.266062000404631,39.965929999940286],[-75.266192999925877,39.965967999905537],[-75.266312999576471,39.966003999780597],[-75.266394999592251,39.966018000262387],[-75.26654500027837,39.966021000021009],[-75.266706999761766,39.966021000021009],[-75.266794999625318,39.966009000297248],[-75.26690900032645,39.966007999918546],[-75.267023999954176,39.96602500015797],[-75.26710000012217,39.966049999975873],[-75.267137999756997,39.966061999692435],[-75.267213999924991,39.966092000007393],[-75.267244999887126,39.966116999800796],[-75.267386000352431,39.966215000197174],[-75.267475000040875,39.966259999875454],[-75.267537999790079,39.966272000243663],[-75.267598000064538,39.966272999929998],[-75.267670000034556,39.966297999657264],[-75.267778999814496,39.966340999910273],[-75.267818000172554,39.966358999751975],[-75.267909000409148,39.966399999909193],[-75.268128999618867,39.966491000052741],[-75.268393000107821,39.966588999912979],[-75.268460999879878,39.966618000315393],[-75.268512999758414,39.966651000117331],[-75.268568000010006,39.966690999730723],[-75.268701000079403,39.966795999809385],[-75.268773000049421,39.966859999870017],[-75.268845999844359,39.966946000330495],[-75.268916000164552,39.967040999824754],[-75.269015999723678,39.96723499986031],[-75.269044000211068,39.967284999979007],[-75.269080000196084,39.967330000329952],[-75.269125000401928,39.967360999758895],[-75.269157000188969,39.967374000292565],[-75.269205999694464,39.967381000049294],[-75.269271999816709,39.967391000192301],[-75.269357000205517,39.967402000003666],[-75.269445000069055,39.967387999805304],[-75.269497999772511,39.967374999962786],[-75.269548000001222,39.96735499967064],[-75.269614000123482,39.967331000000819],[-75.269670000199966,39.967316999787919],[-75.269741000345064,39.967314999757264],[-75.269800999721213,39.967326000269352],[-75.269856999797724,39.967343999851707],[-75.269918999721995,39.967379999690664],[-75.269960999554783,39.967424999979073],[-75.27000199956268,39.96747900001062],[-75.27003000005007,39.967551999883526],[-75.270054000339528,39.967652999975272],[-75.270072999707793,39.967729000034467],[-75.270139999654944,39.967872000179568],[-75.270192000431791,39.967976999821261],[-75.27029700001377,39.968184000334084],[-75.270388000250364,39.96832199986882],[-75.270401999595748,39.968357000225332],[-75.270413000364726,39.968427999851052],[-75.270421999687244,39.968479000128148],[-75.270446999801607,39.968527999683609],[-75.270501000228265,39.968584999866913],[-75.270522000144666,39.968602000153979],[-75.270569999825241,39.968638000018935],[-75.27059800031266,39.96865999992707],[-75.270651000016102,39.96867500020457],[-75.270717999963253,39.968671000222677],[-75.270773000214831,39.968663000258232],[-75.270837999613846,39.968643999994583],[-75.270912999956934,39.96861899974833],[-75.270985999751858,39.968602999806244],[-75.271042999653275,39.968608999784962],[-75.271108999775493,39.96861899974833],[-75.271168000225046,39.968632999694584],[-75.27124100001997,39.968663000258232],[-75.271327000233697,39.968691000129809],[-75.271406999701341,39.968703999722067],[-75.271491000265243,39.968709000041216],[-75.271589999999435,39.96871500001064],[-75.271697999954469,39.968728999937227],[-75.271801999711542,39.968756000131798],[-75.271862999810907,39.968805000177127],[-75.27192200026046,39.96885899980709],[-75.27198500000965,39.968944000170872],[-75.272024000367708,39.968985000154632],[-75.272086000291978,39.96901099991333],[-75.272195999896837,39.969047000251365],[-75.272344000034835,39.9690940001095],[-75.272504999693339,39.969131000048371],[-75.272625000242257,39.969177999848746],[-75.27272599962626,39.969216999717212],[-75.272815000213043,39.969243999718977],[-75.272956999604929,39.969293000103022],[-75.273053999689324,39.969304999938814],[-75.273185000108896,39.969304999938814],[-75.273279999645126,39.969293999745183],[-75.273415000262659,39.969281000265127],[-75.273492000255558,39.969275999987815],[-75.273569000248457,39.969277999961086],[-75.273681000401439,39.969287000184337],[-75.273810000272874,39.969297000048513],[-75.273912000380122,39.969310000213959],[-75.274011999939219,39.969314999800311],[-75.274150000031497,39.969316999772438],[-75.274325999758602,39.969316000130618],[-75.274488000140309,39.969310000213959],[-75.274807999807436,39.969293000103022],[-75.274888999998282,39.969287000184337],[-75.27502700009056,39.969289000157282],[-75.275083999991978,39.969297000048513],[-75.275196999969879,39.969324999660394],[-75.275265999566841,39.96936400013346],[-75.275321999643339,39.969416000041072],[-75.275361999826302,39.969502999678937],[-75.275393999613357,39.969574999817766],[-75.275456000435952,39.969777999705236],[-75.275494000070793,39.969929000200501],[-75.275566999865717,39.9701250002501],[-75.275606000223789,39.970211000045254],[-75.275652000254539,39.97025900010803],[-75.275704999957995,39.970292999845277],[-75.275818999760801,39.970309999707567],[-75.276005000431965,39.970312000338993],[-75.276186000181909,39.970323999995898],[-75.276244999733152,39.970329999823562],[-75.276277000418517,39.970342000165765],[-75.276301999634555,39.970351000248925],[-75.276370000304951,39.970388000195811],[-75.27641100031282,39.970416000049312],[-75.276438000076993,39.970467999845098],[-75.276467000389303,39.970520000289802],[-75.2765080003972,39.970590000110981],[-75.27655299970472,39.970672000144802],[-75.276611000329353,39.970775999995787],[-75.276639999743367,39.970828000206168],[-75.276655999636873,39.97086199966035],[-75.276667000405851,39.970906999721883],[-75.276674000078543,39.97094499967433],[-75.276662000382984,39.970983000294055],[-75.276636000443716,39.971016000054178],[-75.27658700003991,39.971055999867218],[-75.276527999590371,39.971095000041053],[-75.276470999688954,39.97113499980793],[-75.276484999932663,39.971177999772117],[-75.276524000290721,39.971223999928007],[-75.276582999841949,39.971261999704168],[-75.276689000147172,39.971252999740962],[-75.276760000292285,39.971243999776576],[-75.2768249996913,39.971214999959798],[-75.276895999836412,39.971175000239789],[-75.27707300028672,39.971105000329203],[-75.277136000035895,39.971089000280543],[-75.277197999960194,39.971082000215098],[-75.277265999732251,39.971082000215098],[-75.277337999702269,39.971082999831104],[-75.277421000441279,39.971096999961112],[-75.277490999863147,39.971109999784261],[-75.277540000266953,39.971127000131808],[-75.277576000251969,39.971150000230757],[-75.277611000412065,39.971175000239789],[-75.277655999719599,39.971209000209818],[-75.277686999681734,39.971246999994321],[-75.277704000298499,39.971284000144649],[-75.277712999620988,39.971321000274948],[-75.27768800040495,39.971344999920845],[-75.277645999673837,39.971362000209879],[-75.277596000343451,39.971376999894503],[-75.277551000137606,39.971385999841381],[-75.277522999650202,39.97140100020917],[-75.277509000304818,39.971424000215926],[-75.27750299955872,39.971452000333443],[-75.277505000106856,39.97148699977582],[-75.277512999604468,39.971518000073374],[-75.277529000396299,39.971555000077004],[-75.277552999787432,39.971583000140861],[-75.277591000320584,39.971615000003148],[-75.277640999650984,39.971643000042427],[-75.277675999811066,39.971658999961392],[-75.277765000397849,39.971678000075386],[-75.277885999873362,39.97169299969066],[-75.277967000064208,39.971713999697215],[-75.278018000117839,39.971751000283192],[-75.278296999777098,39.971927999888102],[-75.27835200002869,39.972012999877741],[-75.278449000113071,39.972106000012531],[-75.278536999976623,39.972185000116497],[-75.278608999946627,39.972262999841988],[-75.278656999627188,39.972331999657385],[-75.278696999810165,39.9724139996666],[-75.278702999657966,39.972442000066998],[-75.278723999574368,39.972530000267284],[-75.278758999734464,39.972634000044962],[-75.278777000176106,39.972691999838979],[-75.278779999650865,39.972745000248715],[-75.278783999848827,39.972841000223731],[-75.27879499971948,39.972950000225538],[-75.278809999788081,39.973050999914143],[-75.278829999879576,39.973162000129058],[-75.278859000191886,39.973246999960942],[-75.27891600009329,39.973314999887954],[-75.278952000078306,39.973359000128688],[-75.278971000344882,39.973446000255265],[-75.278998000109056,39.973525999767539],[-75.279045999789631,39.973618000329978],[-75.279080999949727,39.973690999842624],[-75.279109000437131,39.973812000287069],[-75.279122999782516,39.97391300007866],[-75.279169999638185,39.97398599996464],[-75.279241999608217,39.974031000034657],[-75.27935899978408,39.974071999720834],[-75.279465000089274,39.974121999657406],[-75.279599999808497,39.974185000172533],[-75.279804999847912,39.974319999900665],[-75.279954999635748,39.97442399970825],[-75.280026999605781,39.974502000320598],[-75.280044000222503,39.974540000339573],[-75.2800850002304,39.974624000270225],[-75.280130000436245,39.974734999995704],[-75.280192000360529,39.974835000239011],[-75.280229999995356,39.974887999675296],[-75.280265999980372,39.974963999951242],[-75.279510000295133,39.97534899989666],[-75.279137000026239,39.975551999845663],[-75.278937999834611,39.975654000057048],[-75.278186000347333,39.97604100002107],[-75.277669000138374,39.976311999678515],[-75.276481999559607,39.976959000200019],[-75.276509000222106,39.976994999793767],[-75.276539000359335,39.977032999803306],[-75.276566000123509,39.977067999829679],[-75.276833000087208,39.977413000113394],[-75.276901999684185,39.97750999993734],[-75.277009999639205,39.977665000016025],[-75.27707699958637,39.977760999963955],[-75.277252000386852,39.978010000039269],[-75.27798799998061,39.979055999984965],[-75.278023999965626,39.979106999903962],[-75.278238000225855,39.979411999812825],[-75.278373999769983,39.979607000022916],[-75.278722999749448,39.980108000097388],[-75.278797000267616,39.980216000040237],[-75.278938999659516,39.980421999802104],[-75.279308999555369,39.980987000007786],[-75.279507999747011,39.981221999911611],[-75.279923999673613,39.981707000218684],[-75.280141000306898,39.98208400026347],[-75.280341000323432,39.982421000271763],[-75.280569999753993,39.982714999744502],[-75.280931000327314,39.983166999706633],[-75.280963999939289,39.983208000106508],[-75.281523999805927,39.983908000049169],[-75.281681999989686,39.984113000267612],[-75.281958999999119,39.984474999866393],[-75.282025999946271,39.984562000295959],[-75.282299999582662,39.984920999963251],[-75.282328000070066,39.984958000281843],[-75.282533999934387,39.985227000172863],[-75.282646999912288,39.98538699974123],[-75.282697999965905,39.985459999759712],[-75.282924999746626,39.985782999763209],[-75.283621000055732,39.986772999755857],[-75.283669999561198,39.986844000210688],[-75.28385299985932,39.98710300023604],[-75.28392800020238,39.98721699985628],[-75.284171999701542,39.987452999733421],[-75.284283000029632,39.987559000328645],[-75.28438799961161,39.987659999762293],[-75.285165000111562,39.988412000111509],[-75.286575000273089,39.989777000052513],[-75.286628999801451,39.989826000167938],[-75.286766000068795,39.989955999826357],[-75.287024999636571,39.990211000343578],[-75.287100999804551,39.99032200021464],[-75.287231000399203,39.990513000178211],[-75.287448999959096,39.990762999910892],[-75.287925999985077,39.99130999979328],[-75.288177000055228,39.991591000188812],[-75.288726999876147,39.992211000009128],[-75.288956000205005,39.992438999904159],[-75.28927500004724,39.992847000171167],[-75.290253000388631,39.99394999975582],[-75.290275000129938,39.99397499968218],[-75.290342999902009,39.994052000031147],[-75.290366000366532,39.994079999823732],[-75.290526000200117,39.994260999950811],[-75.290535000420931,39.994270000324846],[-75.29196700032378,39.995907999784016],[-75.292136000378179,39.996098999955173],[-75.292645000191214,39.996674999805705],[-75.292815000070505,39.996867999750236],[-75.292825000116267,39.996877999707564],[-75.293020999934839,39.997112000079646],[-75.293639000426126,39.997846999704059],[-75.293846000115352,39.998092999794444],[-75.294815000235928,39.999291999958366],[-75.294913999970134,39.999416000153822],[-75.295372999554445,39.999983999813857],[-75.295770000112782,40.000477999975082],[-75.295938000342275,40.000684999754576],[-75.295949000212943,40.000697000271082],[-75.295997999718423,40.000762999977439],[-75.296093000152979,40.000885999697907],[-75.296150000054396,40.000958999667802],[-75.296172999620609,40.00098899980248],[-75.296202999757838,40.001023999942937],[-75.296259999659242,40.001095000035136],[-75.296344000223158,40.001201000103222],[-75.296431000261776,40.001312999866585],[-75.296487000338274,40.001386999928897],[-75.296579000399788,40.001505999777251],[-75.296685999631592,40.001645000002533],[-75.296714999943916,40.001679999806726],[-75.296858000059046,40.00186300014235],[-75.296950999945466,40.001984000241514],[-75.297170000228576,40.002264000223192],[-75.297797999867285,40.00308599967488],[-75.297874000035264,40.0031740003189],[-75.298537999659004,40.003986000221396],[-75.299003999814317,40.004555000213387],[-75.299110000119526,40.004684000235379],[-75.299705999971195,40.005420999842066],[-75.300238000248768,40.006098999672794],[-75.300266999662767,40.006137999799279],[-75.300358999724267,40.006255999834472],[-75.300389999686416,40.00629599966021],[-75.300475000075238,40.00640700022349],[-75.300911000093322,40.006966000137375],[-75.301055999858278,40.007149000066136],[-75.301552000150807,40.007809000009168],[-75.30222900019335,40.008640999739981],[-75.302533999791862,40.009014999816657],[-75.303446999835941,40.009935000171076],[-75.303668999593782,40.010250000108996],[-75.303903999770412,40.010582000132324],[-75.305037999747427,40.011919999720291],[-75.305467000092818,40.0122469999923],[-75.306329999908186,40.012911000325715],[-75.307839999628825,40.014589999949564],[-75.307892000405673,40.014653999964196],[-75.308054999713988,40.014853000045342],[-75.308110999790472,40.014920999839852],[-75.30824700023291,40.015103999769707],[-75.308263000126445,40.015123000185433],[-75.308737999604276,40.015716000109812],[-75.308754000396121,40.015734999667139],[-75.308890999765154,40.015918999814261],[-75.309188999690988,40.016406999656212],[-75.309227000224126,40.01647899990143],[-75.309375000362138,40.016668999992625],[-75.309433000088461,40.0167619998806],[-75.309434999738286,40.017063999937534],[-75.309433000088461,40.017132000280824],[-75.309433000088461,40.01741000010955],[-75.309761000151525,40.017775999889295],[-75.310332999713737,40.018410000057798],[-75.310432000346253,40.018611999707517],[-75.310608000073358,40.018767999688443],[-75.310623000141973,40.018798999858319],[-75.310684000241338,40.018920999812906],[-75.311432000428951,40.019809999719428],[-75.311721999958863,40.019713000112219],[-75.312163999824747,40.019566000019175],[-75.312728999714267,40.019409000201868],[-75.313331000312019,40.019143000287237],[-75.313423000373533,40.019100000242418],[-75.313629000237867,40.019012000178357],[-75.315406999747111,40.018516000071166],[-75.315697000175334,40.018433000061684],[-75.318466000444786,40.01721600012575],[-75.318668999936051,40.017119000271052],[-75.319282000404456,40.01683100015952],[-75.319376999940687,40.016786999710519],[-75.319491999568427,40.016737999677524],[-75.319731999767939,40.016631000016687],[-75.320455999666123,40.016319000247137],[-75.320699000238676,40.01621599987994],[-75.321387999976764,40.016953000192693],[-75.321567999901816,40.017158999922856],[-75.32176999956819,40.017402999974287],[-75.321976000330821,40.017684999939426],[-75.322701999878845,40.018677999981115],[-75.323638000387433,40.019869999918036],[-75.325042999627769,40.021674999800041],[-75.32515899997874,40.021828000285566],[-75.325333000056006,40.022064000249237],[-75.325445000208987,40.022210999776092],[-75.325472999798095,40.02224700028583],[-75.3255220002019,40.022312999795211],[-75.325557000361997,40.022360000157335],[-75.32558499995109,40.022397999694633],[-75.325728999891126,40.022589000053486],[-75.326162000434479,40.023163000215504],[-75.326307000199435,40.023356999801557],[-75.326313999872127,40.023365000240673],[-75.326386999667065,40.023456999720196],[-75.326523000109503,40.023634999721828],[-75.326625000216751,40.023758999726795],[-75.326706000407611,40.023861000183288],[-75.326805999966737,40.023990999707742],[-75.32711200028848,40.024384999706164],[-75.327215000220647,40.024515999817886],[-75.327344000092054,40.024685000005334],[-75.327738000277364,40.025196999743613],[-75.32777400026238,40.025242999983412],[-75.32786600032388,40.025372000116555],[-75.328461000350643,40.025891000155099],[-75.328468000023321,40.026241000331048],[-75.328530999772511,40.026528999934904],[-75.328858999835575,40.026805000334626],[-75.328882000300112,40.026839000132192],[-75.329453000037418,40.027528000207695],[-75.329545999923852,40.027634999977543],[-75.330972999803791,40.029496999673462],[-75.33139799995125,40.030050999671616],[-75.33141499966969,40.030072000309346],[-75.331866999581294,40.030626999884817],[-75.332018000092347,40.030813000003761],[-75.3321059999559,40.030927000247566],[-75.332372000094693,40.031268999835682],[-75.332460999783137,40.031383000005192],[-75.332740000340721,40.031712000077498],[-75.332932999786237,40.031939000019577],[-75.33355899977515,40.032718000045143],[-75.333700000240455,40.032892999694923],[-75.333822000439184,40.033061999763767],[-75.333869000294854,40.033126999731635],[-75.33395100031062,40.033241000234668],[-75.33401400005981,40.033321999951383],[-75.334064000288521,40.033386000279442],[-75.334255999909146,40.033642999691438],[-75.33483300039255,40.034419000006508],[-75.334921000256102,40.034536999977668],[-75.335029000211122,40.034675000279506],[-75.335206999588038,40.03489899981605],[-75.335748999911345,40.035576999800512],[-75.335929999661317,40.035803999946687],[-75.335962000346683,40.0357889999664],[-75.336101000263838,40.035972000325827],[-75.336518000015388,40.036520999833151],[-75.336658999582355,40.03670500032284],[-75.336827999636782,40.036933000181065],[-75.337216999799182,40.037457999725198],[-75.337237999715583,40.037487000304054],[-75.337338999997939,40.037618000014092],[-75.337513999900111,40.037845000244083],[-75.337634000449029,40.038000000251742],[-75.337888999818844,40.038340000121707],[-75.339017999772977,40.039825000202981],[-75.339396000064752,40.040323000084541],[-75.339469999684596,40.040443000108766],[-75.339545999852575,40.040558000048449],[-75.339668000051319,40.040707000243955],[-75.339797999747645,40.040816999884001],[-75.339921999596214,40.041084999814665],[-75.339972999649845,40.041195000220334],[-75.340149000275261,40.041430999891709],[-75.340576000072517,40.041892999984192],[-75.341324000260144,40.042763000100258],[-75.342371000198511,40.044088000271209],[-75.342444999818355,40.044179000074962],[-75.343194999655807,40.045101999865629],[-75.343444999901067,40.045409999737508],[-75.344512999755835,40.046741000032149],[-75.345649000280986,40.048063000314478],[-75.346352000262755,40.048942999980952],[-75.346615999853412,40.049274000298055],[-75.346636999769814,40.049299999750005],[-75.346650000188589,40.049317999735088],[-75.346753999945676,40.049449999938815],[-75.346789999930692,40.049494999793559],[-75.346799000151506,40.04950600013558],[-75.346984999924345,40.049744000286545],[-75.347297999918808,40.050133000191735],[-75.347733000111973,40.050677999835528],[-75.348732000369765,40.052013000329133],[-75.348938000234099,40.052288000250144],[-75.349457000092869,40.052905000158553],[-75.349581999766329,40.053077000198378],[-75.349948000362545,40.053575000232527],[-75.350071000386194,40.053741999675019],[-75.350187999663731,40.053899000231162],[-75.350247000113285,40.053980999939846],[-75.351273000135251,40.055366999710664],[-75.351318000341109,40.055439000089443],[-75.351349000303244,40.055476999762099],[-75.351463000106037,40.055636999707467],[-75.352104000163564,40.056625000004146],[-75.352244999730559,40.056811000029228],[-75.352761999939489,40.057501000234197],[-75.352936000016769,40.057731999847832],[-75.353049999819589,40.057884000172528],[-75.353110999918968,40.057965999899288],[-75.353479999989901,40.05845999973733],[-75.353618999907084,40.058644000147922],[-75.354976000365156,40.06051999986083],[-75.356236999665455,40.06235400024029],[-75.35653399976637,40.062787000039329],[-75.356810999775803,40.063111999884342],[-75.357025000036046,40.063342999726409],[-75.358172000431864,40.064582999822406],[-75.358581999612369,40.065024999872584],[-75.358622999620252,40.065056999945341],[-75.360068999766796,40.066195999834896],[-75.360420000294383,40.065968000222632],[-75.361066000374748,40.065543000319536],[-75.36104200008532,40.06551500028462],[-75.36233300042116,40.064897999736516],[-75.370487999995191,40.061325000293621],[-75.370823999555839,40.06117599978635],[-75.373012999867143,40.060190000218768],[-75.374981000245512,40.059275000196145],[-75.375609999709127,40.05899600008695],[-75.376009999742209,40.058818000243456],[-75.378737000178859,40.057606000280686],[-75.379050000173308,40.057466000182728],[-75.379313999763937,40.057350000158728],[-75.379713999797019,40.057174000290537],[-75.381796999803115,40.056257000159135],[-75.38359100010419,40.055467000139799],[-75.386232000327112,40.054302999837354],[-75.386992000210299,40.053968000076487],[-75.388778999940399,40.053179999918491],[-75.390507000119229,40.052417000113273],[-75.390837999657037,40.052271999967608],[-75.391406999744504,40.052033999704641],[-75.392096000380917,40.051745000036227],[-75.392790999966763,40.051454000200245],[-75.393811999965877,40.05102599969166],[-75.396182999852059,40.050009999835972],[-75.396427000249531,40.049903999938273],[-75.397162000018355,40.049588000316106],[-75.397407000240733,40.049483000293648],[-75.397630999648428,40.04938499971415],[-75.398306000041117,40.049093000267703],[-75.398531000172014,40.048997000204707],[-75.398557000111282,40.048985999780584],[-75.398603999966937,40.048966000005102],[-75.398614999837605,40.048956999966641],[-75.398649000172782,40.04894600022368],[-75.398660999868355,40.048942000129195],[-75.398730000363642,40.048911999756726],[-75.39883599977054,40.048867000204773],[-75.398940000425924,40.048821999935434],[-75.399009999847792,40.048792000197821],[-75.399034999962154,40.048780999740565],[-75.399062999551248,40.048769000114966],[-75.399221999559913,40.048699999819831],[-75.3992759999866,40.048678000249247],[-75.400485000306659,40.048159000317533],[-75.400917000126796,40.047972000193923],[-75.401748000155109,40.047616000217516],[-75.402415999976782,40.047328000259299],[-75.402672000069828,40.047217000244224],[-75.404212999752602,40.046496999698157],[-75.404534000142988,40.046345999998145],[-75.404847999962342,40.046200000111398],[-75.404930999803,40.046163999865115],[-75.40510499988028,40.046085000060479],[-75.405135999842429,40.046071000172567],[-75.405160000131872,40.046064000227574],[-75.405171000002525,40.046053000017778],[-75.405208999637352,40.046037000334636],[-75.4054859996468,40.045917999736815],[-75.406223999788679,40.045596000111544],[-75.406398999690865,40.045519000140246],[-75.406486999554403,40.045480999729435],[-75.406535000133303,40.045459999710459],[-75.406693000317048,40.045391000192041],[-75.409486999802525,40.044173999779048],[-75.409727000002022,40.044072000126896],[-75.410127000035118,40.043898000206283],[-75.410728999734573,40.043636999836536],[-75.41164799962641,40.043237999956482],[-75.411809000183212,40.043165999755296],[-75.412216999713905,40.042991000334219],[-75.412857999771404,40.04271300021248],[-75.413682999951931,40.042354999696997],[-75.413876000295772,40.042268999957848],[-75.414076000312321,40.042184000061056],[-75.414991000006196,40.041786999843715],[-75.414154000130111,40.040679000319749],[-75.414084999634838,40.040587999970889],[-75.413646999966915,40.040009000030473],[-75.413554000080495,40.039884999991969],[-75.413363000284775,40.039631999984927],[-75.413226999842351,40.039451999791723],[-75.412199000170546,40.03809099992796],[-75.412142000269142,40.03788700015226],[-75.41178800026681,40.037378000127731],[-75.411769999825168,40.037352000255552],[-75.411739999687924,40.037307999973109],[-75.411707999900869,40.037265999708268],[-75.411640000128813,40.037177999691799],[-75.411390999708459,40.036865999656229],[-75.41101499996482,40.036363999830201],[-75.410572000274044,40.035800999813326],[-75.410424999960952,40.035588000324935],[-75.41040200039474,40.035572000249303],[-75.410332000074533,40.035541000135133],[-75.41022800031746,40.035399000008724],[-75.408842000445375,40.033508999677238],[-75.408397000206449,40.032901999790539],[-75.408352000000605,40.032863999913687],[-75.408332999734029,40.03281400033309],[-75.40779899980663,40.032078000174778],[-75.407784999562949,40.032058000254004],[-75.407607000186033,40.031812000129925],[-75.407064000037821,40.031087000039058],[-75.406418999782332,40.030223999721279],[-75.405937999558404,40.029586000106903],[-75.405319999965442,40.028737000068674],[-75.404916999559305,40.028147999744171],[-75.404700999649236,40.027847000067233],[-75.404574000325937,40.027692999846913],[-75.404447999929246,40.027528999685607],[-75.404391999852763,40.027457000094223],[-75.404338000324401,40.027364000337577],[-75.404394000400885,40.027433999692853],[-75.404581999823563,40.027305000019467],[-75.405930000060806,40.026372000318311],[-75.407194999559067,40.025489999918072],[-75.408819999805743,40.024355999747186],[-75.409350000433491,40.02398799974268],[-75.413342000368388,40.021202999805027],[-75.414990000181291,40.020055000198326],[-75.415012999747518,40.02003800033112],[-75.415037000036961,40.020022000047518],[-75.416130000006092,40.019260000255869],[-75.418132999646232,40.017862999863929],[-75.418998000009722,40.017242000105959],[-75.420027000404744,40.016516999961993],[-75.420224999873142,40.016375999775669],[-75.422599999957285,40.014703000117521],[-75.423077999808172,40.014381000333188],[-75.42755199979193,40.011345999929567],[-75.42882399986118,40.010494000092784],[-75.432364999709392,40.008118000175784],[-75.432787000382078,40.007835000132765],[-75.433254000362325,40.007523000060452],[-75.433342000225863,40.00746399978722],[-75.433749999756543,40.007188000280848],[-75.435014000328209,40.006323000148548],[-75.435399000292691,40.00605799993928],[-75.437707000429654,40.004469000292687],[-75.438130000028977,40.004179000145513],[-75.438464999764733,40.003948000065108],[-75.438534000260006,40.003901000096079],[-75.43932099990738,40.003358999754653],[-75.440228000103673,40.002734999934319],[-75.441255999775464,40.002027999911654],[-75.442857999557617,40.000936999835893],[-75.442874000349477,40.000925000049726],[-75.444502999895789,39.999817000154572],[-75.444554999774311,39.999781000199256],[-75.444605999827957,39.999745000224941],[-75.444989999967504,39.999484000187614],[-75.445206999702492,39.999336999877741],[-75.445858999630644,39.99889300010998],[-75.446978000437355,39.998130999768541],[-75.447194000347423,39.99798499989744],[-75.448293999989232,39.997235000183146],[-75.448752999573557,39.996923999767553],[-75.448807999825121,39.99688599980994],[-75.450587999882515,39.995703999807489],[-75.450593999730316,39.995696000254782],[-75.451465999766498,39.995118999764586],[-75.452184999641801,39.994642000065255],[-75.452249999939141,39.994598999725234],[-75.452995999578619,39.994101999800151],[-75.453672999621133,39.993652999847505],[-75.453742999941326,39.993607000337036],[-75.453771000428745,39.993589000101302],[-75.453697999735496,39.993565000008957],[-75.45356999968898,39.993512999894676],[-75.453477999627481,39.993467000289975],[-75.453429999946891,39.993453999902307],[-75.453333999687416,39.993443000154763],[-75.453151000287633,39.993415000101031],[-75.452798000110221,39.993338999700775],[-75.452648000322398,39.993316000187818],[-75.45254600021515,39.993316000187818],[-75.45239999972695,39.993368999742096],[-75.452377000160723,39.993382000145935],[-75.452358999719081,39.993397999792485],[-75.452345000373697,39.993429999762526],[-75.452332999779799,39.993515999822904],[-75.452306999840545,39.993550999664443],[-75.452218999976992,39.993636000286386],[-75.45200899991471,39.993800999977125],[-75.451968999731733,39.993823000043413],[-75.45194600016552,39.993828999872612],[-75.451890000089008,39.993827999901114],[-75.451844000058259,39.993813000326973],[-75.451808999898162,39.993781999820349],[-75.45178700015687,39.993748000069864],[-75.45177299991316,39.993711999667909],[-75.451771000263335,39.993636000286386],[-75.451753999646584,39.993593999976078],[-75.451727999707316,39.993552000328222],[-75.4515999996608,39.993413000145949],[-75.451565000399,39.993383000123906],[-75.451524000391132,39.993357999980852],[-75.45124900003151,39.993215000170188],[-75.45117299986353,39.993179000175509],[-75.451068000281538,39.993141000198719],[-75.451028000098574,39.993135000309131],[-75.45094799973262,39.993132999657625],[-75.450920999968446,39.993138000254014],[-75.450878000310752,39.993154999939094],[-75.450844999800481,39.993180000156464],[-75.450828000082041,39.993197999811819],[-75.450722999601737,39.993339999679435],[-75.450703000408566,39.993359999937546],[-75.450642000309202,39.993403999658966],[-75.450566000141222,39.993471000196962],[-75.450360000276902,39.993713000329329],[-75.450306999675135,39.993759999740853],[-75.450173999605738,39.993842000188842],[-75.450152999689337,39.993850999929883],[-75.449998999703553,39.993891000140955],[-75.449951999847883,39.993898999905085],[-75.449699999952813,39.993920999939803],[-75.449569000431566,39.99392699976039],[-75.449380000285686,39.993925999790335],[-75.449294999896864,39.993929999670435],[-75.449196999987564,39.993963000049021],[-75.449149000306988,39.993988999939823],[-75.449034999605857,39.994028000101508],[-75.448897000411904,39.994047000189909],[-75.448815000396138,39.994051000062917],[-75.448730000007345,39.994033999912688],[-75.448703000243142,39.994023000258501],[-75.448638999770751,39.993980000216972],[-75.448555999930065,39.993901999816408],[-75.448480999586991,39.993863000270949],[-75.448340999844902,39.993801999949021],[-75.44806899985835,39.993715000275621],[-75.447922000443569,39.993685999671655],[-75.447883000085511,39.993682999750895],[-75.447399000386838,39.993690000254091],[-75.446591999749671,39.993755999850741],[-75.446303999869571,39.993788000341318],[-75.446055000347556,39.993784999736761],[-75.445847999759991,39.993766000263754],[-75.445661999987166,39.99375699982329],[-75.445554000032118,39.993734999735736],[-75.445401999696173,39.993718000195031],[-75.445335999573913,39.993718000195031],[-75.445261000129165,39.993723000060363],[-75.444841000004587,39.993713000329329],[-75.44453700023098,39.993689000280561],[-75.444239000305146,39.993676999908871],[-75.444162000312261,39.993668000144908],[-75.44409500036511,39.993665000223359],[-75.444021999671875,39.993698000041761],[-75.44373100031703,39.993977000309073],[-75.443488999569396,39.993859999669731],[-75.443445000086768,39.993847000045101],[-75.443100000305279,39.993707999774983],[-75.442967000235868,39.993578999662368],[-75.442963000037906,39.993452999925324],[-75.443007000418845,39.993427999807885],[-75.443054000274529,39.993355000045639],[-75.443057999574165,39.993295999916832],[-75.442998000198031,39.993154999939094],[-75.442855000082886,39.992975000305968],[-75.442638000347898,39.992823999804294],[-75.442332000026155,39.992556000224887],[-75.442253000383445,39.992499000076009],[-75.441731000151634,39.992124999682012],[-75.441485999929242,39.991987000035181],[-75.441181000330715,39.991884000117018],[-75.440915000191936,39.991843000106392],[-75.440758999658016,39.99184800010903],[-75.440562999839415,39.991905000112965],[-75.440471999602835,39.991975000052683],[-75.440425999572071,39.992129999663959],[-75.440536999900175,39.992246999825831],[-75.440630999611486,39.992355999843305],[-75.440664999946691,39.99255400024466],[-75.440648000228236,39.992714999845461],[-75.440601000372581,39.992806000050372],[-75.440463000280317,39.992948000044763],[-75.440326999837879,39.993048999769009],[-75.439874000101355,39.993304999729816],[-75.439488000311968,39.993466000313177],[-75.439083000256019,39.993528000222881],[-75.438842000231588,39.993602999749797],[-75.438710999812017,39.993690000254091],[-75.43868999989563,39.993699000015106],[-75.438381000099128,39.993791000257467],[-75.438284999839681,39.993806999808207],[-75.438073999952465,39.99384300016014],[-75.437991000111793,39.993864000241921],[-75.437856000392586,39.993924999820251],[-75.437765999980897,39.993922999880063],[-75.437692000361068,39.993894000052634],[-75.437560000116576,39.993729999871235],[-75.437443999765634,39.993526000271054],[-75.437179000350071,39.993239999677407],[-75.436943000348521,39.993050999734798],[-75.436847000089045,39.992967999729487],[-75.436826000172644,39.992887000282082],[-75.436857000134793,39.992807000036834],[-75.436979000333523,39.99271799980874],[-75.437038999709671,39.992701000014897],[-75.437622999865752,39.992741000211311],[-75.437756999760083,39.992702999990868],[-75.437863000065278,39.992636000075898],[-75.437909999920947,39.992567000115351],[-75.437940000058163,39.992433999944822],[-75.437971000020326,39.992276999658564],[-75.438000000332636,39.992237999873431],[-75.438085999648038,39.992161000232237],[-75.438150000120459,39.992127999671212],[-75.438195000326303,39.99208699980705],[-75.438362999657485,39.991936000095116],[-75.438433999802598,39.991760000009528],[-75.438462000290002,39.991639999691181],[-75.438463000114893,39.991616000290456],[-75.438475999635386,39.991360000193133],[-75.438462000290002,39.991124000049233],[-75.438432999977678,39.990966000179633],[-75.438391000144875,39.99087300024668],[-75.438275999618838,39.990757999828823],[-75.438218999717421,39.990713999779324],[-75.43763499956134,39.990456999721758],[-75.437377999643388,39.990293000234708],[-75.437278000084277,39.990139999947012],[-75.437239999551124,39.989957999882662],[-75.437343000381603,39.989887999940578],[-75.43722500038082,39.989799000038438],[-75.437186000022763,39.989764999681761],[-75.437159000258589,39.989748999872432],[-75.436981999808268,39.98969600026215],[-75.436959000242041,39.98970299979748],[-75.436924000081945,39.989734000090756],[-75.436853999761738,39.989769999836518],[-75.436766999723105,39.989790999794089],[-75.436638999676575,39.989794999916413],[-75.436513000178223,39.989783000237075],[-75.436412999720773,39.989744999747423],[-75.436377999560676,39.98972299974411],[-75.436330999705007,39.989685999941486],[-75.436211000054399,39.989577999826373],[-75.436129000038662,39.989526000117863],[-75.435995000144331,39.989470000228756],[-75.435963000357305,39.989425000001894],[-75.435918999976366,39.989327999886143],[-75.435887000189311,39.989278000063635],[-75.435792999579675,39.989201999877842],[-75.435758000317875,39.989161999673634],[-75.435703999891217,39.989057000230702],[-75.43563000027136,39.988830000103235],[-75.435612999654609,39.988746999786443],[-75.435607999631742,39.98869500013361],[-75.435612999654609,39.988487999799688],[-75.435643999616758,39.988400000189223],[-75.435651000187761,39.988336999702398],[-75.435673999753973,39.988232999732993],[-75.435698999868336,39.988018000300151],[-75.435750999746887,39.987900999777047],[-75.435872000120696,39.987683999864693],[-75.436031999954281,39.987436000005722],[-75.436069999589108,39.987387000240687],[-75.436169000221611,39.987184999728498],[-75.436204000381721,39.987043000142165],[-75.436192999612743,39.986929000231555],[-75.436083000007883,39.986778000129576],[-75.436066000289458,39.986772999755857],[-75.435966999656955,39.986754999783898],[-75.435949999938501,39.986742000183646],[-75.435940999717673,39.986725000279009],[-75.435930999671939,39.986672999775294],[-75.435903000082831,39.986626999693819],[-75.435853999679054,39.986587000046676],[-75.435718999959832,39.98649399965803],[-75.435702000241378,39.986475000221702],[-75.435678999776854,39.986434999797261],[-75.435658999685373,39.98637399972435],[-75.435626999898318,39.986175999992469],[-75.435615000202759,39.986041999681404],[-75.435610000179892,39.98562700011199],[-75.435616000027665,39.985589000063605],[-75.435641999966947,39.985517999681072],[-75.435702000241378,39.985421000212121],[-75.435749000097061,39.985311000044589],[-75.435800999975598,39.985132999898902],[-75.435816000044213,39.985059000119492],[-75.435894999686923,39.985021999855547],[-75.436055000418804,39.984947999955864],[-75.43801399967802,39.984036999842061],[-75.44014100006504,39.983049999823571],[-75.441341000164286,39.982491999742855],[-75.442548999761144,39.981932000320384],[-75.443980999663978,39.981267000035317],[-75.445412999566827,39.980600999996419],[-75.446137000363308,39.980265000130117],[-75.446862000086412,39.979927999813334],[-75.44693400005643,39.979894000050606],[-75.449639999678354,39.978635999690376],[-75.452430999689099,39.977342000183391],[-75.460566000069946,39.973471999693949],[-75.460900999805716,39.97331199976103],[-75.461002999912964,39.973263000192816],[-75.461310000059626,39.973117000175314],[-75.461412999991794,39.973069000054252],[-75.461630999551673,39.972963999973139],[-75.461953999591856,39.972811000116948],[-75.462163999654152,39.972723999870453],[-75.462186000293755,39.972706000327918],[-75.462290000050842,39.972657000325249],[-75.462586000326851,39.972520999782603],[-75.462608999893078,39.972498999740282],[-75.462686999710883,39.972477999974863],[-75.462730000266887,39.97245700020305],[-75.462914000389901,39.972370999791536],[-75.463014999773932,39.972324000121354],[-75.463787000251003,39.971969000147382],[-75.466103999710526,39.970906000103319],[-75.466877000012502,39.970553000273441],[-75.467015999929671,39.970489000228021],[-75.467435000229315,39.970296000104774],[-75.467574999971418,39.970233000135607],[-75.468358000319128,39.969873000083112],[-75.469534000128945,39.969333999877463],[-75.470709000113828,39.968795000240974],[-75.471493000286472,39.968435999843038],[-75.471530999921299,39.968417000204774],[-75.471557999685473,39.968403999869459],[-75.471638999876347,39.968367999881259],[-75.471667000363723,39.968355999880991],[-75.472031000411803,39.968186999997712],[-75.472527999630955,39.967958000055418],[-75.473126999855666,39.967685999966079],[-75.473492999553557,39.967520000184621],[-75.47410600002199,39.967236999893309],[-75.47594800000364,39.966388999936591],[-75.476562000296965,39.96610700015993],[-75.476825999887609,39.965985000154902],[-75.476871999918359,39.965963999765236],[-75.476932000192818,39.965936000153619],[-75.477008000360811,39.965900999934533],[-75.47880099993867,39.96507600000686],[-75.48065700016403,39.964221999733311],[-75.480699999821738,39.964201999895771],[-75.480723000286275,39.964189999852735],[-75.480746999677393,39.964179999929968],[-75.481166999801957,39.963986000175751],[-75.481498000238091,39.963835000323215],[-75.481736999714371,39.963724999833069],[-75.481931999708038,39.963634999863771],[-75.482069999800288,39.963571000226636],[-75.482263999969035,39.963481999781777],[-75.48248699955181,39.963379999995887],[-75.482626000367304,39.963318000267691],[-75.482682000443788,39.963311000094954],[-75.482704000185109,39.96331399997235],[-75.482775000330221,39.963324000021728],[-75.482838999904303,39.963333000340334],[-75.48289699963064,39.963306000069487],[-75.482905000026562,39.963268000001712],[-75.482910999874335,39.963245000004818],[-75.482891999607773,39.963193000222738],[-75.48347900013691,39.962922000188733],[-75.484326999883649,39.962533000134925],[-75.485239999927714,39.962111999768851],[-75.485828000281785,39.9618420000211],[-75.486089000397683,39.961720999732073],[-75.486481999859762,39.961540999907392],[-75.486874000395233,39.96135999985075],[-75.487136000336051,39.961239999845773],[-75.487221999651467,39.961199000036792],[-75.48732799995669,39.961150999809306],[-75.48748199994246,39.961078999749219],[-75.487568999981107,39.961040000057984],[-75.48827199996289,39.960714999929813],[-75.490380999908254,39.959743999732524],[-75.491084999714928,39.959420000116602],[-75.492350999936434,39.958837000203381],[-75.493617000157911,39.958253000336114],[-75.493742999656291,39.958194999996877],[-75.493900000015131,39.958127999982992],[-75.494346000078977,39.957924000122368],[-75.495531999934514,39.957381999905763],[-75.496718999614956,39.956840000213539],[-75.49676499964572,39.956818999769318],[-75.497802000436678,39.956345000028278],[-75.49942699978503,39.955602999839563],[-75.5010510002068,39.954860999863691],[-75.502134999955089,39.954366999675592],[-75.50216900029028,39.954349999980543],[-75.502221999993736,39.95432500001634],[-75.502273999872273,39.954300000042949],[-75.502309999857275,39.954284000192928],[-75.502998999595363,39.953956999898793],[-75.503744000308259,39.953605999751176],[-75.505068000256074,39.952979000295826],[-75.505757999819068,39.952652999845434],[-75.50787400033542,39.951650999836346],[-75.508028000321218,39.951578000202218],[-75.510184999947157,39.950556999814417],[-75.510450000261002,39.950429000102389],[-75.510779999973892,39.950270999794036],[-75.511637999766378,39.949848999761592],[-75.511879999615715,39.949734999785974],[-75.512380999931125,39.949498999812548],[-75.512450000426426,39.949466999928589],[-75.512656000290747,39.949370000253339],[-75.512961999714193,39.949216999932183],[-75.513549000243316,39.948937000146181],[-75.514135000049251,39.948670999804406],[-75.514459999739259,39.948519999877668],[-75.515278000247079,39.948140000101304],[-75.515303000361442,39.948129999897446],[-75.5190669997924,39.946360999992059],[-75.519120000394167,39.946336999840412],[-75.520131000347519,39.945854999890159],[-75.520614000221286,39.945626000222695],[-75.52256499998289,39.944715000093602],[-75.522815000228135,39.944594999807435],[-75.523816000135767,39.944124000093517],[-75.523376999744613,39.943593000221369],[-75.523308999972542,39.94351000006219],[-75.52325799991894,39.943449000246098],[-75.522819000426097,39.942918999984073],[-75.52182199981813,39.941714000003024],[-75.52179400022905,39.941679999829475],[-75.521462999792931,39.941279000235149],[-75.520385999717348,39.939976999703674],[-75.520028000415365,39.939544000067521],[-75.519919999562021,39.939414000254374],[-75.519753999880663,39.939212999924663],[-75.51959900006996,39.939026000191177],[-75.519541000343636,39.938955999739612],[-75.519625999834147,39.938341000073763],[-75.519716000245822,39.937877000034369],[-75.519686000108592,39.93772199997629],[-75.519431999665386,39.937414999820405],[-75.518851999707252,39.936714999710581],[-75.51877999973722,39.936628999803474],[-75.518345000442338,39.936103999700698],[-75.518568999850032,39.935462999783802],[-75.518824999943078,39.934697000284515],[-75.518857999555024,39.934600000332551],[-75.518906000133924,39.934434000138381],[-75.518963000035328,39.934301999953924],[-75.519049000249055,39.934165000114163],[-75.519214999930412,39.933985000093941],[-75.519370999566007,39.933840999874647],[-75.519466999825482,39.933776999909561],[-75.519570999582555,39.933735000007559],[-75.51983500007151,39.933661999854195],[-75.520080000293888,39.93358400017982],[-75.520256000020993,39.933516000002669],[-75.520931000413682,39.933196000125655],[-75.521924999750283,39.932746000049107],[-75.522973000411909,39.932253000152528],[-75.5231929996216,39.932145000211015],[-75.523959000250898,39.93179799981327],[-75.524235000435411,39.931693999921194],[-75.524540999858843,39.931596000341884],[-75.524576999843859,39.931716000004286],[-75.524591000087554,39.931829000194355],[-75.524775000210582,39.93221399986804],[-75.525182999741261,39.932991000128588],[-75.525386999955771,39.933410000321018],[-75.525431000336695,39.933501000278618],[-75.525735999935236,39.934096999825442],[-75.52587300020258,39.93436499996416],[-75.526105000006169,39.934853999908327],[-75.5261710001284,39.934986999860712],[-75.527847000428736,39.934304999726102],[-75.528499000356888,39.934039999825096],[-75.52915100028504,39.933775000275638],[-75.529600999648522,39.933592000115226],[-75.529624999937965,39.933581999851434],[-75.53011100018476,39.93338400011411],[-75.530168000086178,39.933360999710928],[-75.529679000364638,39.932546999780499],[-75.529625999762885,39.932458000293494],[-75.529993000184007,39.932280999777888],[-75.53047500023284,39.932049000273032],[-75.530048000435571,39.93148500015689],[-75.529594999800722,39.930914000171079],[-75.529582000280271,39.93085000022446],[-75.529551000318122,39.930783000291541],[-75.529481999822821,39.930636000291194],[-75.528634999901016,39.929576999929175],[-75.528361000264624,39.929233999823623],[-75.528039000049333,39.928829000073023],[-75.527940000315141,39.928706000154101],[-75.52790699980487,39.92866599967919],[-75.527881999690507,39.928634999932257],[-75.527858000299361,39.928604000171276],[-75.527566000221313,39.928239000196719],[-75.527263000272626,39.927857999823217],[-75.524272000245332,39.924115999961096],[-75.523504999791143,39.923142000116847],[-75.523678000043503,39.923029999683607],[-75.524269999697196,39.922650999903517],[-75.524606000156183,39.922434999864691],[-75.524756999768911,39.922325000310245],[-75.524883999990536,39.922253999671014],[-75.525208999680544,39.92208599987385],[-75.525513000352476,39.921934999839756],[-75.525832000194697,39.921815999902165],[-75.527172000036032,39.923440000168114],[-75.527208999845968,39.92342399999027],[-75.527331999869602,39.923370999934122],[-75.528710000244075,39.922778999911166],[-75.530238000406385,39.922122999753853],[-75.531943999945611,39.924390000324287],[-75.532846000119036,39.925588999854462],[-75.532899999647384,39.925661000070903],[-75.533063999678916,39.925879999718482],[-75.533118999930494,39.925952999904567],[-75.533163000311433,39.926011000025234],[-75.533294999657585,39.926185000092453],[-75.533339000038524,39.926244000288058],[-75.5338799996386,39.926963000162282],[-75.535504999885291,39.929122999941548],[-75.535976000063485,39.929747999916145],[-75.536047000208598,39.929843000107049],[-75.53606999977481,39.92987399999582],[-75.536109000132868,39.929926000310964],[-75.536144000292964,39.929912000018021],[-75.536160000186499,39.929904999870487],[-75.53619699999642,39.929890000043962],[-75.540634000170243,39.9280759997757],[-75.542733999894764,39.927181000209352],[-75.542563000190555,39.927024000207489],[-75.541084000432022,39.925097999966731],[-75.542717000176324,39.924274000042871],[-75.544395000126471,39.923400999684958],[-75.544106000421451,39.920467000275345],[-75.543868999696684,39.920184999935529],[-75.543765999764531,39.920054999866643],[-75.543599000258268,39.919832999782557],[-75.543509999671485,39.919712000280938],[-75.542550999596656,39.918491999993535],[-75.542493999695253,39.918417000037529],[-75.546983999572518,39.916451000170333],[-75.54718399958908,39.916363000153979],[-75.547310999810662,39.916307000272582],[-75.547802000080353,39.916092999664251],[-75.548291999626812,39.915877000297463],[-75.548619999689876,39.915734000306792],[-75.550454000173914,39.914931000219312],[-75.550200999555628,39.914598000055534],[-75.547550000185282,39.911186000040701],[-75.547545000162401,39.911176999751703],[-75.546416000208268,39.909730999973156],[-75.547495999758596,39.909257999778028],[-75.548316999741175,39.908888000164708],[-75.548731999842857,39.908702000114552],[-75.548814999683557,39.908664999873956],[-75.549928999569062,39.908169999835685],[-75.550928999651774,39.907733000108955],[-75.551562000211661,39.907468000025446],[-75.552326000292823,39.907150999949337],[-75.552457999638975,39.907095999978097],[-75.553167000366855,39.906800000201521],[-75.553343999918866,39.90672300011051],[-75.553487999858916,39.906661000028109],[-75.554362000443248,39.906282999800865],[-75.555043999610319,39.905975000038893],[-75.555592999606304,39.905723999774885],[-75.555739000094505,39.905643000319799],[-75.555863999767979,39.90555600008382],[-75.556105999617301,39.90533999987565],[-75.556489999756863,39.905860000141885],[-75.556548000381497,39.905939000271644],[-75.556607999757631,39.90600100031839],[-75.556641000267916,39.906043999884417],[-75.557259999685797,39.906858999872597],[-75.55791300033718,39.907716999706558],[-75.558644999732962,39.908680000216009],[-75.558767999756625,39.90862199988581],[-75.558939000359146,39.90854200025268],[-75.559816000418209,39.908128999919889],[-75.561307999697192,39.907429000092996],[-75.559273000269997,39.904751000097228],[-75.559433999928473,39.904677000151942],[-75.560243000215479,39.904313999923794],[-75.560288000421309,39.904293999800274],[-75.560047000396878,39.903976000290704],[-75.560038000176064,39.903964999928043],[-75.560027000305411,39.9039509998398],[-75.559971000228899,39.903875999810495],[-75.559952999787242,39.903851999921635],[-75.559613999853539,39.903408000116322],[-75.559290999813356,39.902984000012921],[-75.559925000198149,39.90270399989744],[-75.561515000284757,39.902051000210427],[-75.562019999899817,39.901857000007745],[-75.562369999704174,39.901708999988152],[-75.562538999758559,39.901638000028285],[-75.562975999601576,39.901424999707231],[-75.563436999734023,39.901200999985114],[-75.563526000320806,39.901158000136164],[-75.563584000047115,39.901131000137077],[-75.56524100008086,39.900327999768386],[-75.567078999864563,39.899435999955621],[-75.569398999697114,39.898315000115929],[-75.569797000080371,39.898120999673623],[-75.57052299962838,39.89777199983623],[-75.572012000330943,39.897053000165116],[-75.573380999586277,39.896397000328498],[-75.572506999900256,39.89488899971964],[-75.572419000036703,39.894739999770998],[-75.572424999884504,39.893939999799755],[-75.57237899985374,39.89361800024961],[-75.572291999815107,39.893194000221285],[-75.572430999732291,39.89312399977576],[-75.572431999557196,39.893052999881029],[-75.572517999770909,39.893011999879164],[-75.572871999773241,39.892811999854793],[-75.573655000120965,39.892345999877449],[-75.574252999622459,39.892152999849372],[-75.573778000144628,39.891533999842771],[-75.573670000189594,39.891394999716333],[-75.573563000059465,39.89125599999722],[-75.573387000332374,39.891028999830162],[-75.571162000036068,39.888136000044824],[-75.572384999701526,39.887551999943895],[-75.572511999923137,39.887492000043551],[-75.572706999916804,39.887402999899372],[-75.576164999924316,39.885760000089775],[-75.576610999988162,39.885548000225803],[-75.577950999829497,39.884913000332965],[-75.578397999718248,39.884702000106664],[-75.578493999977695,39.884655999677101],[-75.578782999682716,39.88451899977337],[-75.578879999767082,39.884474000102493],[-75.579723000389265,39.88408200017318],[-75.579966000063507,39.88396999997871],[-75.580413999777178,39.883745999730174],[-75.582415999592413,39.885741000239229],[-75.582885000120768,39.885342000094155],[-75.583653000399892,39.884820000228309],[-75.58369500023268,39.884779000127295],[-75.584185999604045,39.884572999753004],[-75.584367000252342,39.884853999688211],[-75.584490000275977,39.885009000175202],[-75.584516000215245,39.884992999981066],[-75.58457800013953,39.884932999909104],[-75.584616999599262,39.884934000094525],[-75.584712999858752,39.884917999882887],[-75.584797000422654,39.884927000174699],[-75.584818000339041,39.884919000068528],[-75.584855999973882,39.884895999930407],[-75.584880000263311,39.884891999875606],[-75.584965999578728,39.884893000061687],[-75.585059000363458,39.884871000101178],[-75.585122000112662,39.884839000334033],[-75.585149999701741,39.88481499998192],[-75.585190999709624,39.884765999753895],[-75.585195999732505,39.884747999816085],[-75.585241999763255,39.884663000313914],[-75.585276000098432,39.884622000119009],[-75.585311000258542,39.884595999999476],[-75.585352000266411,39.884590999736808],[-75.585384000053466,39.884591999927224],[-75.585480000312941,39.88464000008991],[-75.585538000039264,39.884663000313914],[-75.585615999857069,39.884717000180117],[-75.585662999712724,39.884765000255292],[-75.58568399962914,39.884777999939551],[-75.585728000010064,39.884784999874583],[-75.585819000246659,39.884738000001768],[-75.585847999660658,39.884732999749396],[-75.585897000064449,39.884754999754129],[-75.585919999630661,39.884761000192896],[-75.585945999569944,39.884758999816931],[-75.585993000323938,39.884743000253721],[-75.586047999677191,39.884738000001768],[-75.586075000339704,39.884746000129056],[-75.586108999776556,39.884769000317498],[-75.586149999784453,39.884817999854064],[-75.586179999921683,39.884830000030661],[-75.586205999860951,39.884828999843727],[-75.58624900041697,39.884813999794751],[-75.586287000051811,39.884784999874583],[-75.586287999876703,39.884696999851663],[-75.586333000082561,39.88467099976063],[-75.586421999771005,39.88463899990019],[-75.586450000258409,39.884623000308984],[-75.586493999741037,39.884584999972489],[-75.58653200027419,39.884536999771306],[-75.586591999650324,39.88448500014735],[-75.586662999795436,39.884443999845963],[-75.586716000397203,39.884432999794576],[-75.586810000108514,39.884425000320086],[-75.586897000147175,39.884435000180055],[-75.586921000436604,39.884432000291106],[-75.586943000177925,39.884415999962314],[-75.586990000033595,39.884350999794457],[-75.587007999576926,39.884332999747691],[-75.587149000042245,39.884229999657265],[-75.58719199969994,39.88420699997728],[-75.585736000405973,39.882233999763486],[-75.584761000437638,39.880978000225824],[-75.586795999864819,39.879971000284357],[-75.588299999737686,39.879227000196231],[-75.589246000292022,39.878756999834877],[-75.592084000158437,39.877350999910426],[-75.592997000202502,39.876900000027547],[-75.593030999639382,39.87688299970646],[-75.59327800040991,39.876760000258578],[-75.593316999869657,39.87674099998231],[-75.594020999676346,39.876392000212107],[-75.594250999830123,39.876279000243628],[-75.596189999896168,39.875314999782901],[-75.596283999607493,39.875268000313007],[-75.596825999930786,39.875003000161314],[-75.596849000395324,39.874991000333111],[-75.596859000441086,39.874984999728852],[-75.596890000403221,39.874970000284051],[-75.596901000273874,39.874965000008785],[-75.596912999969433,39.874957999760689],[-75.596948999954435,39.87494100033701],[-75.596962000373239,39.874936000059648],[-75.597129999704421,39.87485100011434],[-75.597636000042684,39.874600000301669],[-75.597805000097111,39.87451600027736],[-75.597913999877051,39.874463999948098],[-75.59759599985972,39.874161000228469],[-75.597467999813205,39.874002999693523],[-75.597386999622358,39.873903999949555],[-75.597276000192579,39.873758000247385],[-75.597164000039584,39.873612000234488],[-75.597052999711522,39.873467000263496],[-75.596940999558527,39.873319999965737],[-75.59671100030306,39.872991999994696],[-75.596671999945016,39.872935000155024],[-75.59666600009723,39.872908000069316],[-75.596626999739158,39.872733999798143],[-75.596574999860621,39.872495999766471],[-75.596543999898486,39.872353000242477],[-75.596393000285758,39.87224300024662],[-75.596357000300742,39.872181999677792],[-75.596245000147732,39.871923999881709],[-75.596198000292091,39.871815999951536],[-75.596153000086233,39.871711000296848],[-75.596107000055483,39.871607999862206],[-75.596054000352026,39.871484999916966],[-75.595907999863854,39.871229000338353],[-75.595727000113882,39.870965999838219],[-75.595716000243229,39.870933000086964],[-75.59567400041044,39.870861999962557],[-75.595646999747942,39.870827999770107],[-75.595604000090233,39.870787000265928],[-75.595553000036602,39.870750000238317],[-75.595496999960119,39.870720000182629],[-75.595431999662793,39.870695999714968],[-75.595408000271647,39.870687000313083],[-75.595190999638362,39.870657000229841],[-75.594974999728294,39.8706189997379],[-75.594777000259896,39.870573999908252],[-75.594582000266229,39.870522000037695],[-75.594347000089584,39.870447999676585],[-75.593957999927142,39.870267000022267],[-75.593629999864092,39.869996000191698],[-75.59333899961095,39.869614999906624],[-75.593321000067618,39.86959200015103],[-75.593215999587315,39.869476000157007],[-75.59309299956368,39.869344999981479],[-75.593037000385479,39.869285999731218],[-75.593019999768728,39.869255000000123],[-75.593002000225383,39.869220999700637],[-75.592751999980123,39.868747999829431],[-75.5926309996063,39.868454999802502],[-75.592627000306649,39.868435999983447],[-75.592561000184418,39.868124999838585],[-75.592566000207299,39.867958999862516],[-75.592562999834243,39.867871000310409],[-75.592575000428127,39.867836000269115],[-75.592619999735646,39.86763000001892],[-75.592664999941505,39.867423000088273],[-75.592678000360294,39.867365000005663],[-75.592710000147335,39.867295999831654],[-75.592753999629934,39.867230000229839],[-75.592811000429663,39.86716800027439],[-75.592875000003772,39.867113999689252],[-75.592940000301112,39.867070999831377],[-75.593011000446225,39.867035000314409],[-75.593198999868861,39.866965999808492],[-75.593255999770278,39.86694500006044],[-75.593357999877526,39.866914999719725],[-75.593552999871193,39.866857999656723],[-75.593887999606949,39.866793000083561],[-75.59397399982069,39.866787000141066],[-75.594818000267793,39.866729000210263],[-75.594915000352145,39.866715999862436],[-75.594957000184948,39.866706999938415],[-75.594999000017737,39.866697000251257],[-75.595081999858422,39.866669000016273],[-75.595157000201496,39.866634000051249],[-75.595228000346609,39.866595000325283],[-75.595306000164413,39.866537000232228],[-75.595369999738494,39.866468999680194],[-75.595421999617059,39.86637800029613],[-75.595467999647809,39.866299000073781],[-75.595544999640694,39.866044000219027],[-75.595583999998752,39.865915999704832],[-75.595666000014504,39.865703000081346],[-75.595763000098898,39.865538000229179],[-75.595943000023951,39.865331999973847],[-75.596368000171395,39.864969000294643],[-75.596575999685541,39.864791999822941],[-75.596613000393774,39.864747000308],[-75.596671999945016,39.864649999889586],[-75.596708999754924,39.86454600009187],[-75.596722000173713,39.864439999857368],[-75.59671200012798,39.864338999819793],[-75.596687000013617,39.864255000330672],[-75.596668999571946,39.864215000143837],[-75.596661000074349,39.864188000073433],[-75.596560999616926,39.863852000071034],[-75.596461000057801,39.863517000300078],[-75.596442999616144,39.863456000246046],[-75.596420000049932,39.863380000227153],[-75.596404999981317,39.86332900023082],[-75.596390999737608,39.863257000009177],[-75.59638300024001,39.863184999711983],[-75.596384000064916,39.863112000214571],[-75.596390999737608,39.863042999900394],[-75.596405999806237,39.862971000068178],[-75.596441999791239,39.862866999794072],[-75.596456999859839,39.862831999958125],[-75.596522999982099,39.862720000225139],[-75.596579999883502,39.862645999722545],[-75.596646000005734,39.862577000318787],[-75.597252999728056,39.861686999911555],[-75.597425000155496,39.861493999776847],[-75.597887999937768,39.860979999878523],[-75.598566999630123,39.860206999994546],[-75.599081000364336,39.859546999813354],[-75.599413999551956,39.859068000206562],[-75.599421999947864,39.859055999659546],[-75.599690999561375,39.858659999738741],[-75.59995900024829,39.858265000175955],[-75.600047999936763,39.858133999970818],[-75.600236000257738,39.857941000186806],[-75.600485999604672,39.857694000135908],[-75.600630000443033,39.857575000338443],[-75.600816000215886,39.857421999704613],[-75.601160000172456,39.857076999863075],[-75.601383999580136,39.856833999773237],[-75.601498000281268,39.856623999955978],[-75.601531999718134,39.856432999886053],[-75.601535000091189,39.856232000141027],[-75.601536999741,39.856094000088511],[-75.601539000289151,39.85595699967692],[-75.60154000011407,39.855884999995247],[-75.601508000327001,39.855687999714057],[-75.601457000273371,39.855601000208004],[-75.601352999618001,39.855491000246609],[-75.60125200023397,39.855410999975867],[-75.601056000415369,39.855308999822988],[-75.600674999750566,39.855147000282777],[-75.600581999864147,39.855111999957316],[-75.600398999566039,39.855044999737615],[-75.600299000006927,39.855010999981893],[-75.600112000409169,39.854948000085841],[-75.5999790003398,39.854885000132015],[-75.5997409997901,39.854726000089777],[-75.599484999697054,39.85457799969344],[-75.599354000175808,39.854493000039113],[-75.599329999886365,39.854479000191461],[-75.599288999878468,39.854459000010003],[-75.598894999693172,39.854262999716518],[-75.598737000407752,39.854199999823507],[-75.598581999698723,39.854152999679535],[-75.598451000177491,39.854122000007216],[-75.598395000100993,39.854110999919882],[-75.598108000045798,39.854073999864006],[-75.597703999814755,39.854047999887307],[-75.597292000086114,39.854028000269892],[-75.596991999612143,39.853998999745428],[-75.596825000105881,39.853943999882233],[-75.596343000057047,39.853834999973024],[-75.596303999698975,39.853826999688174],[-75.596061999849653,39.853760000282918],[-75.59587899955153,39.853723999988759],[-75.595728999763708,39.853689000316862],[-75.595690000303975,39.853679000111789],[-75.595474000393907,39.853638999966471],[-75.594635999794576,39.853625999896991],[-75.594469000288328,39.853607000109321],[-75.594359999610063,39.853575000237193],[-75.594054000186631,39.85350899985044],[-75.593777000177198,39.853426000162166],[-75.593417000327079,39.853329000291254],[-75.593360000425662,39.853314000249213],[-75.59321399993749,39.853268000145825],[-75.593104000332616,39.853232000283249],[-75.592813999904422,39.853123999892667],[-75.592618000085821,39.853027000284612],[-75.592404999650512,39.852914999720596],[-75.592259999885542,39.852812999996168],[-75.59218799991551,39.85275400001202],[-75.592136000036987,39.852703999670105],[-75.592071999564567,39.852644000315202],[-75.591997000119804,39.852534999720824],[-75.591931999822478,39.85221000029324],[-75.591896999662382,39.851809000285819],[-75.591899000210518,39.851526000167276],[-75.591908000431346,39.85144500011846],[-75.591916999753863,39.851412999928058],[-75.591977999853228,39.851284999706998],[-75.592059999868994,39.851170999772478],[-75.592142999709665,39.851097999908617],[-75.592291999672582,39.851007000139617],[-75.592421000442329,39.850977999718012],[-75.592474999970676,39.850963999843017],[-75.592584999575564,39.850935000092917],[-75.592695999903626,39.850906000330561],[-75.592828999973008,39.850870999911365],[-75.59294699997379,39.850831000198653],[-75.593078000393376,39.850780999835294],[-75.593207000264783,39.850743000058948],[-75.593326000090499,39.85068900034058],[-75.593731000146448,39.850399999746372],[-75.59387599991139,39.85028299971826],[-75.594029999897174,39.850139000099539],[-75.594044999965803,39.850119000032826],[-75.594075999927924,39.850074999865505],[-75.594104000415342,39.850003000220603],[-75.59411100008802,39.849939999865846],[-75.594115000285996,39.84931000003531],[-75.594126999981569,39.848895000031554],[-75.594131000179516,39.848770000012408],[-75.594145000423211,39.848586000337086],[-75.594214000020187,39.848202999727292],[-75.594243000332526,39.848064000050734],[-75.594291999837992,39.847880999898607],[-75.594322999800127,39.847660999883999],[-75.594390999572198,39.84740400034093],[-75.594417000409777,39.847309000325367],[-75.594479000334061,39.847041000313382],[-75.594495000227582,39.84687200021569],[-75.594501000075383,39.846807999694697],[-75.594518999618728,39.846692999858575],[-75.594604999832441,39.846156000125177],[-75.59464599984031,39.845865000318135],[-75.594676999802473,39.845691999812722],[-75.59471299978749,39.845410000067673],[-75.594746000297761,39.845285999984391],[-75.594819000092684,39.845064999853527],[-75.594865000123434,39.844898999958417],[-75.594956000360042,39.844706000203182],[-75.595050999896273,39.844558999668273],[-75.595197000384459,39.844250999858815],[-75.595308999639144,39.844050999708465],[-75.595454000302396,39.843813000191304],[-75.59562699965646,39.843564000140809],[-75.595856999810223,39.843198000189247],[-75.595999000100448,39.842983000190017],[-75.596144999690324,39.842682000301643],[-75.596249000345694,39.842509000052765],[-75.596372000369357,39.842346999962849],[-75.596466999905601,39.842277000035622],[-75.596531000378008,39.84223600002538],[-75.596629000287294,39.842174000249436],[-75.596822999557745,39.842050999960826],[-75.597054000434738,39.841861000158666],[-75.597368000254093,39.841593000262741],[-75.597425000155496,39.841536999987632],[-75.597465000338474,39.841496999664649],[-75.597644000438621,39.841261999969284],[-75.597742000347907,39.841146999810647],[-75.597806999746922,39.841026000023561],[-75.597836999884166,39.840943999864209],[-75.59786299982342,39.840763000326689],[-75.597889999587593,39.840226999885012],[-75.597892999960649,39.840072999748791],[-75.597877000067129,39.839927999945381],[-75.597826000013512,39.839758000118913],[-75.597723000081345,39.83950899984881],[-75.597570999745372,39.839233999986071],[-75.597429000353458,39.838996000327093],[-75.597360999683076,39.838883000156777],[-75.59718699960581,39.838716999801285],[-75.597019000274628,39.838569000068425],[-75.596862999740722,39.838442999699673],[-75.596564999814888,39.838222000306509],[-75.595568000105217,39.837643999857832],[-75.594880000192049,39.837524999790503],[-75.594856999727526,39.837527999661418],[-75.594834000161299,39.837531000222],[-75.594763999841092,39.837539000336633],[-75.59469500024413,39.837546000263707],[-75.59460200035771,39.837557000246235],[-75.594532999862409,39.837564999668047],[-75.594464000265447,39.837572999778722],[-75.594371000379027,39.837583000260636],[-75.59430199988374,39.837590999679414],[-75.594186000431108,39.837604000026303],[-75.594140000400358,39.837609000265182],[-75.594048000338844,39.837619000052058],[-75.593839999926388,39.837642000177233],[-75.593584999658248,39.837669999839292],[-75.593376000319196,39.837692999947329],[-75.593191000371277,39.837713000185019],[-75.593099000309763,39.837722999956753],[-75.592834999820809,39.837956999856182],[-75.592624999758527,39.838159000177576],[-75.592541000092936,39.838276000173934],[-75.592388999756963,39.838421000016666],[-75.592110000097705,39.838768000152648],[-75.59187599974598,39.839209000069374],[-75.59159100023895,39.839790000223914],[-75.591290999764979,39.840444999980072],[-75.591212000122255,39.840556000053617],[-75.590986000166438,39.840913999882396],[-75.590884000059191,39.841053999685435],[-75.590740999944074,39.841252000023118],[-75.59059700000401,39.841449999789944],[-75.590217999887329,39.841946000280352],[-75.590056000403933,39.842213000059395],[-75.59001700004589,39.842275999917881],[-75.589817999854247,39.842600000050645],[-75.589679999761984,39.842740999975838],[-75.589618999662619,39.842804000039635],[-75.589569000332219,39.842855000114589],[-75.589170000124042,39.843212999682869],[-75.588740999778651,39.843506999993977],[-75.588327000400184,39.843736999800754],[-75.587858999696721,39.843954999788075],[-75.587776999680941,39.843991999780492],[-75.587633999565824,39.844071000163567],[-75.587488999800868,39.84414800027487],[-75.587347000408954,39.844225000299858],[-75.587129999775669,39.84430300032669],[-75.587103000011496,39.844308000077795],[-75.586944999827736,39.844339000043888],[-75.586902999994948,39.844342999704793],[-75.586769000100645,39.844351999803045],[-75.586569000084111,39.844350999715523],[-75.586449000433504,39.844342999704793],[-75.586338999930334,39.844315000004606],[-75.586255000264757,39.844280999762169],[-75.586199000188259,39.844257999791438],[-75.585311000258542,39.843809999905211],[-75.58487699989027,39.843594999753137],[-75.584645999911601,39.843481000153247],[-75.584090000242895,39.843173000336208],[-75.583824999929021,39.843022000230228],[-75.583628000285543,39.842889999792504],[-75.583301000047399,39.842610999913326],[-75.583036999558445,39.842320999682876],[-75.583000999573429,39.842291999730421],[-75.582866999679126,39.842167000104347],[-75.582731000134984,39.842037999766035],[-75.582659999989872,39.84196900033578],[-75.582438000232031,39.841780999866863],[-75.582061999590081,39.84148400005472],[-75.582028999978121,39.841453000179158],[-75.581963999680781,39.841364000302754],[-75.581858000273897,39.841233000259358],[-75.581803999847224,39.841180000091811],[-75.581776000258145,39.841156999772103],[-75.581726000029406,39.84110199996605],[-75.581705000113018,39.84106599993116],[-75.581635999617717,39.840987000229148],[-75.581563999647713,39.840926000152599],[-75.58150500009647,39.840861000158398],[-75.581449000019973,39.840808999842849],[-75.581368999654046,39.840709999796438],[-75.581336000042072,39.840659000197505],[-75.581311999752629,39.840610000155046],[-75.581288000361496,39.84057700028972],[-75.581155000292114,39.840428000282266],[-75.580998999758194,39.84023099978544],[-75.580975000367047,39.840187000178467],[-75.580941000031871,39.840144000002347],[-75.580875999734545,39.840078999957655],[-75.580761000106804,39.83993900023615],[-75.580653000151784,39.839817999699989],[-75.580611000318981,39.83973899994178],[-75.580551000044508,39.839652999691268],[-75.580508000386828,39.839600999840464],[-75.580183999623401,39.83914299966613],[-75.580124000247267,39.839093999921381],[-75.579925999880544,39.838862000092412],[-75.579879000024889,39.838864999904928],[-75.579855999560351,39.838867000239702],[-75.579786000138455,39.838871000219299],[-75.579693000252036,39.838876999843407],[-75.57964600039638,39.838879999655269],[-75.579576000076173,39.838884999801245],[-75.579459999725216,39.8388920002809],[-75.579319999983127,39.838900999714113],[-75.579203999632171,39.838908000192141],[-75.579109999920846,39.838913000336078],[-75.57901700003444,39.838918999956526],[-75.578900999683484,39.838925999742933],[-75.578784000405932,39.838933000218418],[-75.578690999621202,39.838938999837112],[-75.578597999734782,39.838943999978795],[-75.578480999558906,39.838950999762716],[-75.578365000106274,39.838958000235642],[-75.578247999930412,39.838965000018078],[-75.578155000043978,39.838970000157865],[-75.578062000157573,39.838975999773332],[-75.57794499998171,39.838982000078047],[-75.577852000095291,39.838987999692414],[-75.577708000155255,39.838996000327093],[-75.577590999979378,39.839003000105706],[-75.577452000062223,39.839009999883558],[-75.577334999886347,39.839016999660693],[-75.577195000144258,39.839025000292004],[-75.577124999824051,39.839029000262393],[-75.577055000402183,39.839033000232597],[-75.576961999617438,39.839037999677657],[-75.576867999906113,39.839043999976951],[-75.57677500001968,39.839049000110997],[-75.576658999668723,39.839054999719551],[-75.576518999926648,39.839062999656655],[-75.576425000215309,39.839067999789307],[-75.576379000184573,39.839070000118163],[-75.576332000328904,39.839072999921598],[-75.576239000442484,39.839078000053519],[-75.576169000122277,39.839080999856598],[-75.576076000235858,39.839085999987944],[-75.575959000059996,39.839092999757334],[-75.575866000173576,39.839096999723758],[-75.575771999563941,39.839101999853945],[-75.575656000111309,39.839108000147647],[-75.575585999791102,39.839112000113204],[-75.575468999615239,39.839117999716258],[-75.57537599972882,39.839122999844911],[-75.575165999666524,39.839133000101114],[-75.575003000358222,39.83914100002913],[-75.574769000006498,39.839152999919428],[-75.574605999799886,39.839159999681982],[-75.574373000171377,39.839172000258692],[-75.574163000109081,39.839180999655213],[-75.573953000046799,39.839190999902975],[-75.573766000449055,39.839199999986789],[-75.573556000386773,39.839209000069374],[-75.573346000324491,39.83921800015078],[-75.573205999684077,39.839223999744576],[-75.573019000086333,39.839231999661983],[-75.572762999993301,39.839243000064243],[-75.572552999931034,39.839252000141194],[-75.572366000333261,39.839260000055347],[-75.572131999981536,39.839269000130109],[-75.571829000032849,39.839280999997996],[-75.571572000114884,39.839291000231199],[-75.571479000228464,39.839295000186141],[-75.571432000372809,39.839296999818615],[-75.571174999556533,39.839305999888531],[-75.571012000248231,39.839312000164362],[-75.570871999607846,39.839317000278889],[-75.570731999865743,39.839321999703266],[-75.570592000123668,39.839326999817068],[-75.570474999947805,39.839330999769913],[-75.570370000365827,39.839334000251718],[-75.570240999596066,39.839338999674858],[-75.570147999709661,39.839342000156321],[-75.569983999678115,39.839347999739232],[-75.569773999615848,39.83935400001144],[-75.569563999553552,39.839360999753524],[-75.569330000100152,39.839369000344746],[-75.569190000358049,39.839373000295105],[-75.569121999687695,39.839374999925354],[-75.569027000151436,39.83937799971546],[-75.568792999799712,39.839385000144858],[-75.568675999623835,39.83938799993453],[-75.568535999881746,39.839391999883773],[-75.568417000056073,39.839394999673139],[-75.568253000024541,39.839399999781612],[-75.568089999817929,39.83940499988973],[-75.568042000137353,39.839406000049287],[-75.567950000075825,39.839407999678521],[-75.567832999899977,39.839411000156971],[-75.567693000157888,39.839415000104871],[-75.567554000240719,39.839419000052601],[-75.567411999950494,39.839421999840773],[-75.567295999599537,39.839425000318549],[-75.567155000032542,39.839429000265703],[-75.5670389996816,39.839430999894262],[-75.566922000404048,39.839433999681923],[-75.566805000228172,39.839437000159229],[-75.566710999618536,39.839438999787568],[-75.566570999876447,39.839442000264654],[-75.566477999990042,39.839443999892843],[-75.566407999669821,39.839446000210749],[-75.566291000392269,39.839447999838875],[-75.566127000360751,39.839451999784622],[-75.565893999833932,39.839455999730191],[-75.565842999780315,39.839456999888959],[-75.565729999802414,39.839459999675476],[-75.565590000060311,39.83946199999292],[-75.565450000318236,39.839464999779224],[-75.565379999998015,39.839465999937914],[-75.56528799993653,39.839468000255174],[-75.565099999615555,39.839471000041215],[-75.564960999698371,39.839473999827085],[-75.564841999872698,39.839476000144167],[-75.564656000099845,39.83947899992986],[-75.564514999634554,39.839481000246749],[-75.564445000212658,39.839481999715368],[-75.564352000326238,39.839482999873802],[-75.564257999716588,39.839485000190578],[-75.564164000005263,39.839485000190578],[-75.564046999829401,39.83948799997588],[-75.563953999942981,39.839489000134222],[-75.563860000231642,39.8394900002925],[-75.563697000025044,39.839491999919296],[-75.563579999849154,39.839494000235852],[-75.563415999817636,39.839495999862535],[-75.563276000075547,39.839497000020764],[-75.563205999755368,39.839498000178928],[-75.56283199966154,39.839502000121819],[-75.5624350000015,39.839504999906325],[-75.562178000083563,39.839507000222511],[-75.561874000309942,39.839510000006797],[-75.561453000360459,39.839512000322834],[-75.561148999688527,39.839512999791005],[-75.560869000204349,39.839513999948984],[-75.560470999821092,39.839515000106907],[-75.560284000223348,39.839516000264851],[-75.560027000305411,39.839516000264851],[-75.559770000387459,39.839516000264851],[-75.55958299989139,39.839515000106907],[-75.559325999973453,39.839515000106907],[-75.55920899979759,39.839515000106907],[-75.559069000055487,39.839513999948984],[-75.558759000434094,39.839513999948984],[-75.558268000164418,39.839512000322834],[-75.557870999606067,39.839510000006797],[-75.557402999800914,39.839507000222511],[-75.557052999996557,39.839503999748267],[-75.556724999933508,39.839500999963668],[-75.556468000015542,39.839499000337135],[-75.556304999808944,39.839497000020764],[-75.556071000355516,39.839494999704293],[-75.55567399979715,39.8394900002925],[-75.55548700019942,39.839486999817517],[-75.555276000312219,39.839484000032222],[-75.555066000249923,39.839481000246749],[-75.554925999609537,39.83947899992986],[-75.554761999578005,39.839476000144167],[-75.554621999835916,39.839473999827085],[-75.554342000351738,39.839468999723984],[-75.553943999968496,39.83946199999292],[-75.55364100001978,39.839455999730191],[-75.55345400042205,39.839452999943497],[-75.553220000070311,39.839442000264654],[-75.552985999718587,39.83944299973389],[-75.552659000378767,39.83943499984106],[-75.552401999562477,39.839429000265703],[-75.552028000366988,39.839420000211902],[-75.55165500009808,39.839409999997478],[-75.5513739998907,39.839403000260404],[-75.551299000445937,39.839399999781612],[-75.551116999972734,39.839395999832838],[-75.55083699959026,39.83938799993453],[-75.550557000106082,39.839378999875358],[-75.550322999754357,39.839372000135114],[-75.550205999578509,39.839369000344746],[-75.549902999629793,39.839359000122911],[-75.549618999947668,39.83934899989962],[-75.549501999771792,39.839346000108243],[-75.549430999626694,39.839343999787424],[-75.549361000204797,39.839340999995834],[-75.549197999998185,39.839335999883055],[-75.54896399964646,39.839327999977762],[-75.548777999873607,39.839321999703266],[-75.548613999842075,39.839316000118089],[-75.548427000244345,39.839308999681599],[-75.548217000182063,39.839300999773208],[-75.548007000119767,39.839294000024971],[-75.547819999623698,39.839287000276066],[-75.547633999850873,39.83927899967528],[-75.54725999975706,39.839265000173654],[-75.547073000159301,39.839257000260091],[-75.546863000097019,39.839248999655851],[-75.546699999890407,39.83924199990232],[-75.546489999828111,39.839232999824063],[-75.546350000086036,39.839227000231048],[-75.546140000023755,39.83921800015078],[-75.545883000105803,39.839206999744562],[-75.545555999867659,39.839192000065644],[-75.545299999774613,39.839180000182161],[-75.545020000290435,39.839167000133621],[-75.544832999794394,39.839158000045529],[-75.544646000196636,39.839150000119496],[-75.544412999669817,39.839138000228665],[-75.544202999607535,39.839127999973194],[-75.543899999658819,39.839113000277017],[-75.543667000030325,39.839100999690004],[-75.543456999968029,39.83908999995478],[-75.543083999699135,39.839070000118163],[-75.542826999781198,39.839055999884152],[-75.54254700029702,39.839041000172259],[-75.542198000317555,39.839021000321381],[-75.5420109998215,39.839011000048821],[-75.541661000017115,39.838991000189196],[-75.541312000037678,39.838970000157865],[-75.540985999624425,39.838950999762716],[-75.540870000171793,39.8388920002809],[-75.540048000364322,39.838913000336078],[-75.539716000103297,39.838925000266222],[-75.53958499968374,39.838863000259821],[-75.539515000261844,39.838859000279768],[-75.539468000406202,39.838855999777209],[-75.539422000375438,39.838852999964303],[-75.539374999621458,39.838850000151261],[-75.539281999735024,39.838843999835071],[-75.53914199999295,39.838834999704588],[-75.539025999641993,39.838826999740931],[-75.538909000364441,39.838818999776336],[-75.538815999579697,39.838813000147219],[-75.538700000127079,39.83880500018099],[-75.538629999806872,39.838800000029188],[-75.538536999920453,39.838793999708571],[-75.538397000178364,39.838785000261325],[-75.538257000436289,39.838774999954445],[-75.538141000085332,39.838766999983797],[-75.538024999734375,39.83875900001221],[-75.537814999672094,39.838744000235451],[-75.537699000219462,39.838736000261193],[-75.537558999579048,39.838725999947172],[-75.537418999836973,39.838716000321483],[-75.537279999919789,39.838706000004557],[-75.537162999743927,39.838698000025865],[-75.53700100026056,39.838686000056057],[-75.536838000053933,39.838674000084211],[-75.536720999878057,39.83866499993151],[-75.536560000219581,39.83865299995594],[-75.536464999785025,39.838646000141708],[-75.536303000301629,39.838634000162806],[-75.536162999661229,39.838622999663045],[-75.536093000239347,39.838618000187772],[-75.535976999888405,39.838609000027681],[-75.535861000435744,39.838599999866474],[-75.535744000259896,39.838590999704024],[-75.535651000373477,39.838583999883468],[-75.535605000342713,39.838579999887109],[-75.535511999557983,39.838573000065431],[-75.535395000280431,39.838563999899449],[-75.535278999929474,39.838554999732331],[-75.535140000012291,39.838543999909646],[-75.534976999805693,39.838530999740705],[-75.534837000063604,39.838518999741765],[-75.534720999712647,39.838510000258488],[-75.534627999826228,39.838502000256973],[-75.534512000373596,39.838493000081726],[-75.534396000022625,39.838482999732271],[-75.53425600028055,39.838471999898111],[-75.534117000363381,39.838459999888805],[-75.533976999722981,39.838449000050908],[-75.533837999805797,39.838437000037651],[-75.533744999919392,39.838429000027617],[-75.533581999712766,39.838414999662973],[-75.533466000260134,39.838404999991958],[-75.53328299996204,39.838390000137871],[-75.533164000136324,39.83837999977348],[-75.533071000249933,39.838371000271984],[-75.53293200033275,39.838359000245092],[-75.532745999661586,39.838343000205938],[-75.532559999888761,39.838327000163048],[-75.532350999651385,39.838308000279724],[-75.532189000168003,39.838293999890425],[-75.532025999961377,39.838279000012037],[-75.531841000013443,39.838261999778098],[-75.531748000127024,39.838253999747685],[-75.531608000384935,39.838241000213628],[-75.531468999569455,39.838227999987325],[-75.531190999735117,39.838202000217116],[-75.530982000396037,39.83818300029921],[-75.530744999671271,39.838160999843176],[-75.530629000218639,39.83814999995738],[-75.530466000012012,39.838133999869534],[-75.530280000239173,39.838117000289444],[-75.530163999888217,39.838105999706862],[-75.530071999826717,39.838097000169469],[-75.529932999909548,39.838083999915895],[-75.529769999702921,39.838067999812672],[-75.529584999754988,39.838050000037001],[-75.529491999868583,39.83804099980248],[-75.529330000385201,39.838024999689232],[-75.529189999744773,39.838010999932024],[-75.528982000230641,39.837990999781127],[-75.528843000313472,39.837977000016984],[-75.528680000106846,39.837960999888828],[-75.52842499983872,39.837935000017545],[-75.528263000355324,39.837918999879605],[-75.528100999973617,39.837902000246281],[-75.527955000383756,39.837887000282336],[-75.527892999561175,39.837880999881946],[-75.527730000252859,39.837864000239222],[-75.527567999871152,39.837846999902538],[-75.527392000144047,39.837827999886422],[-75.527266999572262,39.837815999764651],[-75.527105000088881,39.837799000105839],[-75.526966000171697,39.837784000119392],[-75.526688000337359,39.83775400013662],[-75.526503000389425,39.837735000094831],[-75.526341000007719,39.837717000231819],[-75.526202000090564,39.837702000227459],[-75.52601700014263,39.837681999986629],[-75.525854999760909,39.83766400010974],[-75.525785000339027,39.837657000194689],[-75.525739000308278,39.837650999774198],[-75.525647000246764,39.837640999991983],[-75.525554000360344,39.837631000208312],[-75.525415000443189,39.837616000185172],[-75.525229999596931,39.837594999733376],[-75.524998999618262,39.837568999723523],[-75.524837999959772,39.837549000133706],[-75.524791000104102,39.837546000263707],[-75.524720999783895,39.837538000149877],[-75.524582999691646,39.837521999919453],[-75.524443999774476,39.837505999685298],[-75.524282000291095,39.837487999762324],[-75.524165999940138,39.837473999895593],[-75.524073999878624,39.837464000087607],[-75.524027999847874,39.83745800034005],[-75.52393499996144,39.837447999839938],[-75.523866000364478,39.837439999714704],[-75.523772999579734,39.837428999713481],[-75.523703999982757,39.837421000275775],[-75.523611999921272,39.837410000271504],[-75.523541999601051,39.83740200014185],[-75.523450000437862,39.837391000134488],[-75.523380999942574,39.837383000002617],[-75.523242000025391,39.837366000236621],[-75.523103000108236,39.837349999966115],[-75.523011000046722,39.837338999950425],[-75.522941999551421,39.837330999812494],[-75.52284899966503,39.837319999793813],[-75.522780000068053,39.837311000153413],[-75.522734000037275,39.837305999892841],[-75.522663999717096,39.837297999751065],[-75.522617999686332,39.837291999989006],[-75.52254900008937,39.837283999845603],[-75.522479999594083,39.837275000200535],[-75.522386999707663,39.837264000172837],[-75.522294999646149,39.83725300014337],[-75.5222489996154,39.837246999687586],[-75.52215599972898,39.837235999655398],[-75.522109999698216,39.837229999887981],[-75.522084999583868,39.837221000235779],[-75.521971999605967,39.837213000084105],[-75.52190200018407,39.837204999931494],[-75.521810000122571,39.837193999892591],[-75.521718000061057,39.837181999660025],[-75.521672000030307,39.837177000079812],[-75.521574999945926,39.837164999844283],[-75.521458999594969,39.837149999719365],[-75.521321000401016,39.837132999895694],[-75.521205999874979,39.837118999956594],[-75.521135999554787,39.837110000289904],[-75.520998000360834,39.83709299976654],[-75.520952000330084,39.837086999986568],[-75.520767000382151,39.837063000171725],[-75.520629000289901,39.837046000326566],[-75.520491000197637,39.837028000283027],[-75.520306000249704,39.837004999952228],[-75.520144999692903,39.836984000003405],[-75.519983000209521,39.836963000048158],[-75.51982199965272,39.836942000086474],[-75.519729999591206,39.83692999980984],[-75.519660999994244,39.836921000118387],[-75.519544999643287,39.836905999940122],[-75.518655999888665,39.836788999679136],[-75.518439999978597,39.836760000149624],[-75.518255000030663,39.836735000022102],[-75.518094000372187,39.836712999791963],[-75.517932999815386,39.836691999753846],[-75.517726000126146,39.836663000183314],[-75.51751900043692,39.836635000110704],[-75.517357999880119,39.836612999848526],[-75.517243000252407,39.836597000092397],[-75.517197000221657,39.836591000269095],[-75.517127999726341,39.836581000332544],[-75.517059000129379,39.836570999704719],[-75.516989999634092,39.836561999966165],[-75.516897999572592,39.836549000111845],[-75.516806000409403,39.836536000255052],[-75.516714000347889,39.836522999705998],[-75.516644999852602,39.836513999961156],[-75.51657600025564,39.836504000013385],[-75.516484000194112,39.836491000148079],[-75.516414999698824,39.836481000196962],[-75.516322999637325,39.836468999839767],[-75.516276999606575,39.836461999802928],[-75.516254000040348,39.836458999885444],[-75.516208000009598,39.836451999847533],[-75.516161999978834,39.83644600001162],[-75.516047000351122,39.836429000013688],[-75.515977999855821,39.836420000256531],[-75.515931999825057,39.836413000214698],[-75.515885999794307,39.836406999685522],[-75.515863000228094,39.836403000252218],[-75.515817000197345,39.836396999722169],[-75.515747999702043,39.836386999757366],[-75.515679000105081,39.836376999791042],[-75.515609999609794,39.836366999823326],[-75.515563999579044,39.836360999979945],[-75.515494999982067,39.836351000009898],[-75.515448999951317,39.836343999961016],[-75.515380000354355,39.836333999988454],[-75.515334000323591,39.836326999937846],[-75.515265999653209,39.836316999962854],[-75.51521999962246,39.836311000115089],[-75.515151000025497,39.836301000137766],[-75.515104999994733,39.83629400008374],[-75.515012999933205,39.836281000178687],[-75.514833999833073,39.836254999671382],[-75.514668999976621,39.836231000255601],[-75.514463000112315,39.836200000078023],[-75.514254999699844,39.836170000093134],[-75.514140000072132,39.836153000026933],[-75.513956999774024,39.836124999746339],[-75.513796000115548,39.836101000285126],[-75.51370400005402,39.836088000343544],[-75.513612999817425,39.836074000191424],[-75.513544000220463,39.836064000179583],[-75.513428999694412,39.836045999878685],[-75.513222999830106,39.836014000098466],[-75.513062000171601,39.835991000117943],[-75.512900999614814,39.83596599971046],[-75.512728000260779,39.835939000253489],[-75.512546999612482,39.835912000096101],[-75.512437000007623,39.835894999966051],[-75.512278999823891,39.835870999734645],[-75.512094999700864,39.835841999817461],[-75.511912000301081,39.835814000099944],[-75.511796999775029,39.835795999733463],[-75.511614000375261,39.83576699978466],[-75.511499999674115,39.835749000095731],[-75.511431000077138,39.8357379998236],[-75.511293999809794,39.835715999963902],[-75.510904999647352,39.835653999819705],[-75.510538000124555,39.835595000264661],[-75.51012700022082,39.83552899983723],[-75.509760999624618,39.835468999957968],[-75.5093720003605,39.835404999845061],[-75.509121000290335,39.835363999870715],[-75.508869000395251,39.835322000342693],[-75.508549999654718,39.835268000222001],[-75.508229999987563,39.835215000279391],[-75.50800200038195,39.835175999944141],[-75.507635999785748,39.835114000002299],[-75.507499000416701,39.835090999720336],[-75.507408000180092,39.835075000299454],[-75.507225999706918,39.835044000289926],[-75.506974999636753,39.835001000342579],[-75.506654999969598,39.834945000210325],[-75.506404999724339,39.834902000200998],[-75.506107999623438,39.834850000201868],[-75.505902999584023,39.834814000338589],[-75.505515999969717,39.834744999858131],[-75.505219999693708,39.834692999740142],[-75.505038000118844,39.834659999790759],[-75.504809999614878,39.834619000061508],[-75.504560000267958,39.834574000078099],[-75.504286999558161,39.83452499983273],[-75.504104999983284,39.834491999802637],[-75.503945000149713,39.834462999993022],[-75.503740999935218,39.834425000152628],[-75.503376999887138,39.834357999747482],[-75.503103000250761,39.834307999804054],[-75.502831000264194,39.834257000279528],[-75.502513000246879,39.834196999978907],[-75.502422000010284,39.834180000114145],[-75.502241000260312,39.834145000135862],[-75.502058999787124,39.834110999686537],[-75.501832000006402,39.834067000297445],[-75.50160500022568,39.834023999738442],[-75.501404000384227,39.833985000106523],[-75.50119699979669,39.833945000213376],[-75.500992999582181,39.833905999846763],[-75.50076699962635,39.833862000326356],[-75.500476000271533,39.833804999714211],[-75.500335999631147,39.833776999856063],[-75.500222999653246,39.833755000058062],[-75.500132000314949,39.83373699984179],[-75.500019000337048,39.833715000030978],[-75.499906000359147,39.833693000213117],[-75.499769999916708,39.833665999862617],[-75.499634000372595,39.83363900019129],[-75.499497999930142,39.833611999819574],[-75.499295000438863,39.833571000154585],[-75.49911399979058,39.833535000310775],[-75.499022999554001,39.833517000036856],[-75.498955999606849,39.833503000050506],[-75.498887999834778,39.833489000061299],[-75.498774999856877,39.833467000171055],[-75.498594000106905,39.833430000026219],[-75.498344999686566,39.833380000097037],[-75.498187000401117,39.833347000206651],[-75.497984000011542,39.833305999693643],[-75.497779999797046,39.833264000286853],[-75.49755399984123,39.833217999855933],[-75.497395999657485,39.833184999887678],[-75.497215999732433,39.833148000280715],[-75.497013000241154,39.833106000087525],[-75.496831999592871,39.833068000186167],[-75.496674000307436,39.833035000145891],[-75.496516000123691,39.833002000089763],[-75.496336000198639,39.832964000130872],[-75.496178000014893,39.832931000040638],[-75.496019999831134,39.832897999934545],[-75.495861999647389,39.832864000247632],[-75.495659999981029,39.832821000315128],[-75.495569999569341,39.832802000288275],[-75.495501999797284,39.832788000156185],[-75.495388999819383,39.832764000218745],[-75.495258000298122,39.832734999679587],[-75.495141999947165,39.832710999723616],[-75.494961000197208,39.832672000036034],[-75.494781000272155,39.832633000326297],[-75.4945109999354,39.832574999814931],[-75.494376000216192,39.832545999885774],[-75.494218999857353,39.832510999764665],[-75.494037000282475,39.832471999963516],[-75.493834999717791,39.832426999953185],[-75.493565000279375,39.832367999695677],[-75.493498000332224,39.832352999902731],[-75.49329599976754,39.832307999814439],[-75.493070999636657,39.832257999758419],[-75.493003999689492,39.832242999941442],[-75.492959000381958,39.832233000061684],[-75.492914000176114,39.832223000180406],[-75.492846000404072,39.832207999666004],[-75.492802000023133,39.832197999781094],[-75.492756999817288,39.832187999894771],[-75.492711999611458,39.832178000006948],[-75.492555000150929,39.832142999698334],[-75.492442000173014,39.832117999959749],[-75.492263000072882,39.832077000092838],[-75.492196000125745,39.832062000236341],[-75.492061000406522,39.832031999823734],[-75.491949000253527,39.832007000044683],[-75.491791999894687,39.831971000071029],[-75.491746999688843,39.831961000151615],[-75.49161299979454,39.831930000116323],[-75.491500999641559,39.831905000300225],[-75.491276000408959,39.831853000101646],[-75.491208999563497,39.831838000196285],[-75.491074999669195,39.831807000105492],[-75.49096300041451,39.831782000244566],[-75.49076099984984,39.831734999929616],[-75.490605000214231,39.831698999813391],[-75.490469999596698,39.831667999659814],[-75.490224000447725,39.831610999986346],[-75.490067000088885,39.831574000221394],[-75.489866000247432,39.831526999764129],[-75.489687000147299,39.831484999959372],[-75.489530999613379,39.831448999712144],[-75.48937400015285,39.831411999859938],[-75.489240000258548,39.831379999990318],[-75.489039000417094,39.831333000090112],[-75.488882999883174,39.831296000175428],[-75.488703999783027,39.831252999951211],[-75.488591999630032,39.831227000299918],[-75.488457999735729,39.831195000344117],[-75.488323999841427,39.831162999683613],[-75.488235000152969,39.831140999738189],[-75.488034000311515,39.831093000083769],[-75.487655000194835,39.831002000014465],[-75.487454000353381,39.830952999980276],[-75.487187000389682,39.830888000204766],[-75.487097999802913,39.830866000171326],[-75.486942000167303,39.83082799972064],[-75.486563000050609,39.830735999704345],[-75.486363000034075,39.830685999883741],[-75.486029000123239,39.830603999795649],[-75.485916999970229,39.830576000012378],[-75.485783999900846,39.830543000154577],[-75.485471999731317,39.830465999964865],[-75.485361000301538,39.830438000125362],[-75.485228000232169,39.83040500020126],[-75.484870000031862,39.830315000202312],[-75.484715000221172,39.830275000241592],[-75.484582000151789,39.830240999946177],[-75.484337999754317,39.830178999688911],[-75.484227000324537,39.830150999732368],[-75.484004999668372,39.830094000179862],[-75.483739000427903,39.83002600008296],[-75.483649999841134,39.830003000166847],[-75.483428000083293,39.829945999801673],[-75.483117999563561,39.829866000117036],[-75.482985000392503,39.829832000309061],[-75.482829999683489,39.829790999767596],[-75.482564000443034,39.829721999760068],[-75.482432000198543,39.829687000269679],[-75.482254999748221,39.829641000202749],[-75.481988999609456,39.829570999741854],[-75.48185600043837,39.829536000174478],[-75.481701999554261,39.829495000146167],[-75.481546999743571,39.829454000093378],[-75.481458999880005,39.82943099998576],[-75.481325999810636,39.82939599965723],[-75.481215000380843,39.829366000149861],[-75.481104999877687,39.829337000245701],[-75.481038999755441,39.829319000251445],[-75.476461999839543,39.827941000180999],[-75.475352999976877,39.827614999905144],[-75.473311999803599,39.827016999982582],[-75.472659999875432,39.826801999687746],[-75.47263700030922,39.826811000015212],[-75.47244499979027,39.826884000174772],[-75.472375000368402,39.826862999891098],[-75.472178999651504,39.826803999683989],[-75.472114000252489,39.826785000062529],[-75.471852000311657,39.826705999800929],[-75.471634999678372,39.826639999800868],[-75.471547999639739,39.826613999783476],[-75.471309000163458,39.82654100002695],[-75.471113000344857,39.826480999885419],[-75.470961000008913,39.826434999741444],[-75.470786999931633,39.826381000223066],[-75.470657000235292,39.826341000041396],[-75.470549000280258,39.826308000218908],[-75.4704179998607,39.826267999994734],[-75.470331999646973,39.826241000175223],[-75.470180000209311,39.826194000208531],[-75.469984000390724,39.826133999764018],[-75.469572999588678,39.826006000020321],[-75.469290999556378,39.825917999799522],[-75.469009000422375,39.825830000155875],[-75.468533000221314,39.825680000221276],[-75.468186999716607,39.825571000284121],[-75.467928000148817,39.825487999937529],[-75.46745000029793,39.825335999907296],[-75.467190999831857,39.825252999966679],[-75.467083999701742,39.825218000269224],[-75.466825000133952,39.825135000186108],[-75.466328999841409,39.824974000187801],[-75.466092999839859,39.824896999965283],[-75.465856000013403,39.824819999656427],[-75.465598000270532,39.824734999726019],[-75.465296999971642,39.824635999966702],[-75.465125000442512,39.824579999663371],[-75.464759999671216,39.824458999665254],[-75.464373000056938,39.824331000250616],[-75.464223000269087,39.824280999907863],[-75.464116000138986,39.824245000024888],[-75.463793999923709,39.824137000262816],[-75.463408999959228,39.824007999864556],[-75.463238000255018,39.823949999660108],[-75.463065999827563,39.823892000096571],[-75.462895000123339,39.823833999794147],[-75.462702999604403,39.823769000182132],[-75.462466999602853,39.823689000203764],[-75.462338999556323,39.823644999658512],[-75.462083000361602,39.8235569998633],[-75.461783999712566,39.82345499999105],[-75.461534000365603,39.823369000048757],[-75.4612930003412,39.823285999801804],[-75.46110099982225,39.823219000260778],[-75.460845999554124,39.823130000213432],[-75.460590000359403,39.82304100005075],[-75.460356000007664,39.822960000205633],[-75.46005800008183,39.822855000315428],[-75.459739000239608,39.822743000209634],[-75.459293000175776,39.822585999673997],[-75.458656000316239,39.822358999939496],[-75.458591999843819,39.822336999934492],[-75.45848600043692,39.822299000285561],[-75.45835900021531,39.822253000101433],[-75.458231999993714,39.822208000296506],[-75.458042000022886,39.822139000262368],[-75.457956999634092,39.822107999934516],[-75.457787999579693,39.822047000339055],[-75.457638999616776,39.821993999854847],[-75.457448999645976,39.821925000295764],[-75.457279999591563,39.821863999847942],[-75.457111000435489,39.821802000309951],[-75.45694200038109,39.821740000026097],[-75.456836000075867,39.821702000047068],[-75.456667000021483,39.821639999672996],[-75.45649799996707,39.821577999932892],[-75.456328999912671,39.821516000136896],[-75.456245000247094,39.821485000217891],[-75.456097000109068,39.82143100025889],[-75.455928999879575,39.821369000330208],[-75.455717999992387,39.821290999784132],[-75.455528000021602,39.821220999784764],[-75.455359999792122,39.821157999931366],[-75.455169999821308,39.821087999796525],[-75.455023000406527,39.821032999788372],[-75.454916000276398,39.82099299994298],[-75.45474999969673,39.820931000309123],[-75.454603000281963,39.820876000175318],[-75.454497999801646,39.820836999978525],[-75.454349999663663,39.820781000028703],[-75.45418200033248,39.820717999771908],[-75.454035999844308,39.820666000074993],[-75.453951000353797,39.820631000110851],[-75.453742000116435,39.820551999672929],[-75.453594999803343,39.82049600018081],[-75.45349000022135,39.820456999768361],[-75.45330100007547,39.820385000116318],[-75.453112999754495,39.82031299969892],[-75.452881999775812,39.820224999776265],[-75.452673000436732,39.820144999811461],[-75.452443000282983,39.82005699967366],[-75.452192000212818,39.819961000022033],[-75.451878000393449,39.819840000169513],[-75.451607000231789,39.819735000341502],[-75.451273000320967,39.819605000200717],[-75.451001000334387,39.819499000254211],[-75.450751000089141,39.819402000062226],[-75.450500999843882,39.819303999971119],[-75.450418000003211,39.819271000218727],[-75.450252000321854,39.819204999976492],[-75.450105999833681,39.819148000312204],[-75.450064000000893,39.819131000173172],[-75.449981000160193,39.81909900010298],[-75.449898000319536,39.819066000252207],[-75.449836000395237,39.819040999894689],[-75.449793999664138,39.819023999729197],[-75.449752999656255,39.819008000016069],[-75.449668999990678,39.818975000121547],[-75.449586000150006,39.818942000211223],[-75.449545000142109,39.818925000021238],[-75.449515999829799,39.818915000272753],[-75.449398999653937,39.818868000124652],[-75.449315999813251,39.818835000162949],[-75.449191999964697,39.818784999960734],[-75.449005000366952,39.818709999934242],[-75.448943000442668,39.818685000137201],[-75.448797999779387,39.818627000269437],[-75.448673000105927,39.81857699991594],[-75.448487000333074,39.818501999662452],[-75.448425000408804,39.818476999789745],[-75.448279999745537,39.818418999746434],[-75.448134999980581,39.818359999878226],[-75.447907000374954,39.818267999725393],[-75.447761999711688,39.818210000195684],[-75.447637999863119,39.818158999759866],[-75.447452000090294,39.818083999740139],[-75.447328000241725,39.818032999900815],[-75.447225000309558,39.817991000126455],[-75.447122000377405,39.817949000326429],[-75.446997999630526,39.817897999696875],[-75.446894999698372,39.817855999840013],[-75.446770999849804,39.81780499983148],[-75.446626999909753,39.817746000126093],[-75.446503000061213,39.81769500003594],[-75.446400000129046,39.817652000268716],[-75.446297000196878,39.817610000261524],[-75.446214000356207,39.817575999908293],[-75.446194000264711,39.817566999751122],[-75.446091000332544,39.817524999691976],[-75.446029000408274,39.817498999675337],[-75.445988000400405,39.817481999818384],[-75.445863999653525,39.817431000222271],[-75.445781999637759,39.817396999780534],[-75.445721000436706,39.817370999715472],[-75.445637999697709,39.817336999934042],[-75.445596999689826,39.817320000037022],[-75.445472999841272,39.817269000320685],[-75.445390999825506,39.817234000006422],[-75.445267999801871,39.817183000226272],[-75.445185999786105,39.817148999661839],[-75.44504199984604,39.817089000288846],[-75.444959999830274,39.817053999882859],[-75.444774999882355,39.81697699975507],[-75.444589999934436,39.816898999743742],[-75.444467999735693,39.816847999714994],[-75.444343999887124,39.816795000050931],[-75.444241999779891,39.816751999720601],[-75.444118999756228,39.816699999782621],[-75.44401599982406,39.816657000082863],[-75.443892999800426,39.816605000073061],[-75.443811999609579,39.816570000110588],[-75.443647999578047,39.816500999935357],[-75.443546000369096,39.816457000307409],[-75.443443000436957,39.816412999961294],[-75.443341000329696,39.81637000008196],[-75.443218000306047,39.816317999854959],[-75.443116000198785,39.816274000109907],[-75.44299400000007,39.816221000003146],[-75.442891000067902,39.81617800000371],[-75.442768999869173,39.816124999822968],[-75.442666999761897,39.816080999954302],[-75.442543999738263,39.816029000198654],[-75.442422000437844,39.815975999903017],[-75.442300000239101,39.815923000256468],[-75.442218000223335,39.815887999946746],[-75.44215700012397,39.81586100018847],[-75.442072999560068,39.815825000034295],[-75.442012000359028,39.815799000064544],[-75.441930000343262,39.81576299987789],[-75.441849000152402,39.815728000176712],[-75.441767000136622,39.815692999767691],[-75.441706000037257,39.815665999932811],[-75.441665999854294,39.815647999807005],[-75.441604999754929,39.815621999770293],[-75.441522999739178,39.81558600018095],[-75.441401000438745,39.815533000233664],[-75.441320000247885,39.815497999725338],[-75.441238000232119,39.815462000071044],[-75.44119800004917,39.815443999891819],[-75.441099000314964,39.815398999768114],[-75.440994999659551,39.815355999944359],[-75.440892999552318,39.815310999763085],[-75.44083200035125,39.815283999778146],[-75.440791000343381,39.815266000242318],[-75.440710000152521,39.815231000287994],[-75.440608999870179,39.815186000024887],[-75.440506999762931,39.815142000245103],[-75.440427000295301,39.815105999714284],[-75.440365000371031,39.815079000338876],[-75.44020299998931,39.815006999882442],[-75.440040999607604,39.814935999866421],[-75.439838000116339,39.814846000304442],[-75.439716999742501,39.814791999958622],[-75.439575000350601,39.814728999731578],[-75.439392999877413,39.81464799974912],[-75.439211000302535,39.8145669996712],[-75.439028999829333,39.81448499966546],[-75.43892800044533,39.814440000293928],[-75.438705999789136,39.814339999668327],[-75.438463000114893,39.814230999683204],[-75.438120999808135,39.81407699991604],[-75.437939000233271,39.813995000015701],[-75.43769800020884,39.813885000332455],[-75.437456000359504,39.813774999783078],[-75.437254999619739,39.813684000236869],[-75.437235000426554,39.813673999725864],[-75.43717400032719,39.813646999787892],[-75.437073999869767,39.813601000022501],[-75.436994000402137,39.813564000218832],[-75.436933000302773,39.813537000237716],[-75.436893000119795,39.813517999707912],[-75.436852999936818,39.813499999709556],[-75.436772999570891,39.813462999851581],[-75.436611999912415,39.813389000075858],[-75.436451000253925,39.813315000220427],[-75.436350999796502,39.813269000232843],[-75.436231000145909,39.813214000177275],[-75.43608999968059,39.813149000180339],[-75.435990000121478,39.813103000081675],[-75.43586999957256,39.813047000040029],[-75.435749999921967,39.81299099995276],[-75.435669999556026,39.812953999820735],[-75.435569999996915,39.81290800028161],[-75.43543000025484,39.812842000139092],[-75.435329999797389,39.812795999834968],[-75.435289999614412,39.81277699979038],[-75.435169999963833,39.812721000173134],[-75.435050000313225,39.812664999820271],[-75.43490999967284,39.812599999994177],[-75.434790000022232,39.812544000232791],[-75.434670000371639,39.81248799973568],[-75.434491000271478,39.812402999731916],[-75.434390999814056,39.812355999960715],[-75.434251000071981,39.812289999978169],[-75.434092000063302,39.812214999764294],[-75.433994000154016,39.812168999730616],[-75.433873999605098,39.81211199975116],[-75.433635999953751,39.811999000209092],[-75.433497000036567,39.81193299988378],[-75.433357000294492,39.811866000314673],[-75.433297999844939,39.811837999795642],[-75.43323799957048,39.811809000084004],[-75.433179000019251,39.811781000231811],[-75.433098999653311,39.811743000266262],[-75.432979999827623,39.811685999933609],[-75.432901000184899,39.811647999915593],[-75.432782000359225,39.811591000194163],[-75.432681999901774,39.811542999992596],[-75.432563999901021,39.811486000184146],[-75.432484000433391,39.811448000055577],[-75.432364999709392,39.811390000290913],[-75.432265999975186,39.811342999827083],[-75.43216700024098,39.811295000142394],[-75.432087999699959,39.811256999908238],[-75.431948999782776,39.811189999680252],[-75.43185000004857,39.811141999888733],[-75.431752000139284,39.811094000063697],[-75.43171199995632,39.811073999666668],[-75.431633000313582,39.811036000000392],[-75.431533999681079,39.810988000101347],[-75.431455000038355,39.810949999697428],[-75.431336000212667,39.810892000202685],[-75.431256999671646,39.810852999860543],[-75.431138999670864,39.810796000169972],[-75.431060000028168,39.810756999773361],[-75.430961000293962,39.810708999679498],[-75.430882999577832,39.81066999992354],[-75.430723999569182,39.810593000234306],[-75.430605999568385,39.810534999748299],[-75.430507999659113,39.810487000189489],[-75.430429000016375,39.810448000307588],[-75.430311000015621,39.810389999699233],[-75.430212000281415,39.810341000146522],[-75.4301140003721,39.810292999762176],[-75.429994999648116,39.810234999713117],[-75.429916999830297,39.810195999688254],[-75.429798999829544,39.81013800024737],[-75.429740000278315,39.810107999922522],[-75.429640999645798,39.810060000065555],[-75.429582000094555,39.810029999706607],[-75.429464000093787,39.809972000125676],[-75.429288000366697,39.809884000073204],[-75.429032000273651,39.809757000324225],[-75.428953999557521,39.809718000028226],[-75.428797000097006,39.809640000059886],[-75.428619999646685,39.80955200027244],[-75.428443999919594,39.809462999776905],[-75.428346000010293,39.809414000253511],[-75.428274999865195,39.80937900007968],[-75.428170000283203,39.809326000176767],[-75.428091999567073,39.80928599972826],[-75.428052000282435,39.809267000093648],[-75.427973999566305,39.809227000300886],[-75.427915000015091,39.809198000177794],[-75.427837000197286,39.809158000344837],[-75.427739000287971,39.809108999913974],[-75.42766099957187,39.809069999940448],[-75.427602999845547,39.809039999839548],[-75.427504999936261,39.808991000014665],[-75.427446000385018,39.808960999879282],[-75.427387999760398,39.808930999730826],[-75.42730999994258,39.808891999656311],[-75.427251000391351,39.808862000167814],[-75.427172999675236,39.808822000139415],[-75.427056000397684,39.808763000313775],[-75.426977999681554,39.808723000227722],[-75.42689999986375,39.808684000035207],[-75.426822000045945,39.808643999903175],[-75.426666000410336,39.808565000177943],[-75.426334999974245,39.808395000024589],[-75.426139999980577,39.808296000188136],[-75.425828999635954,39.808135999997674],[-75.425478999831583,39.807956000200868],[-75.425110999585542,39.807765999942447],[-75.424569000160545,39.807482999818916],[-75.424183000371173,39.807279999761363],[-75.423950999669273,39.807157999727409],[-75.423565999704806,39.806954000148515],[-75.423257999733224,39.80679099976242],[-75.423103999747454,39.806709000141808],[-75.421569999737358,39.805640999702604],[-75.420942000098634,39.805282000341563],[-75.420055999818743,39.804773999747923],[-75.418705000106755,39.803999999938952],[-75.418347999731381,39.803797999937181],[-75.41788999997199,39.803534999879176],[-75.416687000397999,39.802851000127156],[-75.416526999666118,39.802759999922799],[-75.415062000151323,39.801918999925938],[-75.415021999968346,39.802003999779899],[-75.414734999913151,39.802137000119977],[-75.412468999608961,39.80318699983858],[-75.410192000332458,39.804237000086452],[-75.409053000332577,39.80465000014712],[-75.403736999551541,39.807511999975368],[-75.403411000036627,39.807703000176694],[-75.4033249998229,39.80778799978134],[-75.403210000195187,39.807901000034782],[-75.398417000369193,39.810467000305913],[-75.395411000273299,39.812325999913782],[-75.389849000343304,39.815947999678251],[-75.383190000246216,39.820284000113176],[-75.382541999617686,39.820582000269148],[-75.382478999868496,39.820610999729091],[-75.378790999707206,39.823036000131246],[-75.378392000397355,39.823297999702376],[-75.376381000361292,39.824622000240133],[-75.374884999986037,39.825605999801759],[-75.37462600041826,39.82576600003069],[-75.372160999922443,39.827291999780108],[-75.371729999927226,39.82755899996021],[-75.371626000170139,39.827657000006326],[-75.371418999582602,39.82781799992641],[-75.37117599990836,39.827998000140184],[-75.371058999732483,39.828085000131942],[-75.367866000038831,39.830441999905993],[-75.363686999607864,39.833380000097037],[-75.360589000348781,39.835559000102101],[-75.358760999712501,39.836844999687429],[-75.35653399976637,39.838411999830811],[-75.355869000317725,39.838880999822464],[-75.354401000429888,39.839917000342616],[-75.353531999868423,39.839902000129015],[-75.353393999776173,39.839985999765524],[-75.35324200033854,39.840092999983057],[-75.351053000027235,39.84135499981285],[-75.349888999913006,39.842094000322305],[-75.348512000261749,39.842966999848791],[-75.347006999665652,39.843800999735926],[-75.346314999554522,39.844158999889622],[-75.345811999589287,39.844367999821522],[-75.345734999596374,39.844405000281121],[-75.345491000097226,39.84451199982027],[-75.345231999631139,39.844625999777492],[-75.344988000131991,39.844741000316979],[-75.344742999909585,39.84485499989399],[-75.344513999580727,39.844970000049955],[-75.344285000150208,39.845082999859606],[-75.343994999721971,39.84518999972159],[-75.343733999606059,39.845289000205931],[-75.343490000106911,39.84538799985787],[-75.343245999709438,39.845494999934246],[-75.342987000141662,39.845609999707904],[-75.342711999782054,39.845722999843652],[-75.342621000443771,39.845769000175203],[-75.342422000252142,39.845844999695963],[-75.342086999618061,39.845960000262743],[-75.341766000126015,39.846081999693915],[-75.341648999950152,39.84609299968853],[-75.341433000040084,39.846112000176646],[-75.330432000203729,39.849012999686288],[-75.323230999783334,39.849812999664699],[-75.318530999843787,39.84991299969613],[-75.316530999678378,39.850012000266553]]]},"properties":{"NAME":"Delaware County","STATE":"42","COUNTY":"045","GEOID":"42045"}}]}