{"type": "FeatureCollection", "features": [{"type": "Feature", "geometry": {"type": "Polygon", "coordinates": [[[-75.3335210001403, 39.98623999980171], [-75.33318499968132, 39.98646899974657], [-75.33302099964979, 39.9865690000257], [-75.3328099997626, 39.9867009998397], [-75.33269099993693, 39.98678199974003], [-75.33261300011911, 39.98683699969412], [-75.33245400011046, 39.987003000050294], [-75.33239700020904, 39.98709300022405], [-75.33232199986597, 39.98721599978798], [-75.33216200003241, 39.987545000129565], [-75.33203200033606, 39.98779699983214], [-75.33189599989363, 39.98801500013039], [-75.3317679998471, 39.98817199988902], [-75.33155899960973, 39.98841500026383], [-75.33154699991417, 39.9884260001329], [-75.33120499960741, 39.98876299983047], [-75.33086200037404, 39.98903399996407], [-75.33043899987643, 39.98933700022197], [-75.33032900027156, 39.98945399966206], [-75.33023499966191, 39.98959399967575], [-75.33001700010203, 39.989942000118546], [-75.32990300029921, 39.99007100021795], [-75.32979000032131, 39.99017800021692], [-75.32964600038126, 39.990290000164926], [-75.32899799975276, 39.99071799984759], [-75.32825700013613, 39.991181999979354], [-75.32802399960931, 39.99132899994955], [-75.32716599981684, 39.99188200011706], [-75.32706000040994, 39.99198800003363], [-75.32717599986258, 39.99217200018631], [-75.32718599990831, 39.992225999935044], [-75.32716900018988, 39.992293000252204], [-75.32713900005267, 39.99231600010965], [-75.32709499967173, 39.99235399985722], [-75.3268179996623, 39.99248100023649], [-75.32610200016002, 39.992776999748656], [-75.32575200035565, 39.99292199975767], [-75.32564699987536, 39.992964999777136], [-75.32533399988091, 39.99309800029011], [-75.32523000012384, 39.993143000161815], [-75.32505400039675, 39.993225999954504], [-75.32452799996696, 39.99347700005702], [-75.32435300006479, 39.99356100010742], [-75.32412799993389, 39.99366900011874], [-75.32363599983928, 39.99390699966827], [-75.3234540002644, 39.99399599972343], [-75.32322999995843, 39.99410499970251], [-75.32304699966032, 39.99419000032317], [-75.32250100003736, 39.99444500017395], [-75.32231899956417, 39.99453100033262], [-75.32220700030952, 39.994421999657], [-75.32212100009578, 39.99433899994137], [-75.32188199972117, 39.99408499966256], [-75.32177600031429, 39.99397199977411], [-75.32133600009824, 39.993569999885494], [-75.32127699964869, 39.99352099970308], [-75.32110299957142, 39.993377000255585], [-75.32087199959273, 39.993223999993845], [-75.32053799968189, 39.993087999779284], [-75.32023300008336, 39.992955999919346], [-75.31999399970876, 39.992846000185295], [-75.31954599999511, 39.99264100002049], [-75.31948999991862, 39.992610999659405], [-75.31889700043999, 39.99229800022186], [-75.31873699970811, 39.99221799997496], [-75.31825800003232, 39.9919790000471], [-75.31809900002366, 39.99190000011449], [-75.31797900037306, 39.99184000010463], [-75.31761899962463, 39.99166199976531], [-75.317498999974, 39.99160300023871], [-75.31741100011047, 39.991561000054716], [-75.31714699962151, 39.99143500003603], [-75.3170599995829, 39.99139299974873], [-75.31684799987077, 39.991290000311324], [-75.31621199983614, 39.990982999717055], [-75.31600099994894, 39.99088099967604], [-75.31585299981094, 39.99081200000725], [-75.31561599998449, 39.990701000244215], [-75.31541000012015, 39.99060599991312], [-75.31526299980706, 39.990537999986216], [-75.31519900023297, 39.99050500001749], [-75.31500699971403, 39.990408000058935], [-75.31494300013993, 39.99037600004951], [-75.3148219997661, 39.990315000054494], [-75.31446000026617, 39.9901319997426], [-75.31433999971726, 39.99007200024445], [-75.31420499999804, 39.99000699986829], [-75.31379999994209, 39.989811999745264], [-75.31366600004777, 39.98974699980995], [-75.31362699968973, 39.98972799990189], [-75.31351000041218, 39.989674000243], [-75.31347100005411, 39.98965599965897], [-75.31325199977101, 39.98955399970114], [-75.3125970003681, 39.989249999679004], [-75.3123789999099, 39.98914899984316], [-75.31233000040442, 39.989121000093924], [-75.31218399991623, 39.98903700008907], [-75.31213600023565, 39.989009000293926], [-75.3118869998153, 39.988854999838885], [-75.31163099972227, 39.98869800027351], [-75.31134899968997, 39.98848699975005], [-75.31116499956694, 39.98835700004898], [-75.31092699991557, 39.98818900012185], [-75.3106890002642, 39.988031999714], [-75.31003099958994, 39.987600000157634], [-75.30998100025954, 39.98755999970363], [-75.30975899960339, 39.987382999977406], [-75.30967099973982, 39.98730799981506], [-75.30949699966254, 39.98715799993168], [-75.30941700019494, 39.98707500033645], [-75.309336999829, 39.98699300002367], [-75.3092670004071, 39.98692000026675], [-75.30918100019338, 39.98683099993902], [-75.30907300023836, 39.98669199984485], [-75.30901200013899, 39.98661400006917], [-75.30893199977305, 39.98651399985591], [-75.30882800001596, 39.98638199968058], [-75.30869199957353, 39.986218000046115], [-75.3086120001059, 39.98612000011017], [-75.30843100035594, 39.98586899981571], [-75.30817799973762, 39.98554799971598], [-75.30762200006893, 39.98481000026372], [-75.3075989996044, 39.98479199977459], [-75.30750999991592, 39.98467399981558], [-75.30719299972354, 39.98425200010275], [-75.30708700031664, 39.98411100004012], [-75.30763999961228, 39.98386700006937], [-75.3094509996318, 39.983066999954346], [-75.3100559997043, 39.98280100021737], [-75.31012100000163, 39.98291299987059], [-75.31021600043618, 39.98307500029784], [-75.31030900032259, 39.9832530002989], [-75.31031900036835, 39.98327099981685], [-75.31036100020115, 39.98337300020804], [-75.3104699999811, 39.98335899983944], [-75.31049699974527, 39.98335299977895], [-75.31079200019637, 39.98329500008455], [-75.31090099997631, 39.98326400031082], [-75.31103099967265, 39.983215999745205], [-75.3111190004345, 39.98317000008925], [-75.31121800016871, 39.98311999988944], [-75.31136999960637, 39.9830139999781], [-75.31145199962214, 39.98295800025723], [-75.31160200030827, 39.98282799967119], [-75.31162999989736, 39.982805000060665], [-75.312077999611, 39.982469000019215], [-75.31223699961967, 39.98235000003851], [-75.31232700003137, 39.98228499988633], [-75.3125970003681, 39.98209099989039], [-75.3126879997064, 39.98202700032443], [-75.31312500044771, 39.98231799969601], [-75.31443599997671, 39.98319100001087], [-75.31487399964463, 39.983483000054335], [-75.31524299971558, 39.983511000049525], [-75.31576800032045, 39.9835499999991], [-75.31635099975333, 39.98359499996618], [-75.31672099964916, 39.983624000036365], [-75.31758900038571, 39.983624000036365], [-75.32019299990039, 39.98362500015725], [-75.32106199956353, 39.983626000278115], [-75.32308000017059, 39.983840999767196], [-75.32364000003726, 39.983952999780506], [-75.3312899999962, 39.985489999820096], [-75.33383999998253, 39.9860029997778], [-75.333639999966, 39.986150999964636], [-75.3335210001403, 39.98623999980171]]]}, "properties": {"NAME": "Census Tract 4086", "STATE": "42", "COUNTY": "045", "GEOID": "42045408600", "TRACT": "408600"}}, {"type": "Feature", "geometry": {"type": "Polygon", "coordinates": [[[-75.32203300023222, 39.994667999697576], [-75.32144999990103, 39.99492199987273], [-75.3214189999389, 39.994934999980956], [-75.32093600006515, 39.99514899971218], [-75.31952900027666, 39.995773000039826], [-75.31871900016476, 39.99614900029003], [-75.31821200000157, 39.99638500027555], [-75.31783100023503, 39.996576999732035], [-75.31726700017043, 39.99683699994214], [-75.31713999994882, 39.99689599976463], [-75.31677000005297, 39.99705999991333], [-75.3155609997329, 39.9975789998782], [-75.31547200004444, 39.997618000054345], [-75.31498900017068, 39.99781900007959], [-75.3144340003269, 39.9980520000703], [-75.31418499990654, 39.998156000228924], [-75.313259000342, 39.99857199996774], [-75.31118800003148, 39.99948099983337], [-75.31051099998896, 39.999772999747805], [-75.31025400007103, 39.99986699983165], [-75.30978600026589, 40.00008199981518], [-75.30959600029507, 40.0001710000807], [-75.30950000003561, 39.99998999978988], [-75.30922800004906, 39.99960700014758], [-75.30914000018551, 39.999484000187614], [-75.30872300043397, 39.999026999984466], [-75.30825800010358, 39.99861599977205], [-75.30774199971954, 39.99825300019447], [-75.30771300030554, 39.998232000085906], [-75.30716299958631, 39.99790999967736], [-75.30709499981424, 39.99786999975568], [-75.30706999969988, 39.997856000293694], [-75.30688599957686, 39.99776400002195], [-75.3068169999799, 39.997730000189364], [-75.30674300036006, 39.99769299990699], [-75.30654900019131, 39.997597999666816], [-75.30648300006905, 39.99756499966837], [-75.30636900026624, 39.99750800025914], [-75.30586200010303, 39.99726200012585], [-75.305457999872, 39.99706600014629], [-75.3042390004045, 39.996512999973156], [-75.3039809997633, 39.99639199981358], [-75.30335599959932, 39.99609899995517], [-75.30330600026892, 39.996074000118064], [-75.3031559995828, 39.99600099974312], [-75.3031070000773, 39.995976999810175], [-75.30218900001037, 39.99555399978011], [-75.30201199956004, 39.9954729999587], [-75.30130199990556, 39.99512400021556], [-75.30018399982208, 39.994563999732584], [-75.29949099988605, 39.994175000140366], [-75.29936799986238, 39.99410599966995], [-75.29863700029152, 39.993636000286386], [-75.29782800000451, 39.99307799995528], [-75.29779100019461, 39.9930509997348], [-75.29691499996045, 39.9924120001193], [-75.29593199959619, 39.99160200023463], [-75.29553800030921, 39.99120100017123], [-75.29549999977606, 39.991162999782254], [-75.29542299978316, 39.991083000270656], [-75.29515099979659, 39.99080099983416], [-75.29473200039524, 39.99032200021464], [-75.2946150002194, 39.99018899980203], [-75.29428299995837, 39.989770999867375], [-75.29332700025658, 39.988570999742954], [-75.29330399979204, 39.98854599990332], [-75.2929690000563, 39.988093999738396], [-75.2925470002819, 39.987524000169735], [-75.29294200029213, 39.98737500013834], [-75.29308399968401, 39.98729999996727], [-75.29319800038516, 39.98722899998637], [-75.29321400027868, 39.98721499971966], [-75.29355999988508, 39.986933999905624], [-75.29380900030544, 39.98675399970888], [-75.29401900036774, 39.986623000074296], [-75.2950870002225, 39.98604299976689], [-75.29516800041334, 39.986000000207845], [-75.29521899956866, 39.98596299976529], [-75.2952579999267, 39.98592200033037], [-75.2953979996688, 39.98560999992995], [-75.29545700011833, 39.98554400003327], [-75.29552599971531, 39.98547499979153], [-75.29554900017985, 39.98551799968107], [-75.29563899969321, 39.98563700033858], [-75.29581100012068, 39.985866000239874], [-75.29600100009147, 39.98610899986979], [-75.29612400011511, 39.986265999879144], [-75.2963209997586, 39.98653299996963], [-75.29641700001808, 39.98667499992778], [-75.29654099986664, 39.98686000001214], [-75.29673400021049, 39.98724100011436], [-75.29684600036347, 39.987547000256505], [-75.29692900020416, 39.98786399967582], [-75.29696500018918, 39.988069999780045], [-75.29699000030352, 39.98820999987719], [-75.29701600024278, 39.988570999742954], [-75.29711499997698, 39.9884260001329], [-75.29716199983267, 39.98836899997881], [-75.29727300016074, 39.98824100015981], [-75.2975090001623, 39.988062000021486], [-75.29775199983654, 39.987919000135285], [-75.2979679997466, 39.9877930002811], [-75.29809800034127, 39.9876929997289], [-75.2981209999075, 39.987669999691285], [-75.29823100041065, 39.98756600008293], [-75.29834699986328, 39.987426000042475], [-75.29842999970397, 39.987274000283314], [-75.2984530001685, 39.987192000209454], [-75.29846900006203, 39.987137999922346], [-75.29849900019924, 39.98700099990742], [-75.29861600037512, 39.98695199983037], [-75.29863800011643, 39.98694399994089], [-75.29896100015661, 39.98679000033679], [-75.29907599978434, 39.98673599973191], [-75.29921200022679, 39.986676000003996], [-75.29962099958239, 39.986497999973366], [-75.29975799984973, 39.98643900011609], [-75.29990400033792, 39.986534000047925], [-75.30001800014072, 39.98660899968344], [-75.30010299963124, 39.986693999996724], [-75.30022999985283, 39.98687000005824], [-75.30026099981498, 39.98690800008237], [-75.30037299996796, 39.987043000142165], [-75.30079899994033, 39.98685799986507], [-75.30088500015404, 39.98682099988722], [-75.30163400016657, 39.98650499983637], [-75.30208199988024, 39.98631000004064], [-75.3025089996775, 39.98612499984339], [-75.30291999958123, 39.9859450002682], [-75.30371600034776, 39.98559900029576], [-75.30415200036586, 39.985403999978814], [-75.30456200044469, 39.98522199968557], [-75.30500500013545, 39.98501900024253], [-75.30514499987756, 39.984956000079144], [-75.30618799961796, 39.98451199973821], [-75.30634999999965, 39.98443900008346], [-75.30679600006351, 39.98424100024986], [-75.30684399974407, 39.98421899985053], [-75.30694900022438, 39.984172000068746], [-75.30698699985922, 39.984155000212965], [-75.30703600026301, 39.984133999899385], [-75.30708700031664, 39.98411100004012], [-75.30719299972354, 39.98425200010275], [-75.30750999991592, 39.98467399981558], [-75.3075989996044, 39.98479199977459], [-75.30762200006893, 39.98481000026372], [-75.30817799973762, 39.98554799971598], [-75.30843100035594, 39.98586899981571], [-75.3086120001059, 39.98612000011017], [-75.30869199957353, 39.986218000046115], [-75.30882800001596, 39.98638199968058], [-75.30893199977305, 39.98651399985591], [-75.30901200013899, 39.98661400006917], [-75.30907300023836, 39.98669199984485], [-75.30918100019338, 39.98683099993902], [-75.3092670004071, 39.98692000026675], [-75.309336999829, 39.98699300002367], [-75.30941700019494, 39.98707500033645], [-75.30949699966254, 39.98715799993168], [-75.30967099973982, 39.98730799981506], [-75.30975899960339, 39.987382999977406], [-75.30998100025954, 39.98755999970363], [-75.31003099958994, 39.987600000157634], [-75.3106890002642, 39.988031999714], [-75.31092699991557, 39.98818900012185], [-75.31116499956694, 39.98835700004898], [-75.31134899968997, 39.98848699975005], [-75.31163099972227, 39.98869800027351], [-75.3118869998153, 39.988854999838885], [-75.31213600023565, 39.989009000293926], [-75.31218399991623, 39.98903700008907], [-75.31233000040442, 39.989121000093924], [-75.3123789999099, 39.98914899984316], [-75.3125970003681, 39.989249999679004], [-75.31325199977101, 39.98955399970114], [-75.31347100005411, 39.98965599965897], [-75.31351000041218, 39.989674000243], [-75.31362699968973, 39.98972799990189], [-75.31366600004777, 39.98974699980995], [-75.31379999994209, 39.989811999745264], [-75.31420499999804, 39.99000699986829], [-75.31433999971726, 39.99007200024445], [-75.31446000026617, 39.9901319997426], [-75.3148219997661, 39.990315000054494], [-75.31494300013993, 39.99037600004951], [-75.31500699971403, 39.990408000058935], [-75.31519900023297, 39.99050500001749], [-75.31526299980706, 39.990537999986216], [-75.31541000012015, 39.99060599991312], [-75.31561599998449, 39.990701000244215], [-75.31585299981094, 39.99081200000725], [-75.31600099994894, 39.99088099967604], [-75.31621199983614, 39.990982999717055], [-75.31684799987077, 39.991290000311324], [-75.3170599995829, 39.99139299974873], [-75.31714699962151, 39.99143500003603], [-75.31741100011047, 39.991561000054716], [-75.317498999974, 39.99160300023871], [-75.31761899962463, 39.99166199976531], [-75.31797900037306, 39.99184000010463], [-75.31809900002366, 39.99190000011449], [-75.31825800003232, 39.9919790000471], [-75.31873699970811, 39.99221799997496], [-75.31889700043999, 39.99229800022186], [-75.31948999991862, 39.992610999659405], [-75.31954599999511, 39.99264100002049], [-75.31999399970876, 39.992846000185295], [-75.32023300008336, 39.992955999919346], [-75.32053799968189, 39.993087999779284], [-75.32087199959273, 39.993223999993845], [-75.32110299957142, 39.993377000255585], [-75.32127699964869, 39.99352099970308], [-75.32133600009824, 39.993569999885494], [-75.32177600031429, 39.99397199977411], [-75.32188199972117, 39.99408499966256], [-75.32212100009578, 39.99433899994137], [-75.32220700030952, 39.994421999657], [-75.32231899956417, 39.99453100033262], [-75.32203300023222, 39.994667999697576]]]}, "properties": {"NAME": "Census Tract 4087", "STATE": "42", "COUNTY": "045", "GEOID": "42045408700", "TRACT": "408700"}}, {"type": "Feature", "geometry": {"type": "Polygon", "coordinates": [[[-75.284195999991, 39.987432999810444], [-75.28522299983787, 39.98665200023571], [-75.28540500031107, 39.98654699968781], [-75.28594099988828, 39.98621399971434], [-75.28611599979045, 39.98609700023125], [-75.28621000040012, 39.9860540000179], [-75.28662399977857, 39.985674999672014], [-75.28679600020602, 39.985527999923605], [-75.28826800029184, 39.98642799992708], [-75.2885469999511, 39.98661999984327], [-75.2887179996553, 39.98669099976886], [-75.28884700042506, 39.98671899982583], [-75.28907500003069, 39.98672400020351], [-75.28928900029094, 39.98671899982583], [-75.29017499967252, 39.98667499992778], [-75.29037499968905, 39.986697000224495], [-75.2906600000944, 39.986752000247016], [-75.29080300020952, 39.98681799966489], [-75.29095299999737, 39.986911999685226], [-75.29110699998317, 39.987091000083865], [-75.29113299992243, 39.98708100007012], [-75.2913709995738, 39.98697199989416], [-75.29154700019922, 39.98687300027828], [-75.29176399993418, 39.98707899992953], [-75.29196700032378, 39.987313000149676], [-75.29206299968493, 39.98747300033877], [-75.29210200004297, 39.98756500001975], [-75.29213800002799, 39.98767800018403], [-75.29221900021886, 39.987647000334206], [-75.29246500026615, 39.98755400001203], [-75.2925470002819, 39.987524000169735], [-75.2929690000563, 39.988093999738396], [-75.29330399979204, 39.98854599990332], [-75.29332700025658, 39.988570999742954], [-75.29428299995837, 39.989770999867375], [-75.2946150002194, 39.99018899980203], [-75.29473200039524, 39.99032200021464], [-75.29515099979659, 39.99080099983416], [-75.29542299978316, 39.991083000270656], [-75.29549999977606, 39.991162999782254], [-75.29553800030921, 39.99120100017123], [-75.29593199959619, 39.99160200023463], [-75.29691499996045, 39.9924120001193], [-75.29779100019461, 39.9930509997348], [-75.29782800000451, 39.99307799995528], [-75.29863700029152, 39.993636000286386], [-75.29936799986238, 39.99410599966995], [-75.29949099988605, 39.994175000140366], [-75.30018399982208, 39.994563999732584], [-75.30130199990556, 39.99512400021556], [-75.30201199956004, 39.9954729999587], [-75.30218900001037, 39.99555399978011], [-75.3031070000773, 39.995976999810175], [-75.3031559995828, 39.99600099974312], [-75.30330600026892, 39.996074000118064], [-75.30335599959932, 39.99609899995517], [-75.3039809997633, 39.99639199981358], [-75.3042390004045, 39.996512999973156], [-75.305457999872, 39.99706600014629], [-75.30586200010303, 39.99726200012585], [-75.30636900026624, 39.99750800025914], [-75.30648300006905, 39.99756499966837], [-75.30654900019131, 39.997597999666816], [-75.30674300036006, 39.99769299990699], [-75.3068169999799, 39.997730000189364], [-75.30688599957686, 39.99776400002195], [-75.30706999969988, 39.997856000293694], [-75.30709499981424, 39.99786999975568], [-75.30716299958631, 39.99790999967736], [-75.30771300030554, 39.998232000085906], [-75.30774199971954, 39.99825300019447], [-75.30825800010358, 39.99861599977205], [-75.30872300043397, 39.999026999984466], [-75.30914000018551, 39.999484000187614], [-75.30922800004906, 39.99960700014758], [-75.30950000003561, 39.99998999978988], [-75.30959600029507, 40.0001710000807], [-75.30954500024146, 40.0001880000796], [-75.30933199980612, 40.00027700020697], [-75.30877600013743, 40.00051199981569], [-75.30855100000652, 40.0006159996684], [-75.30847999986142, 40.00065000012845], [-75.3082959997384, 40.000741999952645], [-75.30824999970766, 40.00076700014525], [-75.30808599967611, 40.00086600026756], [-75.30796900039857, 40.00093900025883], [-75.30746700025824, 40.00125500028239], [-75.30726200021883, 40.00138600006807], [-75.3070849997685, 40.00149199968445], [-75.30655500003908, 40.00181000029866], [-75.30637900031199, 40.00191699979796], [-75.30625100026546, 40.00199400013779], [-75.30586799995082, 40.00222800018179], [-75.30574099972922, 40.00230699986555], [-75.30563699997214, 40.00236999985274], [-75.30532700035074, 40.00256099984093], [-75.30522400041858, 40.002625000124574], [-75.30506000038704, 40.002713999827954], [-75.30437499994862, 40.00305199973974], [-75.30403199981694, 40.00321200021786], [-75.30326500026105, 40.003572000094834], [-75.30308399961277, 40.00366499993798], [-75.30292100030448, 40.003751000183385], [-75.30245599997404, 40.00394800006511], [-75.30202699962867, 40.00414599988697], [-75.30186299959712, 40.004229000068904], [-75.30172500040318, 40.004298999762604], [-75.30168500022022, 40.00432099988743], [-75.30157600044028, 40.004387000219374], [-75.30077800002393, 40.004827999924046], [-75.30005499995066, 40.005238000097776], [-75.2997059999712, 40.005420999842066], [-75.29911000011953, 40.00468400023538], [-75.29900399981432, 40.00455500021339], [-75.298537999659, 40.003986000221396], [-75.29787400003526, 40.0031740003189], [-75.29779799986729, 40.00308599967488], [-75.29717000022858, 40.00226400022319], [-75.29695099994547, 40.001984000241514], [-75.29685800005905, 40.00186300014235], [-75.29671499994392, 40.001679999806726], [-75.29668599963159, 40.00164500000253], [-75.29657900039979, 40.00150599977725], [-75.29648700033827, 40.0013869999289], [-75.29643100026178, 40.001312999866585], [-75.29634400022316, 40.00120100010322], [-75.29625999965924, 40.001095000035136], [-75.29620299975784, 40.00102399994294], [-75.29617299962061, 40.00098899980248], [-75.2961500000544, 40.0009589996678], [-75.29609300015298, 40.00088599969791], [-75.29599799971842, 40.00076299997744], [-75.29594900021294, 40.00069700027108], [-75.29593800034228, 40.000684999754576], [-75.29577000011278, 40.00047799997508], [-75.29537299955444, 39.99998399981386], [-75.29491399997013, 39.99941600015382], [-75.29481500023593, 39.999291999958366], [-75.29384600011535, 39.998092999794444], [-75.29363900042613, 39.99784699970406], [-75.29302099993484, 39.997112000079646], [-75.29282500011627, 39.996877999707564], [-75.2928150000705, 39.996867999750236], [-75.29264500019121, 39.996674999805705], [-75.29213600037818, 39.99609899995517], [-75.29196700032378, 39.995907999784016], [-75.29053500042093, 39.994270000324846], [-75.29052600020012, 39.99426099995081], [-75.29036600036653, 39.99407999982373], [-75.29034299990201, 39.99405200003115], [-75.29027500012994, 39.99397499968218], [-75.29025300038863, 39.99394999975582], [-75.28927500004724, 39.99284700017117], [-75.288956000205, 39.99243899990416], [-75.28872699987615, 39.99221100000913], [-75.28817700005523, 39.99159100018881], [-75.28792599998508, 39.99130999979328], [-75.2874489999591, 39.99076299991089], [-75.2872310003992, 39.99051300017821], [-75.28710099980455, 39.99032200021464], [-75.28702499963657, 39.99021100034358], [-75.2867660000688, 39.98995599982636], [-75.28662899980145, 39.98982600016794], [-75.28657500027309, 39.98977700005251], [-75.28516500011156, 39.98841200011151], [-75.28438799961161, 39.98765999976229], [-75.28428300002963, 39.987559000328645], [-75.28417199970154, 39.98745299973342], [-75.284195999991, 39.987432999810444]]]}, "properties": {"NAME": "Census Tract 4088", "STATE": "42", "COUNTY": "045", "GEOID": "42045408800", "TRACT": "408800"}}, {"type": "Feature", "geometry": {"type": "Polygon", "coordinates": [[[-75.34331299965659, 39.989503000009194], [-75.34320399987664, 39.98962900015053], [-75.34315600019606, 39.989623999985504], [-75.34311400036327, 39.989619999853176], [-75.34304099967004, 39.98961699975382], [-75.34286499994292, 39.989610000209645], [-75.34259799997923, 39.98962099988628], [-75.34255299977339, 39.98962600005153], [-75.34239200011491, 39.989644999987966], [-75.34221399983969, 39.98967200017833], [-75.34200799997535, 39.98970499986124], [-75.3417080003997, 39.98977800008332], [-75.34168900013313, 39.9897850002985], [-75.34152199972856, 39.989849000167894], [-75.34014199970424, 39.98876299983047], [-75.33914300034476, 39.987977000033744], [-75.33749499963355, 39.98685100003824], [-75.3355489998948, 39.98639899967058], [-75.33459400001796, 39.98617800015944], [-75.33383999998253, 39.9860029997778], [-75.3312899999962, 39.985489999820096], [-75.32364000003726, 39.983952999780506], [-75.32308000017059, 39.983840999767196], [-75.32106199956353, 39.983626000278115], [-75.32019299990039, 39.98362500015725], [-75.31758900038571, 39.983624000036365], [-75.31672099964916, 39.983624000036365], [-75.31698799961286, 39.983397999875784], [-75.31731599967593, 39.98312300027417], [-75.3177709999606, 39.98269899966057], [-75.31780199992274, 39.982671000021], [-75.31792699959618, 39.98254399998733], [-75.31800000028946, 39.98243699973245], [-75.31805299999289, 39.98231200023239], [-75.31807899993215, 39.9822349997272], [-75.31809300017586, 39.98219699985712], [-75.31815699974997, 39.98186799991716], [-75.31820100013091, 39.981597000266355], [-75.318236000291, 39.98138400021828], [-75.31825100035961, 39.981237000185594], [-75.31829700039036, 39.98079699972904], [-75.3183130002839, 39.980650999974564], [-75.3183350000252, 39.980488999995096], [-75.31838500025391, 39.9801240000997], [-75.31840600017031, 39.98000299981722], [-75.31843600030754, 39.97984300003061], [-75.31845899987377, 39.97967899984335], [-75.31852900019396, 39.979190999728075], [-75.3185529995851, 39.97902800022917], [-75.31856500017896, 39.978864000150935], [-75.31859399959299, 39.97849199984087], [-75.31861100020974, 39.97837500021291], [-75.31863600032409, 39.97821299965603], [-75.31866300008826, 39.978052999808384], [-75.31869099967734, 39.97788900014365], [-75.3187309998603, 39.977571999873334], [-75.31875199977672, 39.977411999901584], [-75.31877500024125, 39.97724999981532], [-75.31884700021128, 39.97676699998117], [-75.31886700030276, 39.97663899976503], [-75.31887200032564, 39.97660599996619], [-75.31888599967102, 39.976467999946536], [-75.3189059997625, 39.97627999995022], [-75.31893199970177, 39.97612599971435], [-75.31895000014345, 39.97605799983053], [-75.31898799977827, 39.97592499987232], [-75.31903100033428, 39.975745999820155], [-75.31916400040369, 39.97521100009227], [-75.31920899971121, 39.97503299979347], [-75.31924700024435, 39.974862000086866], [-75.31935699984922, 39.97438099972096], [-75.3193619998721, 39.97435199985833], [-75.3193970000322, 39.97418099982466], [-75.31940100023014, 39.97415800005723], [-75.31941499957553, 39.97408900002003], [-75.31941999959841, 39.974066999794005], [-75.31946200032951, 39.973853000104626], [-75.31951300038314, 39.973604000027905], [-75.31961299994227, 39.97321599975914], [-75.31962700018596, 39.97316500026261], [-75.31966200034607, 39.97300400002307], [-75.31991300041622, 39.97304500032533], [-75.32066900010146, 39.97317000025544], [-75.32092099999653, 39.97321200004298], [-75.32144800025122, 39.97330800005048], [-75.32215500043095, 39.97343800016119], [-75.32284699964377, 39.97356100021309], [-75.3230319995917, 39.973589999722975], [-75.32356200021945, 39.97367400013286], [-75.32366000012874, 39.973690000264774], [-75.32395399985661, 39.97373999979237], [-75.32405299959082, 39.973757000174196], [-75.32423500006401, 39.97378800013062], [-75.32477999986205, 39.973880999915494], [-75.32496300016015, 39.97391199981567], [-75.32511999962067, 39.97393900002817], [-75.32559199962377, 39.97402100017467], [-75.32567500036276, 39.97403599996413], [-75.32574999980753, 39.974050000177755], [-75.32589200009774, 39.974076000075094], [-75.32631800007009, 39.974153999707774], [-75.32646000036031, 39.974180000253966], [-75.32662400039183, 39.97421400010603], [-75.32711700031135, 39.974319000332], [-75.3272820001678, 39.97435499993965], [-75.32742699993275, 39.97439499986386], [-75.32781699992009, 39.97450299988658], [-75.32786399977574, 39.97451800025866], [-75.32800799971581, 39.97456600005051], [-75.32824299989244, 39.97464199999611], [-75.32850499983326, 39.97472800030362], [-75.32894000002642, 39.974893000230495], [-75.32917199983004, 39.97498100002861], [-75.32920399961709, 39.97499300024261], [-75.32953199968014, 39.97513699989284], [-75.33040100024158, 39.97551999976146], [-75.3306139997786, 39.97560200007629], [-75.33098000037481, 39.975745000272354], [-75.33122300004905, 39.975838999694254], [-75.33195199997012, 39.97612200016847], [-75.33219499964436, 39.9762169999895], [-75.33225200044409, 39.97623499998423], [-75.33242499979812, 39.97628899993983], [-75.33248300042277, 39.97630800014353], [-75.3327600004322, 39.9763949999581], [-75.33287599988483, 39.976426000094754], [-75.33337999967499, 39.97656199975074], [-75.33406799958817, 39.9767379997542], [-75.33410600012131, 39.97674799990504], [-75.3344709999943, 39.976818999763836], [-75.33488699992091, 39.97690900027382], [-75.33520599976313, 39.976978000217436], [-75.33613700024885, 39.97716500014333], [-75.33644100002248, 39.97722699970394], [-75.33649899974881, 39.977239000211945], [-75.3365549998253, 39.97725100002945], [-75.3365759997417, 39.97735899966917], [-75.33669399974248, 39.977494000011355], [-75.33675300019202, 39.97771900021844], [-75.33675400001692, 39.97789900012606], [-75.33652100038843, 39.97812499988944], [-75.33640500003746, 39.9783510002821], [-75.33640599986238, 39.97853099990175], [-75.3367590000398, 39.97893499987636], [-75.33675999986471, 39.979116000209636], [-75.33617800025675, 39.97983799983768], [-75.33612100035535, 39.98006400007174], [-75.33600400017949, 39.98019899988846], [-75.33600400017949, 39.98028299974691], [-75.33600599982931, 39.980558999931404], [-75.33688700008632, 39.98105200001813], [-75.33729899981496, 39.981456999695546], [-75.33741699981574, 39.981726999752915], [-75.33753499981651, 39.981815999846525], [-75.3376539996422, 39.98213100010494], [-75.33794800026838, 39.98253600027001], [-75.3379490000933, 39.982715999878685], [-75.3375409996643, 39.98303299968856], [-75.33766200003811, 39.9834110001124], [-75.33772899998526, 39.98355499992044], [-75.33777900021398, 39.98370799981409], [-75.33777900021398, 39.983843000002594], [-75.337955999766, 39.98397699980863], [-75.33801500021553, 39.984156999750844], [-75.33819199976755, 39.98433699990709], [-75.3382510002171, 39.98451700027748], [-75.33836900021787, 39.984607000284804], [-75.3387230002202, 39.9851920001958], [-75.33931200039918, 39.98582099970375], [-75.33951200041571, 39.98597299994269], [-75.3397230003029, 39.98613499999707], [-75.33978199985414, 39.986270000207874], [-75.34083999966316, 39.9870320000504], [-75.34107599966471, 39.98734699966196], [-75.34119100019075, 39.98741500001238], [-75.3414129999486, 39.98754800031996], [-75.34141899979639, 39.987607999970294], [-75.34142299999435, 39.98765300001758], [-75.34148400009371, 39.98770599983647], [-75.34151599988076, 39.98772699974034], [-75.34158700002588, 39.98777599994979], [-75.34159700007163, 39.98780500031002], [-75.34161899981292, 39.987824000064684], [-75.34166099964571, 39.987813000098676], [-75.34172299957, 39.98779599977233], [-75.34178200001955, 39.98797599997662], [-75.34219399974818, 39.98829000000055], [-75.3425469999256, 39.98869400008701], [-75.34312699988375, 39.98913700005034], [-75.34331199983167, 39.989278000063635], [-75.34331299965659, 39.989503000009194]]]}, "properties": {"NAME": "Census Tract 4085", "STATE": "42", "COUNTY": "045", "GEOID": "42045408500", "TRACT": "408500"}}, {"type": "Feature", "geometry": {"type": "MultiLineString", "coordinates": [[[-75.33513200014329, 39.95497299985624], [-75.33519900009044, 39.955015999657064]], [[-75.33519900009044, 39.955015999657064], [-75.33533600035778, 39.95510400025417]], [[-75.33533600035778, 39.95510400025417], [-75.33541300035067, 39.955152999755065]], [[-75.33541300035067, 39.955152999755065], [-75.33547299972683, 39.9554680003317]], [[-75.33547299972683, 39.9554680003317], [-75.335182000372, 39.95578499982548]], [[-75.335182000372, 39.95578499982548], [-75.33512499957227, 39.95596500034155]], [[-75.33512499957227, 39.95596500034155], [-75.33489199994378, 39.95623599971615]], [[-75.33489199994378, 39.95623599971615], [-75.33483400021744, 39.9564609996642]], [[-75.33483400021744, 39.9564609996642], [-75.33472100023954, 39.95658300013745]], [[-75.33472100023954, 39.95658300013745], [-75.33454299996433, 39.95677800006388]], [[-75.33454299996433, 39.95677800006388], [-75.33442699961337, 39.957047999838565]], [[-75.33442699961337, 39.957047999838565], [-75.3334359997515, 39.95781699988123]], [[-75.3334359997515, 39.95781699988123], [-75.33273600014276, 39.958449999922045]], [[-75.33273600014276, 39.958449999922045], [-75.33273899961749, 39.958899999657596]], [[-75.33273899961749, 39.958899999657596], [-75.33286800038722, 39.95906599971208]], [[-75.33286800038722, 39.95906599971208], [-75.3329150002429, 39.959124999791996]], [[-75.3329150002429, 39.959124999791996], [-75.33297999964192, 39.96034099975411]], [[-75.33297999964192, 39.96034099975411], [-75.3330979996427, 39.960565999966896]], [[-75.3330979996427, 39.960565999966896], [-75.33318100038169, 39.96095399974219]], [[-75.33318100038169, 39.96095399974219], [-75.33339800011666, 39.96196199965811]], [[-75.33339800011666, 39.96196199965811], [-75.3334580003911, 39.962276999854886]], [[-75.3334580003911, 39.962276999854886], [-75.33341300018527, 39.96271099993682]], [[-75.33341300018527, 39.96271099993682], [-75.33340200031462, 39.962818000093726]], [[-75.33340200031462, 39.962818000093726], [-75.33299399988562, 39.963359000183104]], [[-75.33299399988562, 39.963359000183104], [-75.33329000016163, 39.96389899971323]], [[-75.33329000016163, 39.96389899971323], [-75.33341800020814, 39.96455099993936]], [[-75.33341800020814, 39.96455099993936], [-75.33370500026331, 39.96505400032235]], [[-75.33370500026331, 39.96505400032235], [-75.33375399976882, 39.96523500023916]], [[-75.33375399976882, 39.96523500023916], [-75.3339439997396, 39.96592399972643]], [[-75.3339439997396, 39.96592399972643], [-75.33394999958739, 39.9671410003093]], [[-75.33394999958739, 39.9671410003093], [-75.33383300030984, 39.96723099979417]], [[-75.33383300030984, 39.96723099979417], [-75.33383400013476, 39.96741099978542]], [[-75.33383400013476, 39.96741099978542], [-75.33348599998021, 39.968088000014546]], [[-75.33348599998021, 39.968088000014546], [-75.33348699980512, 39.96840300021427]], [[-75.33348699980512, 39.96840300021427], [-75.33438599960549, 39.968872999704196]], [[-75.33438599960549, 39.968872999704196], [-75.33466599998796, 39.9690189998371]], [[-75.33466599998796, 39.9690189998371], [-75.33472700008734, 39.96913399967039]], [[-75.33472700008734, 39.96913399967039], [-75.33476200024744, 39.969177000204894]], [[-75.33476200024744, 39.969177000204894], [-75.33481199957784, 39.969237999795986]], [[-75.33481199957784, 39.969237999795986], [-75.33486799965434, 39.9692580002257]], [[-75.33486799965434, 39.9692580002257], [-75.33493700014961, 39.969281999907466]], [[-75.33493700014961, 39.969281999907466], [-75.33501400014251, 39.96925499992065]], [[-75.33501400014251, 39.96925499992065], [-75.33630499958004, 39.969837000180085]], [[-75.33630499958004, 39.969837000180085], [-75.33659900020622, 39.97006099980394]], [[-75.33659900020622, 39.97006099980394], [-75.33730700021088, 39.97118499982772]], [[-75.33730700021088, 39.97118499982772], [-75.3374910003339, 39.97133900018227]], [[-75.3374910003339, 39.97133900018227], [-75.33795400011617, 39.971723999894785]], [[-75.33795400011617, 39.971723999894785], [-75.33842500029436, 39.97230799966962]], [[-75.33842500029436, 39.97230799966962], [-75.33854400012005, 39.972622999698636]], [[-75.33854400012005, 39.972622999698636], [-75.33854400012005, 39.97277700025538]], [[-75.33854400012005, 39.97277700025538], [-75.33854499994496, 39.972893999829445]], [[-75.33854499994496, 39.972893999829445], [-75.33831200031646, 39.97321000018481]], [[-75.33831200031646, 39.97321000018481], [-75.33835400014925, 39.97368899999847]], [[-75.33835400014925, 39.97368899999847], [-75.33819799961533, 39.97375099995893]], [[-75.33819799961533, 39.97375099995893], [-75.33819900033855, 39.973885999855895]], [[-75.33819900033855, 39.973885999855895], [-75.33789800003969, 39.97415199987716]], [[-75.33789800003969, 39.97415199987716], [-75.33779099990956, 39.974246999683054]], [[-75.33779099990956, 39.974246999683054], [-75.33685699994908, 39.97492600016807]], [[-75.33685699994908, 39.97492600016807], [-75.3366250001455, 39.97542200031396]], [[-75.3366250001455, 39.97542200031396], [-75.33641199971017, 39.975586999942074]], [[-75.33641199971017, 39.975586999942074], [-75.33639199961868, 39.97560300031459]], [[-75.33639199961868, 39.97560300031459], [-75.33633399989236, 39.97582799986376]], [[-75.33633399989236, 39.97582799986376], [-75.33615999981508, 39.97600900016588]], [[-75.33615999981508, 39.97600900016588], [-75.3361819995564, 39.97620300021984]], [[-75.3361819995564, 39.97620300021984], [-75.33620699967076, 39.97642799985883]], [[-75.33620699967076, 39.97642799985883], [-75.33622099991446, 39.97654900027621]], [[-75.33622099991446, 39.97654900027621], [-75.33650700014472, 39.97702900031057]], [[-75.33650700014472, 39.97702900031057], [-75.33651600036556, 39.97704400012824]], [[-75.33651600036556, 39.97704400012824], [-75.3365549998253, 39.97725100002945]]]}, "properties": {"NAME": "Census Tract 4081.03", "STATE": "42", "COUNTY": "045", "GEOID": "42045408103", "TRACT": "408103"}}, {"type": "Feature", "geometry": {"type": "Polygon", "coordinates": [[[-75.32907700029378, 40.01251700012179], [-75.32902299986712, 40.01257100029473], [-75.32886800005642, 40.012642000074834], [-75.32819600003677, 40.0129500000004], [-75.32797199973079, 40.0130540001707], [-75.32734999993986, 40.01331900005366], [-75.32548600021688, 40.01411700012009], [-75.32486500025087, 40.01438299967413], [-75.32448399958604, 40.01455099983603], [-75.32386500016815, 40.01482699984302], [-75.32345500008933, 40.01499999997125], [-75.3233410002865, 40.01505299989497], [-75.32296399981965, 40.01522899980067], [-75.32285800041275, 40.01527600022637], [-75.32254299987015, 40.015420000275384], [-75.32243800028817, 40.015468000224146], [-75.32240200030319, 40.015480999860465], [-75.32229699982288, 40.015518999788746], [-75.32226199966277, 40.015532999757006], [-75.32168900027564, 40.01578599972022], [-75.3216659998111, 40.015795000008936], [-75.32159700021413, 40.015826000153396], [-75.32157499957452, 40.01583600008599], [-75.32139999967232, 40.01591200021405], [-75.32087499996577, 40.01614299971255], [-75.32082999975994, 40.016163999815824], [-75.32069900023868, 40.01621599987994], [-75.32045599966612, 40.01631900024714], [-75.31973199976794, 40.01663100001669], [-75.31949199956843, 40.016737999677524], [-75.31937699994069, 40.01678699971052], [-75.31928200040446, 40.01683100015952], [-75.31866899993605, 40.01711900027105], [-75.31846600044479, 40.01721600012575], [-75.31569700017533, 40.018433000061684], [-75.31540699974711, 40.018516000071166], [-75.31362900023787, 40.01901200017836], [-75.31342300037353, 40.01910000024242], [-75.31333100031202, 40.01914300028724], [-75.31272899971427, 40.01940900020187], [-75.31216399982475, 40.019566000019175], [-75.31172199995886, 40.01971300011222], [-75.31143200042895, 40.01980999971943], [-75.31068400024134, 40.018920999812906], [-75.31062300014197, 40.01879899985832], [-75.31060800007336, 40.01876799968844], [-75.31043200034625, 40.01861199970752], [-75.31033299971374, 40.0184100000578], [-75.30976100015152, 40.017775999889295], [-75.30943300008846, 40.01741000010955], [-75.30943300008846, 40.017132000280824], [-75.30943499973829, 40.017063999937534], [-75.30943300008846, 40.0167619998806], [-75.30937500036214, 40.016668999992625], [-75.30922700022413, 40.01647899990143], [-75.30918899969099, 40.01640699965621], [-75.30889099976515, 40.01591899981426], [-75.30875400039612, 40.01573499966714], [-75.30873799960428, 40.01571600010981], [-75.30826300012644, 40.01512300018543], [-75.30824700023291, 40.01510399976971], [-75.30811099979047, 40.01492099983985], [-75.30805499971399, 40.01485300004534], [-75.30789200040567, 40.014653999964196], [-75.30783999962883, 40.014589999949564], [-75.30632999990819, 40.012911000325715], [-75.30546700009282, 40.0122469999923], [-75.30503799974743, 40.01191999972029], [-75.30390399977041, 40.010582000132324], [-75.30366899959378, 40.010250000109], [-75.30344699983594, 40.009935000171076], [-75.30253399979186, 40.00901499981666], [-75.30222900019335, 40.00864099973998], [-75.3015520001508, 40.00780900000917], [-75.30105599985828, 40.007149000066136], [-75.30091100009332, 40.006966000137375], [-75.30047500007524, 40.00640700022349], [-75.30038999968642, 40.00629599966021], [-75.30035899972427, 40.00625599983447], [-75.30026699966277, 40.00613799979928], [-75.30023800024877, 40.006098999672794], [-75.2997059999712, 40.005420999842066], [-75.30005499995066, 40.005238000097776], [-75.30077800002393, 40.004827999924046], [-75.30157600044028, 40.004387000219374], [-75.30168500022022, 40.00432099988743], [-75.30172500040318, 40.004298999762604], [-75.30186299959712, 40.004229000068904], [-75.30202699962867, 40.00414599988697], [-75.30245599997404, 40.00394800006511], [-75.30292100030448, 40.003751000183385], [-75.30308399961277, 40.00366499993798], [-75.30326500026105, 40.003572000094834], [-75.30403199981694, 40.00321200021786], [-75.30437499994862, 40.00305199973974], [-75.30506000038704, 40.002713999827954], [-75.30522400041858, 40.002625000124574], [-75.30532700035074, 40.00256099984093], [-75.30563699997214, 40.00236999985274], [-75.30574099972922, 40.00230699986555], [-75.30586799995082, 40.00222800018179], [-75.30625100026546, 40.00199400013779], [-75.30637900031199, 40.00191699979796], [-75.30655500003908, 40.00181000029866], [-75.3070849997685, 40.00149199968445], [-75.30726200021883, 40.00138600006807], [-75.30746700025824, 40.00125500028239], [-75.30796900039857, 40.00093900025883], [-75.30808599967611, 40.00086600026756], [-75.30824999970766, 40.00076700014525], [-75.3082959997384, 40.000741999952645], [-75.30847999986142, 40.00065000012845], [-75.30855100000652, 40.0006159996684], [-75.30877600013743, 40.00051199981569], [-75.30933199980612, 40.00027700020697], [-75.30954500024146, 40.0001880000796], [-75.30959600029507, 40.0001710000807], [-75.30978600026589, 40.00008199981518], [-75.31025400007103, 39.99986699983165], [-75.31051099998896, 39.999772999747805], [-75.31118800003148, 39.99948099983337], [-75.313259000342, 39.99857199996774], [-75.31418499990654, 39.998156000228924], [-75.3144340003269, 39.9980520000703], [-75.31498900017068, 39.99781900007959], [-75.31547200004444, 39.997618000054345], [-75.3155609997329, 39.9975789998782], [-75.31677000005297, 39.99705999991333], [-75.31713999994882, 39.99689599976463], [-75.31726700017043, 39.99683699994214], [-75.31783100023503, 39.996576999732035], [-75.31821200000157, 39.99638500027555], [-75.31871900016476, 39.99614900029003], [-75.31952900027666, 39.995773000039826], [-75.32093600006515, 39.99514899971218], [-75.3214189999389, 39.994934999980956], [-75.32144999990103, 39.99492199987273], [-75.32203300023222, 39.994667999697576], [-75.32231899956417, 39.99453100033262], [-75.32255399974082, 39.99474499995339], [-75.32259499974872, 39.994776999980566], [-75.32289400039777, 39.99501199993574], [-75.32328699985985, 39.995242999967466], [-75.32352500040952, 39.99537700012238], [-75.32384799955139, 39.995559000199286], [-75.32384000005379, 39.99572000028648], [-75.32384000005379, 39.99573600007352], [-75.3238550001224, 39.99602199984955], [-75.32387799968862, 39.99626900025627], [-75.32389600013029, 39.99644700028809], [-75.32396899992523, 39.99705399967985], [-75.3239959996894, 39.99726800034106], [-75.32401900015394, 39.99744300007784], [-75.32403599987238, 39.99767899972053], [-75.32405500013896, 39.99779600001084], [-75.32408100007821, 39.99787599991747], [-75.3241360003298, 39.99799000013857], [-75.32447799973825, 39.99848099987584], [-75.32475999977056, 39.998900000079125], [-75.32511600032103, 39.99942900009468], [-75.3255780002784, 40.00011599985297], [-75.32570899979963, 40.000315000342006], [-75.32595400002202, 40.000683999883464], [-75.32609799996206, 40.00091599986465], [-75.32622500018367, 40.00111900023376], [-75.32628799993286, 40.001211999977514], [-75.32647700007874, 40.00148999996586], [-75.32653999982793, 40.00158399975037], [-75.32673099962365, 40.00186899995327], [-75.32699000008975, 40.00225500021463], [-75.3272980000613, 40.002731999722926], [-75.32748600038228, 40.00302099998649], [-75.3269170002948, 40.00327000020399], [-75.32689499965518, 40.003279000078805], [-75.32611200020575, 40.00361200011686], [-75.32553300007254, 40.003869000215715], [-75.3245720003479, 40.004252000035166], [-75.32508500035888, 40.005276000224164], [-75.3251420002603, 40.005571000214196], [-75.32541500007177, 40.00609300023359], [-75.3257280000662, 40.00658199993297], [-75.32576800024918, 40.006680999880494], [-75.32585000026495, 40.0074219997249], [-75.32587000035643, 40.00759100027715], [-75.32589000044791, 40.00776100017847], [-75.32594200032645, 40.008063000157165], [-75.32595099964897, 40.0080959998984], [-75.32599800040296, 40.00826099974156], [-75.32610899983271, 40.00842599987397], [-75.32621500013792, 40.00857200012556], [-75.32628899975778, 40.00867500033205], [-75.3266570000038, 40.00918399986539], [-75.32719299958102, 40.00989399998926], [-75.32749899990276, 40.010298999983995], [-75.32781899956991, 40.010740000028115], [-75.32878199984269, 40.01206399997004], [-75.32906700024805, 40.01245500025276], [-75.32907700029378, 40.01251700012179]]]}, "properties": {"NAME": "Census Tract 4083", "STATE": "42", "COUNTY": "045", "GEOID": "42045408300", "TRACT": "408300"}}, {"type": "Feature", "geometry": {"type": "MultiLineString", "coordinates": [[[-75.3365549998253, 39.97725100002945], [-75.3365759997417, 39.97735899966917]], [[-75.3365759997417, 39.97735899966917], [-75.33669399974248, 39.977494000011355]], [[-75.33669399974248, 39.977494000011355], [-75.33675300019202, 39.97771900021844]], [[-75.33675300019202, 39.97771900021844], [-75.33675400001692, 39.97789900012606]], [[-75.33675400001692, 39.97789900012606], [-75.33652100038843, 39.97812499988944]], [[-75.33652100038843, 39.97812499988944], [-75.33640500003746, 39.9783510002821]], [[-75.33640500003746, 39.9783510002821], [-75.33640599986238, 39.97853099990175]], [[-75.33640599986238, 39.97853099990175], [-75.3367590000398, 39.97893499987636]], [[-75.3367590000398, 39.97893499987636], [-75.33675999986471, 39.979116000209636]], [[-75.33675999986471, 39.979116000209636], [-75.33617800025675, 39.97983799983768]], [[-75.33617800025675, 39.97983799983768], [-75.33612100035535, 39.98006400007174]], [[-75.33612100035535, 39.98006400007174], [-75.33600400017949, 39.98019899988846]], [[-75.33600400017949, 39.98019899988846], [-75.33600400017949, 39.98028299974691]], [[-75.33600400017949, 39.98028299974691], [-75.33600599982931, 39.980558999931404]], [[-75.33600599982931, 39.980558999931404], [-75.33688700008632, 39.98105200001813]], [[-75.33688700008632, 39.98105200001813], [-75.33729899981496, 39.981456999695546]], [[-75.33729899981496, 39.981456999695546], [-75.33741699981574, 39.981726999752915]], [[-75.33741699981574, 39.981726999752915], [-75.33753499981651, 39.981815999846525]], [[-75.33753499981651, 39.981815999846525], [-75.3376539996422, 39.98213100010494]], [[-75.3376539996422, 39.98213100010494], [-75.33794800026838, 39.98253600027001]], [[-75.33794800026838, 39.98253600027001], [-75.3379490000933, 39.982715999878685]], [[-75.3379490000933, 39.982715999878685], [-75.3375409996643, 39.98303299968856]], [[-75.3375409996643, 39.98303299968856], [-75.33766200003811, 39.9834110001124]], [[-75.33766200003811, 39.9834110001124], [-75.33772899998526, 39.98355499992044]], [[-75.33772899998526, 39.98355499992044], [-75.33777900021398, 39.98370799981409]], [[-75.33777900021398, 39.98370799981409], [-75.33777900021398, 39.983843000002594]], [[-75.33777900021398, 39.983843000002594], [-75.337955999766, 39.98397699980863]], [[-75.337955999766, 39.98397699980863], [-75.33801500021553, 39.984156999750844]], [[-75.33801500021553, 39.984156999750844], [-75.33819199976755, 39.98433699990709]], [[-75.33819199976755, 39.98433699990709], [-75.3382510002171, 39.98451700027748]], [[-75.3382510002171, 39.98451700027748], [-75.33836900021787, 39.984607000284804]], [[-75.33836900021787, 39.984607000284804], [-75.3387230002202, 39.9851920001958]], [[-75.3387230002202, 39.9851920001958], [-75.33931200039918, 39.98582099970375]], [[-75.33931200039918, 39.98582099970375], [-75.33951200041571, 39.98597299994269]], [[-75.33951200041571, 39.98597299994269], [-75.3397230003029, 39.98613499999707]], [[-75.3397230003029, 39.98613499999707], [-75.33978199985414, 39.986270000207874]], [[-75.33978199985414, 39.986270000207874], [-75.34083999966316, 39.9870320000504]], [[-75.34083999966316, 39.9870320000504], [-75.34107599966471, 39.98734699966196]], [[-75.34107599966471, 39.98734699966196], [-75.34119100019075, 39.98741500001238]], [[-75.34119100019075, 39.98741500001238], [-75.3414129999486, 39.98754800031996]], [[-75.3414129999486, 39.98754800031996], [-75.34141899979639, 39.987607999970294]], [[-75.34141899979639, 39.987607999970294], [-75.34142299999435, 39.98765300001758]], [[-75.34142299999435, 39.98765300001758], [-75.34148400009371, 39.98770599983647]], [[-75.34148400009371, 39.98770599983647], [-75.34151599988076, 39.98772699974034]], [[-75.34151599988076, 39.98772699974034], [-75.34158700002588, 39.98777599994979]], [[-75.34158700002588, 39.98777599994979], [-75.34159700007163, 39.98780500031002]], [[-75.34159700007163, 39.98780500031002], [-75.34161899981292, 39.987824000064684]], [[-75.34161899981292, 39.987824000064684], [-75.34166099964571, 39.987813000098676]], [[-75.34166099964571, 39.987813000098676], [-75.34172299957, 39.98779599977233]], [[-75.34172299957, 39.98779599977233], [-75.34178200001955, 39.98797599997662]], [[-75.34178200001955, 39.98797599997662], [-75.34219399974818, 39.98829000000055]], [[-75.34219399974818, 39.98829000000055], [-75.3425469999256, 39.98869400008701]], [[-75.3425469999256, 39.98869400008701], [-75.34312699988375, 39.98913700005034]], [[-75.34312699988375, 39.98913700005034], [-75.34331199983167, 39.989278000063635]], [[-75.34331199983167, 39.989278000063635], [-75.34331299965659, 39.989503000009194]], [[-75.34331299965659, 39.989503000009194], [-75.34320399987664, 39.98962900015053]], [[-75.34320399987664, 39.98962900015053], [-75.34319600037904, 39.989637999758436]], [[-75.34319600037904, 39.989637999758436], [-75.34319700020394, 39.98981799992675]], [[-75.34319700020394, 39.98981799992675], [-75.34308900024892, 39.99002999980726]], [[-75.34308900024892, 39.99002999980726], [-75.34308699970079, 39.990241999718044]], [[-75.34308699970079, 39.990241999718044], [-75.34308400022604, 39.99058500020605]], [[-75.34308400022604, 39.99058500020605], [-75.34361599960529, 39.99148400033856]], [[-75.34361599960529, 39.99148400033856], [-75.34391000023146, 39.99170799989748]], [[-75.34391000023146, 39.99170799989748], [-75.3440809999357, 39.991719999926836]], [[-75.3440809999357, 39.991719999926836], [-75.34449500021249, 39.99175199999486]], [[-75.34449500021249, 39.99175199999486], [-75.34469299968087, 39.99186500011514]], [[-75.34469299968087, 39.99186500011514], [-75.34473000038913, 39.99188600011693]], [[-75.34473000038913, 39.99188600011693], [-75.34474700010755, 39.99188500011698]], [[-75.34474700010755, 39.99188500011698], [-75.34492600020769, 39.99188500011698]], [[-75.34492600020769, 39.99188500011698], [-75.34498599958383, 39.99188500011698]], [[-75.34498599958383, 39.99188500011698], [-75.34508199984332, 39.99188500011698]], [[-75.34508199984332, 39.99188500011698], [-75.34519900001918, 39.99197500005268]], [[-75.34519900001918, 39.99197500005268], [-75.34560900009801, 39.99197400005405]], [[-75.34560900009801, 39.99197400005405], [-75.34596099955219, 39.992062999875145]], [[-75.34596099955219, 39.992062999875145], [-75.3465389998605, 39.99210499975045]], [[-75.3465389998605, 39.99210499975045], [-75.34713300006234, 39.99214900028037]], [[-75.34713300006234, 39.99214900028037], [-75.34754399996608, 39.99223799987343]], [[-75.34754399996608, 39.99223799987343], [-75.34807100022077, 39.99223599988384]], [[-75.34807100022077, 39.99223599988384], [-75.34906899975535, 39.99277399978792]], [[-75.34906899975535, 39.99277399978792], [-75.35001000028682, 39.99344700006315]], [[-75.35001000028682, 39.99344700006315], [-75.35047999974178, 39.99367100006638]], [[-75.35047999974178, 39.99367100006638], [-75.35059699991766, 39.993670000092564]], [[-75.35059699991766, 39.993670000092564], [-75.35086300005642, 39.993848000016314]], [[-75.35086300005642, 39.993848000016314], [-75.35153699972591, 39.99429800002806]], [[-75.35153699972591, 39.99429800002806], [-75.35153800044912, 39.99447800030363]], [[-75.35153800044912, 39.99447800030363], [-75.35114199971568, 39.99493899980197]], [[-75.35114199971568, 39.99493899980197], [-75.3510720002938, 39.995020000256766]], [[-75.3510720002938, 39.995020000256766], [-75.35095699976777, 39.99533600014401]], [[-75.35095699976777, 39.99533600014401], [-75.3508399995919, 39.995427000297695]], [[-75.3508399995919, 39.995427000297695], [-75.3509020004145, 39.996192000342326]], [[-75.3509020004145, 39.996192000342326], [-75.35065100034431, 39.99651599976966]], [[-75.35065100034431, 39.99651599976966], [-75.35055300043503, 39.99664399990999]], [[-75.35055300043503, 39.99664399990999], [-75.35046499967316, 39.99691100003799]], [[-75.35046499967316, 39.99691100003799], [-75.35049200033565, 39.996988999754606]], [[-75.35049200033565, 39.996988999754606], [-75.35051800027493, 39.99706700007037]], [[-75.35051800027493, 39.99706700007037], [-75.35066100039008, 39.997132999844446]], [[-75.35066100039008, 39.997132999844446], [-75.35079699993419, 39.99717099966461]], [[-75.35079699993419, 39.99717099966461], [-75.35089700039161, 39.9971820001881]], [[-75.35089700039161, 39.9971820001881], [-75.35119699996727, 39.9971820001881]], [[-75.35119699996727, 39.9971820001881], [-75.35149200041838, 39.99714800006574]], [[-75.35149200041838, 39.99714800006574], [-75.35183899984969, 39.99711000023283]], [[-75.35183899984969, 39.99711000023283], [-75.35241799998292, 39.99702200003146]], [[-75.35241799998292, 39.99702200003146], [-75.35323899996547, 39.996824000195964]], [[-75.35323899996547, 39.996824000195964], [-75.35393199990152, 39.99664299997971]], [[-75.35393199990152, 39.99664299997971], [-75.35433899960731, 39.99650499982709]], [[-75.35433899960731, 39.99650499982709], [-75.35486500003708, 39.99631500003833]], [[-75.35486500003708, 39.99631500003833], [-75.35578800012688, 39.995983000138295]], [[-75.35578800012688, 39.995983000138295], [-75.35596100037925, 39.99592799997829]], [[-75.35596100037925, 39.99592799997829], [-75.35687299970009, 39.99563600013873]], [[-75.35687299970009, 39.99563600013873], [-75.35731600028919, 39.99554299968257]], [[-75.35731600028919, 39.99554299968257], [-75.35746799972684, 39.99554299968257]], [[-75.35746799972684, 39.99554299968257], [-75.35748699999341, 39.99554299968257]], [[-75.35748699999341, 39.99554299968257], [-75.35774399991136, 39.99559199979068]], [[-75.35774399991136, 39.99559199979068], [-75.3579439999279, 39.99566300002544]], [[-75.3579439999279, 39.99566300002544], [-75.3583160003719, 39.9958939999198]], [[-75.3583160003719, 39.9958939999198], [-75.35857999996253, 39.99598200019833]], [[-75.35857999996253, 39.99598200019833], [-75.35872999975038, 39.99600899994824]], [[-75.35872999975038, 39.99600899994824], [-75.35891600042152, 39.99601999997077]], [[-75.35891600042152, 39.99601999997077], [-75.35911300006501, 39.996040000132254]], [[-75.35911300006501, 39.996040000132254], [-75.35944399960279, 39.99607500005667]], [[-75.35944399960279, 39.99607500005667], [-75.35975199957439, 39.996096000140355]], [[-75.35975199957439, 39.996096000140355], [-75.35985200003181, 39.99614000016367]], [[-75.35985200003181, 39.99614000016367], [-75.35992999984963, 39.99618999978037]], [[-75.35992999984963, 39.99618999978037], [-75.35998699975103, 39.996255999713824]], [[-75.35998699975103, 39.996255999713824], [-75.36000199981964, 39.99632200027174]], [[-75.36000199981964, 39.99632200027174], [-75.36000199981964, 39.996541000133114]], [[-75.36000199981964, 39.996541000133114], [-75.36003000030703, 39.99658000021392]], [[-75.36003000030703, 39.99658000021392], [-75.36012999986616, 39.9966339999184]], [[-75.36012999986616, 39.9966339999184], [-75.36020199983618, 39.99664599977045]], [[-75.36020199983618, 39.99664599977045], [-75.36030200029361, 39.99664000018879]], [[-75.36030200029361, 39.99664000018879], [-75.36057299955694, 39.996612000069426]], [[-75.36057299955694, 39.996612000069426], [-75.36081600012952, 39.9966069997274]], [[-75.36081600012952, 39.9966069997274], [-75.36105899980376, 39.99662900026618]], [[-75.36105899980376, 39.99662900026618], [-75.36139500026275, 39.99673299983925]], [[-75.36139500026275, 39.99673299983925], [-75.36163000043938, 39.99688399995651]], [[-75.36163000043938, 39.99688399995651], [-75.36196600000004, 39.997101000233066]], [[-75.36196600000004, 39.997101000233066], [-75.36245899991953, 39.997275999709615]], [[-75.36245899991953, 39.997275999709615], [-75.3628020000512, 39.99753400017667]], [[-75.3628020000512, 39.99753400017667], [-75.36285200027993, 39.997577999961614]], [[-75.36285200027993, 39.997577999961614], [-75.36296199988479, 39.9976720003144]], [[-75.36296199988479, 39.9976720003144], [-75.36311599987056, 39.99780300009243]], [[-75.36311599987056, 39.99780300009243], [-75.3632299996734, 39.99787400009298]]]}, "properties": {"NAME": "Census Tract 4081.01", "STATE": "42", "COUNTY": "045", "GEOID": "42045408101", "TRACT": "408101"}}, {"type": "Feature", "geometry": {"type": "Polygon", "coordinates": [[[-75.3632299996734, 39.99787400009298], [-75.36293699977043, 39.99801799969293], [-75.36288099969393, 39.99803799995744], [-75.36276699989112, 39.99807899968999], [-75.36263700019478, 39.99812500031734], [-75.36254500013325, 39.99816300027363], [-75.36240000036831, 39.99821099997089], [-75.36230900013172, 39.99824399965716], [-75.36218500028315, 39.99829100007952], [-75.36201000038098, 39.998360999667554], [-75.36191800031945, 39.998398000276104], [-75.3618000003187, 39.9984449999043], [-75.36168899999059, 39.99848899979048], [-75.36160799979974, 39.99852200003053], [-75.36089700032036, 39.998790000284494], [-75.36081899960423, 39.998820999894185], [-75.36074599980931, 39.99884999969397], [-75.36067999968705, 39.99887699968631], [-75.36057500010507, 39.998916999706246], [-75.36051200035588, 39.998945000256846], [-75.36045399973125, 39.99896999973105], [-75.36041000024863, 39.99898899982081], [-75.36035400017215, 39.9990180002374], [-75.36028499967685, 39.99905399990682], [-75.36020699985905, 39.999093999823124], [-75.36010599957672, 39.999146999710554], [-75.36000199981964, 39.999201000137795], [-75.35991700032913, 39.99924400033278], [-75.35979799960514, 39.99930599981408], [-75.3597109995665, 39.999350999724236], [-75.35963500029682, 39.99939100015474], [-75.35956199960359, 39.99942700031568], [-75.35954700043328, 39.999433000340645], [-75.35948299996086, 39.99946199988051], [-75.35942799970928, 39.9994869998536], [-75.35936300031027, 39.99951199981754], [-75.35929299999006, 39.99953900023629], [-75.35922299966987, 39.99956599995614], [-75.35915999992068, 39.999590000004076], [-75.3590849995776, 39.999619000165374], [-75.3590069997598, 39.999648000314366], [-75.35892300009422, 39.999680999994354], [-75.35884399955317, 39.99971100000237], [-75.35877499995621, 39.99973699976928], [-75.35867200002404, 39.99977699997367], [-75.35859400020625, 39.999802999715456], [-75.35850499961947, 39.999838999659175], [-75.35836700042553, 39.99989199965647], [-75.35831299999886, 39.99991200006027], [-75.35822000011242, 39.99994600018277], [-75.35810499958639, 39.99998999978988], [-75.35799699963135, 40.000034000056765], [-75.35791100031595, 40.000069999878754], [-75.3577969996148, 40.00011599985297], [-75.3576970000557, 40.00015800028111], [-75.35760499999418, 40.000195999794215], [-75.35751100028287, 40.00023599972971], [-75.3574159998483, 40.000274999764684], [-75.35733899985541, 40.00030699995314], [-75.35725900038778, 40.000339000126644], [-75.35718099967167, 40.000371000285156], [-75.3570919999832, 40.00040699992942], [-75.35699499989883, 40.00044699974131], [-75.35690200001241, 40.00048499978168], [-75.35681199960072, 40.0005219999275], [-75.35670799984366, 40.000564000105896], [-75.35659400004084, 40.000611000307714], [-75.3564650001694, 40.000667999879404], [-75.35636800008503, 40.00070999996805], [-75.35617999976404, 40.0007920003287], [-75.35603099980112, 40.00086399984247], [-75.35588500021127, 40.00093599996847], [-75.35570299973809, 40.00102599967518], [-75.3555289996608, 40.00111699981609], [-75.35542699955356, 40.001170000197696], [-75.35534200006306, 40.00121500025574], [-75.35514299987142, 40.00132000027575], [-75.35491100006783, 40.001440999960955], [-75.35472000027212, 40.00154100034083], [-75.35448900029343, 40.00166099977761], [-75.35425699959154, 40.00178200023481], [-75.35414799981159, 40.00183900020524], [-75.35403700038182, 40.00189699998145], [-75.35394000029744, 40.00194700019986], [-75.35384300021306, 40.001998000233485], [-75.35358399974697, 40.002132000207794], [-75.35342899993627, 40.00221299970012], [-75.35332199980616, 40.00226900015104], [-75.35326499990475, 40.0022939997845], [-75.35316100014767, 40.00234100017169], [-75.35304499979671, 40.00239299975712], [-75.35295299973521, 40.00243500016091], [-75.3528399997573, 40.00248599983002], [-75.35271799955856, 40.00254100021311], [-75.35259600025813, 40.00259599986371], [-75.35247900008228, 40.0026489997854], [-75.35237100012725, 40.00269800029959], [-75.35227300021796, 40.002742000197735], [-75.35210599981338, 40.00281799976731], [-75.35206099960753, 40.002838999841686], [-75.35178799979606, 40.00295700007404], [-75.35164800005397, 40.003016999950724], [-75.3515500001447, 40.00306100033137], [-75.35150300028901, 40.003080999806926], [-75.35145700025826, 40.00302900005735], [-75.35141399970226, 40.00298100030629], [-75.35137000021965, 40.00293199999522], [-75.35133599988445, 40.0028930001016], [-75.35130699957213, 40.0028550000251], [-75.35127499978508, 40.00281200003978], [-75.35122299990655, 40.00273999982761], [-75.35118299972358, 40.00268500029302], [-75.35114599991367, 40.00263400008437], [-75.35111099975354, 40.00258600005565], [-75.35107099957058, 40.00253099970882], [-75.3510299995627, 40.00247500016098], [-75.35098299970703, 40.00240900004505], [-75.35093000000357, 40.00233700009609], [-75.35088599962265, 40.002274999926286], [-75.35083899976698, 40.00221199985138], [-75.35077299964475, 40.0021199999435], [-75.35071499991842, 40.00204100004336], [-75.35063299990267, 40.00192900009793], [-75.35057500017635, 40.00184699972647], [-75.35052900014558, 40.00178300008978], [-75.35049800018345, 40.001740999973116], [-75.35044700012982, 40.00176599979989], [-75.35037299961166, 40.001798999832566], [-75.35031300023553, 40.00182600003507], [-75.35022899967163, 40.00186300014235], [-75.3501280002876, 40.00190799974361], [-75.35003299985304, 40.001951000298305], [-75.3499449999895, 40.0019900000418], [-75.34984399970715, 40.00203500024755], [-75.34975900021665, 40.00207300009231], [-75.34965299991144, 40.0021199999435], [-75.34954900015437, 40.00216500006352], [-75.34943600017647, 40.00221500008568], [-75.34933400006922, 40.00226000014309], [-75.3492420000077, 40.00230100009312], [-75.3491509997711, 40.00234200001854], [-75.34908200017414, 40.002373000080084], [-75.34899699978533, 40.002410999736725], [-75.34892800018835, 40.00244099992157], [-75.34871899995098, 40.00252700033248], [-75.34870600043051, 40.00253200024101], [-75.34866000039973, 40.002550000183966], [-75.34857699966075, 40.002583999680965], [-75.34844199994153, 40.00263700030011], [-75.34832800013874, 40.002682999921234], [-75.34821500016083, 40.002726999829], [-75.34811300005357, 40.00276599981743], [-75.34795900006779, 40.00282400018239], [-75.34778599981541, 40.00288999989716], [-75.34763299965455, 40.00294800015682], [-75.34747799984386, 40.00300700020428], [-75.3473330000789, 40.003062000167674], [-75.3471659996743, 40.00312599998169], [-75.34702299955919, 40.00318199968371], [-75.34692800002294, 40.00322000026635], [-75.34669600021935, 40.003313999733464], [-75.34660599980765, 40.003352000242685], [-75.34648699998196, 40.00341000010983], [-75.34635300008767, 40.00347599994626], [-75.34623099988893, 40.003536000054915], [-75.34612100028409, 40.00358999976356], [-75.34607299970517, 40.0036139997733], [-75.3459949998874, 40.00364199977398], [-75.34591200004671, 40.00367200010605], [-75.34582400018316, 40.00370300025179], [-75.3457200004261, 40.003740999856326], [-75.34565599995366, 40.00377400031062], [-75.34556200024234, 40.0038220001923], [-75.34548600007436, 40.00386100024332], [-75.34539200036302, 40.00390900006378], [-75.34531899966977, 40.00394700024178], [-75.34523199963114, 40.003991000023134], [-75.3451439997676, 40.00403300013196], [-75.34504099983543, 40.004080999831494], [-75.34494299992615, 40.00412799967666], [-75.34484199964379, 40.00417599999753], [-75.34477600041988, 40.00420699991448], [-75.34469100003106, 40.00424499992661], [-75.34460099961939, 40.004283999735996], [-75.34452299980157, 40.00431799974569], [-75.34441599967145, 40.00436500011582], [-75.34434299987652, 40.004399000085215], [-75.34423999994436, 40.004445999711415], [-75.34414799988285, 40.00448800022845], [-75.34403599972985, 40.00454000024303], [-75.34391100005638, 40.004597999789056], [-75.34378800003275, 40.00465500016102], [-75.343701999819, 40.004695000236644], [-75.34362400000121, 40.004730999665426], [-75.34352500026701, 40.004776999940006], [-75.34335500038769, 40.00485699992496], [-75.34326800034906, 40.00489900018916], [-75.34317100026469, 40.00494699996795], [-75.34307599983013, 40.00499399990501], [-75.34280800004153, 40.00484500013963], [-75.34278600030021, 40.00483199985371], [-75.34273299969844, 40.004801000220596], [-75.34257600023793, 40.00471099998515], [-75.34252400035939, 40.004681000109635], [-75.34246599973477, 40.00464800009375], [-75.34233199984044, 40.00457099999465], [-75.34229199965749, 40.004553999710836], [-75.34223200028134, 40.00452799971385], [-75.34219799994614, 40.004512999737564], [-75.34204700033341, 40.004486999724975], [-75.34178100019463, 40.00448999985924], [-75.34152599992652, 40.004492999993374], [-75.34131900023726, 40.004489000043854], [-75.3412220001529, 40.004467999788865], [-75.34118399961976, 40.0044850000941], [-75.34114400033509, 40.004501999706974], [-75.34109999995415, 40.004522000136596], [-75.34105800012136, 40.004541000057664], [-75.34100500041791, 40.004563999918815], [-75.34093300044789, 40.00459600016148], [-75.34088800024205, 40.00461599987545], [-75.34082600031776, 40.00464300034018], [-75.34076600004332, 40.00467000010612], [-75.34070599976884, 40.004696999861366], [-75.34063999964663, 40.00472599991793], [-75.34058100009538, 40.00475199983951], [-75.34051499997315, 40.004780999872715], [-75.34045100039904, 40.004809999893546], [-75.34039600014746, 40.00483400016253], [-75.34033400022318, 40.004861999662864], [-75.34026999975075, 40.00488999983983], [-75.34021000037461, 40.00491700019619], [-75.34015699977286, 40.00493999993062], [-75.34008999982571, 40.00496999969232], [-75.34001399965771, 40.00500400004854], [-75.33993699966483, 40.00503799969965], [-75.33986999971768, 40.0050680001064], [-75.33962799986834, 40.00517599980997], [-75.33950800021773, 40.0052319998948], [-75.3394139996081, 40.005276000224164], [-75.33936000007974, 40.00530100013278], [-75.33921500031478, 40.00534000002703], [-75.3391380003219, 40.00537000030102], [-75.33905999960577, 40.005399999873774], [-75.33897500011528, 40.00543400001584], [-75.33888300005376, 40.00546999974299], [-75.33878400031958, 40.005509000228756], [-75.33870499977853, 40.005540000228535], [-75.3385900001508, 40.00558500015869], [-75.3384849996705, 40.00562600017627], [-75.33839000013425, 40.00566300028849], [-75.3382930000499, 40.00570199997596], [-75.33821199985904, 40.005735000170475], [-75.33813700041428, 40.00576099970778], [-75.33768299995451, 40.00592400010137], [-75.33632399984661, 40.00641300032319], [-75.33587100011009, 40.00657700032097], [-75.33543900028995, 40.00676800023722], [-75.33524299957305, 40.00685600026372], [-75.33414299993125, 40.007339999758116], [-75.33370899956296, 40.00752800029119], [-75.33371600013398, 40.00754000029301], [-75.33364800036193, 40.00756500006064], [-75.33354200005671, 40.0076139997988], [-75.3333789998501, 40.007687000143946], [-75.33323400008513, 40.00775299997406], [-75.33305400016008, 40.007835000132765], [-75.3329229997405, 40.007894000085386], [-75.33278700019638, 40.00795699973354], [-75.33268599991403, 40.00799799970271], [-75.33264999992903, 40.00800899985807], [-75.33256000041567, 40.00804399984019], [-75.3324640001562, 40.00808999994661], [-75.33222999980445, 40.00821499975036], [-75.33205200042755, 40.00831100011571], [-75.3319439995742, 40.008357999801014], [-75.33184700038814, 40.00842299991267], [-75.33166800028798, 40.00848599976067], [-75.33097100015398, 40.0087829998338], [-75.33063999971787, 40.00892399988178], [-75.33028300024081, 40.009077999806415], [-75.32867499971258, 40.00977600005007], [-75.32836400026625, 40.0099140002153], [-75.32749899990276, 40.010298999983995], [-75.32719299958102, 40.00989399998926], [-75.3266570000038, 40.00918399986539], [-75.32628899975778, 40.00867500033205], [-75.32621500013792, 40.00857200012556], [-75.32610899983271, 40.00842599987397], [-75.32599800040296, 40.00826099974156], [-75.32595099964897, 40.0080959998984], [-75.32594200032645, 40.008063000157165], [-75.32589000044791, 40.00776100017847], [-75.32587000035643, 40.00759100027715], [-75.32585000026495, 40.0074219997249], [-75.32576800024918, 40.006680999880494], [-75.3257280000662, 40.00658199993297], [-75.32541500007177, 40.00609300023359], [-75.3251420002603, 40.005571000214196], [-75.32508500035888, 40.005276000224164], [-75.3245720003479, 40.004252000035166], [-75.32553300007254, 40.003869000215715], [-75.32611200020575, 40.00361200011686], [-75.32689499965518, 40.003279000078805], [-75.3269170002948, 40.00327000020399], [-75.32748600038228, 40.00302099998649], [-75.3272980000613, 40.002731999722926], [-75.32699000008975, 40.00225500021463], [-75.32673099962365, 40.00186899995327], [-75.32653999982793, 40.00158399975037], [-75.32647700007874, 40.00148999996586], [-75.32628799993286, 40.001211999977514], [-75.32622500018367, 40.00111900023376], [-75.32609799996206, 40.00091599986465], [-75.32595400002202, 40.000683999883464], [-75.32570899979963, 40.000315000342006], [-75.3255780002784, 40.00011599985297], [-75.32511600032103, 39.99942900009468], [-75.32475999977056, 39.998900000079125], [-75.32447799973825, 39.99848099987584], [-75.3241360003298, 39.99799000013857], [-75.32408100007821, 39.99787599991747], [-75.32405500013896, 39.99779600001084], [-75.32403599987238, 39.99767899972053], [-75.32401900015394, 39.99744300007784], [-75.3239959996894, 39.99726800034106], [-75.32396899992523, 39.99705399967985], [-75.32389600013029, 39.99644700028809], [-75.32387799968862, 39.99626900025627], [-75.3238550001224, 39.99602199984955], [-75.32384000005379, 39.99573600007352], [-75.32384000005379, 39.99572000028648], [-75.32384799955139, 39.995559000199286], [-75.32352500040952, 39.99537700012238], [-75.32328699985985, 39.995242999967466], [-75.32289400039777, 39.99501199993574], [-75.32259499974872, 39.994776999980566], [-75.32255399974082, 39.99474499995339], [-75.32231899956417, 39.99453100033262], [-75.32250100003736, 39.99444500017395], [-75.32304699966032, 39.99419000032317], [-75.32322999995843, 39.99410499970251], [-75.3234540002644, 39.99399599972343], [-75.32363599983928, 39.99390699966827], [-75.32412799993389, 39.99366900011874], [-75.32435300006479, 39.99356100010742], [-75.32452799996696, 39.99347700005702], [-75.32505400039675, 39.993225999954504], [-75.32523000012384, 39.993143000161815], [-75.32533399988091, 39.99309800029011], [-75.32564699987536, 39.992964999777136], [-75.32575200035565, 39.99292199975767], [-75.32610200016002, 39.992776999748656], [-75.3268179996623, 39.99248100023649], [-75.32709499967173, 39.99235399985722], [-75.32713900005267, 39.99231600010965], [-75.32716900018988, 39.992293000252204], [-75.32718599990831, 39.992225999935044], [-75.32717599986258, 39.99217200018631], [-75.32706000040994, 39.99198800003363], [-75.32716599981684, 39.99188200011706], [-75.32802399960931, 39.99132899994955], [-75.32825700013613, 39.991181999979354], [-75.32899799975276, 39.99071799984759], [-75.32964600038126, 39.990290000164926], [-75.32979000032131, 39.99017800021692], [-75.32990300029921, 39.99007100021795], [-75.33001700010203, 39.989942000118546], [-75.33023499966191, 39.98959399967575], [-75.33032900027156, 39.98945399966206], [-75.33043899987643, 39.98933700022197], [-75.33086200037404, 39.98903399996407], [-75.33120499960741, 39.98876299983047], [-75.33154699991417, 39.9884260001329], [-75.33155899960973, 39.98841500026383], [-75.3317679998471, 39.98817199988902], [-75.33189599989363, 39.98801500013039], [-75.33203200033606, 39.98779699983214], [-75.33216200003241, 39.987545000129565], [-75.33232199986597, 39.98721599978798], [-75.33239700020904, 39.98709300022405], [-75.33245400011046, 39.987003000050294], [-75.33261300011911, 39.98683699969412], [-75.33269099993693, 39.98678199974003], [-75.3328099997626, 39.9867009998397], [-75.33302099964979, 39.9865690000257], [-75.33318499968132, 39.98646899974657], [-75.3335210001403, 39.98623999980171], [-75.333639999966, 39.986150999964636], [-75.33383999998253, 39.9860029997778], [-75.33459400001796, 39.98617800015944], [-75.3355489998948, 39.98639899967058], [-75.33749499963355, 39.98685100003824], [-75.33914300034476, 39.987977000033744], [-75.34014199970424, 39.98876299983047], [-75.34152199972856, 39.989849000167894], [-75.34168900013313, 39.9897850002985], [-75.3417080003997, 39.98977800008332], [-75.34200799997535, 39.98970499986124], [-75.34221399983969, 39.98967200017833], [-75.34239200011491, 39.989644999987966], [-75.34255299977339, 39.98962600005153], [-75.34259799997923, 39.98962099988628], [-75.34286499994292, 39.989610000209645], [-75.34304099967004, 39.98961699975382], [-75.34311400036327, 39.989619999853176], [-75.34315600019606, 39.989623999985504], [-75.34320399987664, 39.98962900015053], [-75.34319600037904, 39.989637999758436], [-75.34319700020394, 39.98981799992675], [-75.34308900024892, 39.99002999980726], [-75.34308699970079, 39.990241999718044], [-75.34308400022604, 39.99058500020605], [-75.34361599960529, 39.99148400033856], [-75.34391000023146, 39.99170799989748], [-75.3440809999357, 39.991719999926836], [-75.34449500021249, 39.99175199999486], [-75.34469299968087, 39.99186500011514], [-75.34473000038913, 39.99188600011693], [-75.34474700010755, 39.99188500011698], [-75.34492600020769, 39.99188500011698], [-75.34498599958383, 39.99188500011698], [-75.34508199984332, 39.99188500011698], [-75.34519900001918, 39.99197500005268], [-75.34560900009801, 39.99197400005405], [-75.34596099955219, 39.992062999875145], [-75.3465389998605, 39.99210499975045], [-75.34713300006234, 39.99214900028037], [-75.34754399996608, 39.99223799987343], [-75.34807100022077, 39.99223599988384], [-75.34906899975535, 39.99277399978792], [-75.35001000028682, 39.99344700006315], [-75.35047999974178, 39.99367100006638], [-75.35059699991766, 39.993670000092564], [-75.35086300005642, 39.993848000016314], [-75.35153699972591, 39.99429800002806], [-75.35153800044912, 39.99447800030363], [-75.35114199971568, 39.99493899980197], [-75.3510720002938, 39.995020000256766], [-75.35095699976777, 39.99533600014401], [-75.3508399995919, 39.995427000297695], [-75.3509020004145, 39.996192000342326], [-75.35065100034431, 39.99651599976966], [-75.35055300043503, 39.99664399990999], [-75.35046499967316, 39.99691100003799], [-75.35049200033565, 39.996988999754606], [-75.35051800027493, 39.99706700007037], [-75.35066100039008, 39.997132999844446], [-75.35079699993419, 39.99717099966461], [-75.35089700039161, 39.9971820001881], [-75.35119699996727, 39.9971820001881], [-75.35149200041838, 39.99714800006574], [-75.35183899984969, 39.99711000023283], [-75.35241799998292, 39.99702200003146], [-75.35323899996547, 39.996824000195964], [-75.35393199990152, 39.99664299997971], [-75.35433899960731, 39.99650499982709], [-75.35486500003708, 39.99631500003833], [-75.35578800012688, 39.995983000138295], [-75.35596100037925, 39.99592799997829], [-75.35687299970009, 39.99563600013873], [-75.35731600028919, 39.99554299968257], [-75.35746799972684, 39.99554299968257], [-75.35748699999341, 39.99554299968257], [-75.35774399991136, 39.99559199979068], [-75.3579439999279, 39.99566300002544], [-75.3583160003719, 39.9958939999198], [-75.35857999996253, 39.99598200019833], [-75.35872999975038, 39.99600899994824], [-75.35891600042152, 39.99601999997077], [-75.35911300006501, 39.996040000132254], [-75.35944399960279, 39.99607500005667], [-75.35975199957439, 39.996096000140355], [-75.35985200003181, 39.99614000016367], [-75.35992999984963, 39.99618999978037], [-75.35998699975103, 39.996255999713824], [-75.36000199981964, 39.99632200027174], [-75.36000199981964, 39.996541000133114], [-75.36003000030703, 39.99658000021392], [-75.36012999986616, 39.9966339999184], [-75.36020199983618, 39.99664599977045], [-75.36030200029361, 39.99664000018879], [-75.36057299955694, 39.996612000069426], [-75.36081600012952, 39.9966069997274], [-75.36105899980376, 39.99662900026618], [-75.36139500026275, 39.99673299983925], [-75.36163000043938, 39.99688399995651], [-75.36196600000004, 39.997101000233066], [-75.36245899991953, 39.997275999709615], [-75.3628020000512, 39.99753400017667], [-75.36285200027993, 39.997577999961614], [-75.36296199988479, 39.9976720003144], [-75.36311599987056, 39.99780300009243], [-75.3632299996734, 39.99787400009298]]]}, "properties": {"NAME": "Census Tract 4084", "STATE": "42", "COUNTY": "045", "GEOID": "42045408400", "TRACT": "408400"}}, {"type": "Feature", "geometry": {"type": "MultiLineString", "coordinates": [[[-75.35358399974697, 40.002132000207794], [-75.35342899993627, 40.00221299970012]], [[-75.35342899993627, 40.00221299970012], [-75.35332199980616, 40.00226900015104]], [[-75.35332199980616, 40.00226900015104], [-75.35326499990475, 40.0022939997845]], [[-75.35326499990475, 40.0022939997845], [-75.35316100014767, 40.00234100017169]], [[-75.35316100014767, 40.00234100017169], [-75.35304499979671, 40.00239299975712]], [[-75.35304499979671, 40.00239299975712], [-75.35295299973521, 40.00243500016091]], [[-75.35295299973521, 40.00243500016091], [-75.3528399997573, 40.00248599983002]], [[-75.3528399997573, 40.00248599983002], [-75.35271799955856, 40.00254100021311]], [[-75.35271799955856, 40.00254100021311], [-75.35259600025813, 40.00259599986371]], [[-75.35259600025813, 40.00259599986371], [-75.35247900008228, 40.0026489997854]], [[-75.35247900008228, 40.0026489997854], [-75.35237100012725, 40.00269800029959]], [[-75.35237100012725, 40.00269800029959], [-75.35227300021796, 40.002742000197735]], [[-75.35227300021796, 40.002742000197735], [-75.35210599981338, 40.00281799976731]], [[-75.35210599981338, 40.00281799976731], [-75.35206099960753, 40.002838999841686]], [[-75.35206099960753, 40.002838999841686], [-75.35178799979606, 40.00295700007404]], [[-75.35178799979606, 40.00295700007404], [-75.35164800005397, 40.003016999950724]], [[-75.35164800005397, 40.003016999950724], [-75.3515500001447, 40.00306100033137]], [[-75.3515500001447, 40.00306100033137], [-75.35150300028901, 40.003080999806926]], [[-75.35150300028901, 40.003080999806926], [-75.35145700025826, 40.00302900005735]], [[-75.35145700025826, 40.00302900005735], [-75.35141399970226, 40.00298100030629]], [[-75.35141399970226, 40.00298100030629], [-75.35137000021965, 40.00293199999522]], [[-75.35137000021965, 40.00293199999522], [-75.35133599988445, 40.0028930001016]], [[-75.35133599988445, 40.0028930001016], [-75.35130699957213, 40.0028550000251]], [[-75.35130699957213, 40.0028550000251], [-75.35127499978508, 40.00281200003978]], [[-75.35127499978508, 40.00281200003978], [-75.35122299990655, 40.00273999982761]], [[-75.35122299990655, 40.00273999982761], [-75.35118299972358, 40.00268500029302]], [[-75.35118299972358, 40.00268500029302], [-75.35114599991367, 40.00263400008437]], [[-75.35114599991367, 40.00263400008437], [-75.35111099975354, 40.00258600005565]], [[-75.35111099975354, 40.00258600005565], [-75.35107099957058, 40.00253099970882]], [[-75.35107099957058, 40.00253099970882], [-75.3510299995627, 40.00247500016098]], [[-75.3510299995627, 40.00247500016098], [-75.35098299970703, 40.00240900004505]], [[-75.35098299970703, 40.00240900004505], [-75.35093000000357, 40.00233700009609]], [[-75.35093000000357, 40.00233700009609], [-75.35088599962265, 40.002274999926286]], [[-75.35088599962265, 40.002274999926286], [-75.35083899976698, 40.00221199985138]], [[-75.35083899976698, 40.00221199985138], [-75.35077299964475, 40.0021199999435]], [[-75.35077299964475, 40.0021199999435], [-75.35071499991842, 40.00204100004336]], [[-75.35071499991842, 40.00204100004336], [-75.35063299990267, 40.00192900009793]], [[-75.35063299990267, 40.00192900009793], [-75.35057500017635, 40.00184699972647]], [[-75.35057500017635, 40.00184699972647], [-75.35052900014558, 40.00178300008978]], [[-75.35052900014558, 40.00178300008978], [-75.35049800018345, 40.001740999973116]], [[-75.35049800018345, 40.001740999973116], [-75.35044700012982, 40.00176599979989]], [[-75.35044700012982, 40.00176599979989], [-75.35037299961166, 40.001798999832566]], [[-75.35037299961166, 40.001798999832566], [-75.35031300023553, 40.00182600003507]], [[-75.35031300023553, 40.00182600003507], [-75.35022899967163, 40.00186300014235]], [[-75.35022899967163, 40.00186300014235], [-75.3501280002876, 40.00190799974361]], [[-75.3501280002876, 40.00190799974361], [-75.35003299985304, 40.001951000298305]], [[-75.35003299985304, 40.001951000298305], [-75.3499449999895, 40.0019900000418]], [[-75.3499449999895, 40.0019900000418], [-75.34984399970715, 40.00203500024755]], [[-75.34984399970715, 40.00203500024755], [-75.34975900021665, 40.00207300009231]], [[-75.34975900021665, 40.00207300009231], [-75.34965299991144, 40.0021199999435]], [[-75.34965299991144, 40.0021199999435], [-75.34954900015437, 40.00216500006352]], [[-75.34954900015437, 40.00216500006352], [-75.34943600017647, 40.00221500008568]], [[-75.34943600017647, 40.00221500008568], [-75.34933400006922, 40.00226000014309]], [[-75.34933400006922, 40.00226000014309], [-75.3492420000077, 40.00230100009312]], [[-75.3492420000077, 40.00230100009312], [-75.3491509997711, 40.00234200001854]], [[-75.3491509997711, 40.00234200001854], [-75.34908200017414, 40.002373000080084]], [[-75.34908200017414, 40.002373000080084], [-75.34899699978533, 40.002410999736725]], [[-75.34899699978533, 40.002410999736725], [-75.34892800018835, 40.00244099992157]], [[-75.34892800018835, 40.00244099992157], [-75.34871899995098, 40.00252700033248]], [[-75.34871899995098, 40.00252700033248], [-75.34870600043051, 40.00253200024101]], [[-75.34870600043051, 40.00253200024101], [-75.34866000039973, 40.002550000183966]], [[-75.34866000039973, 40.002550000183966], [-75.34857699966075, 40.002583999680965]], [[-75.34857699966075, 40.002583999680965], [-75.34844199994153, 40.00263700030011]], [[-75.34844199994153, 40.00263700030011], [-75.34832800013874, 40.002682999921234]], [[-75.34832800013874, 40.002682999921234], [-75.34821500016083, 40.002726999829]], [[-75.34821500016083, 40.002726999829], [-75.34811300005357, 40.00276599981743]], [[-75.34811300005357, 40.00276599981743], [-75.34795900006779, 40.00282400018239]], [[-75.34795900006779, 40.00282400018239], [-75.34778599981541, 40.00288999989716]], [[-75.34778599981541, 40.00288999989716], [-75.34763299965455, 40.00294800015682]], [[-75.34763299965455, 40.00294800015682], [-75.34747799984386, 40.00300700020428]], [[-75.34747799984386, 40.00300700020428], [-75.3473330000789, 40.003062000167674]], [[-75.3473330000789, 40.003062000167674], [-75.3471659996743, 40.00312599998169]], [[-75.3471659996743, 40.00312599998169], [-75.34702299955919, 40.00318199968371]], [[-75.34702299955919, 40.00318199968371], [-75.34692800002294, 40.00322000026635]], [[-75.34692800002294, 40.00322000026635], [-75.34669600021935, 40.003313999733464]], [[-75.34669600021935, 40.003313999733464], [-75.34660599980765, 40.003352000242685]], [[-75.34660599980765, 40.003352000242685], [-75.34648699998196, 40.00341000010983]], [[-75.34648699998196, 40.00341000010983], [-75.34635300008767, 40.00347599994626]], [[-75.34635300008767, 40.00347599994626], [-75.34623099988893, 40.003536000054915]], [[-75.34623099988893, 40.003536000054915], [-75.34612100028409, 40.00358999976356]], [[-75.34612100028409, 40.00358999976356], [-75.34607299970517, 40.0036139997733]], [[-75.34607299970517, 40.0036139997733], [-75.3459949998874, 40.00364199977398]], [[-75.3459949998874, 40.00364199977398], [-75.34591200004671, 40.00367200010605]], [[-75.34591200004671, 40.00367200010605], [-75.34582400018316, 40.00370300025179]], [[-75.34582400018316, 40.00370300025179], [-75.3457200004261, 40.003740999856326]], [[-75.3457200004261, 40.003740999856326], [-75.34565599995366, 40.00377400031062]], [[-75.34565599995366, 40.00377400031062], [-75.34556200024234, 40.0038220001923]], [[-75.34556200024234, 40.0038220001923], [-75.34548600007436, 40.00386100024332]], [[-75.34548600007436, 40.00386100024332], [-75.34539200036302, 40.00390900006378]], [[-75.34539200036302, 40.00390900006378], [-75.34531899966977, 40.00394700024178]], [[-75.34531899966977, 40.00394700024178], [-75.34523199963114, 40.003991000023134]], [[-75.34523199963114, 40.003991000023134], [-75.3451439997676, 40.00403300013196]], [[-75.3451439997676, 40.00403300013196], [-75.34504099983543, 40.004080999831494]], [[-75.34504099983543, 40.004080999831494], [-75.34494299992615, 40.00412799967666]], [[-75.34494299992615, 40.00412799967666], [-75.34484199964379, 40.00417599999753]], [[-75.34484199964379, 40.00417599999753], [-75.34477600041988, 40.00420699991448]], [[-75.34477600041988, 40.00420699991448], [-75.34469100003106, 40.00424499992661]], [[-75.34469100003106, 40.00424499992661], [-75.34460099961939, 40.004283999735996]], [[-75.34460099961939, 40.004283999735996], [-75.34452299980157, 40.00431799974569]], [[-75.34452299980157, 40.00431799974569], [-75.34441599967145, 40.00436500011582]], [[-75.34441599967145, 40.00436500011582], [-75.34434299987652, 40.004399000085215]], [[-75.34434299987652, 40.004399000085215], [-75.34423999994436, 40.004445999711415]], [[-75.34423999994436, 40.004445999711415], [-75.34414799988285, 40.00448800022845]], [[-75.34414799988285, 40.00448800022845], [-75.34403599972985, 40.00454000024303]], [[-75.34403599972985, 40.00454000024303], [-75.34391100005638, 40.004597999789056]], [[-75.34391100005638, 40.004597999789056], [-75.34378800003275, 40.00465500016102]], [[-75.34378800003275, 40.00465500016102], [-75.343701999819, 40.004695000236644]], [[-75.343701999819, 40.004695000236644], [-75.34362400000121, 40.004730999665426]], [[-75.34362400000121, 40.004730999665426], [-75.34352500026701, 40.004776999940006]], [[-75.34352500026701, 40.004776999940006], [-75.34335500038769, 40.00485699992496]], [[-75.34335500038769, 40.00485699992496], [-75.34326800034906, 40.00489900018916]], [[-75.34326800034906, 40.00489900018916], [-75.34317100026469, 40.00494699996795]], [[-75.34317100026469, 40.00494699996795], [-75.34307599983013, 40.00499399990501]], [[-75.34307599983013, 40.00499399990501], [-75.34280800004153, 40.00484500013963]], [[-75.34280800004153, 40.00484500013963], [-75.34278600030021, 40.00483199985371]], [[-75.34278600030021, 40.00483199985371], [-75.34273299969844, 40.004801000220596]], [[-75.34273299969844, 40.004801000220596], [-75.34257600023793, 40.00471099998515]], [[-75.34257600023793, 40.00471099998515], [-75.34252400035939, 40.004681000109635]], [[-75.34252400035939, 40.004681000109635], [-75.34246599973477, 40.00464800009375]], [[-75.34246599973477, 40.00464800009375], [-75.34233199984044, 40.00457099999465]], [[-75.34233199984044, 40.00457099999465], [-75.34229199965749, 40.004553999710836]], [[-75.34229199965749, 40.004553999710836], [-75.34223200028134, 40.00452799971385]], [[-75.34223200028134, 40.00452799971385], [-75.34219799994614, 40.004512999737564]], [[-75.34219799994614, 40.004512999737564], [-75.34204700033341, 40.004486999724975]], [[-75.34204700033341, 40.004486999724975], [-75.34178100019463, 40.00448999985924]], [[-75.34178100019463, 40.00448999985924], [-75.34152599992652, 40.004492999993374]], [[-75.34152599992652, 40.004492999993374], [-75.34131900023726, 40.004489000043854]], [[-75.34131900023726, 40.004489000043854], [-75.3412220001529, 40.004467999788865]], [[-75.3412220001529, 40.004467999788865], [-75.34118399961976, 40.0044850000941]], [[-75.34118399961976, 40.0044850000941], [-75.34114400033509, 40.004501999706974]], [[-75.34114400033509, 40.004501999706974], [-75.34109999995415, 40.004522000136596]], [[-75.34109999995415, 40.004522000136596], [-75.34105800012136, 40.004541000057664]], [[-75.34105800012136, 40.004541000057664], [-75.34100500041791, 40.004563999918815]], [[-75.34100500041791, 40.004563999918815], [-75.34093300044789, 40.00459600016148]], [[-75.34093300044789, 40.00459600016148], [-75.34088800024205, 40.00461599987545]], [[-75.34088800024205, 40.00461599987545], [-75.34082600031776, 40.00464300034018]], [[-75.34082600031776, 40.00464300034018], [-75.34076600004332, 40.00467000010612]], [[-75.34076600004332, 40.00467000010612], [-75.34070599976884, 40.004696999861366]], [[-75.34070599976884, 40.004696999861366], [-75.34063999964663, 40.00472599991793]], [[-75.34063999964663, 40.00472599991793], [-75.34058100009538, 40.00475199983951]], [[-75.34058100009538, 40.00475199983951], [-75.34051499997315, 40.004780999872715]], [[-75.34051499997315, 40.004780999872715], [-75.34045100039904, 40.004809999893546]], [[-75.34045100039904, 40.004809999893546], [-75.34039600014746, 40.00483400016253]], [[-75.34039600014746, 40.00483400016253], [-75.34033400022318, 40.004861999662864]], [[-75.34033400022318, 40.004861999662864], [-75.34026999975075, 40.00488999983983]], [[-75.34026999975075, 40.00488999983983], [-75.34021000037461, 40.00491700019619]], [[-75.34021000037461, 40.00491700019619], [-75.34015699977286, 40.00493999993062]], [[-75.34015699977286, 40.00493999993062], [-75.34008999982571, 40.00496999969232]], [[-75.34008999982571, 40.00496999969232], [-75.34001399965771, 40.00500400004854]], [[-75.34001399965771, 40.00500400004854], [-75.33993699966483, 40.00503799969965]], [[-75.33993699966483, 40.00503799969965], [-75.33986999971768, 40.0050680001064]], [[-75.33986999971768, 40.0050680001064], [-75.33962799986834, 40.00517599980997]], [[-75.33962799986834, 40.00517599980997], [-75.33950800021773, 40.0052319998948]], [[-75.33950800021773, 40.0052319998948], [-75.3394139996081, 40.005276000224164]], [[-75.3394139996081, 40.005276000224164], [-75.33936000007974, 40.00530100013278]], [[-75.33936000007974, 40.00530100013278], [-75.33921500031478, 40.00534000002703]], [[-75.33921500031478, 40.00534000002703], [-75.3391380003219, 40.00537000030102]], [[-75.3391380003219, 40.00537000030102], [-75.33905999960577, 40.005399999873774]], [[-75.33905999960577, 40.005399999873774], [-75.33897500011528, 40.00543400001584]], [[-75.33897500011528, 40.00543400001584], [-75.33888300005376, 40.00546999974299]], [[-75.33888300005376, 40.00546999974299], [-75.33878400031958, 40.005509000228756]], [[-75.33878400031958, 40.005509000228756], [-75.33870499977853, 40.005540000228535]], [[-75.33870499977853, 40.005540000228535], [-75.3385900001508, 40.00558500015869]], [[-75.3385900001508, 40.00558500015869], [-75.3384849996705, 40.00562600017627]], [[-75.3384849996705, 40.00562600017627], [-75.33839000013425, 40.00566300028849]], [[-75.33839000013425, 40.00566300028849], [-75.3382930000499, 40.00570199997596]], [[-75.3382930000499, 40.00570199997596], [-75.33821199985904, 40.005735000170475]], [[-75.33821199985904, 40.005735000170475], [-75.33813700041428, 40.00576099970778]], [[-75.33813700041428, 40.00576099970778], [-75.33768299995451, 40.00592400010137]], [[-75.33768299995451, 40.00592400010137], [-75.33632399984661, 40.00641300032319]], [[-75.33632399984661, 40.00641300032319], [-75.33587100011009, 40.00657700032097]], [[-75.33587100011009, 40.00657700032097], [-75.33543900028995, 40.00676800023722]], [[-75.33543900028995, 40.00676800023722], [-75.33524299957305, 40.00685600026372]], [[-75.33524299957305, 40.00685600026372], [-75.33414299993125, 40.007339999758116]], [[-75.33414299993125, 40.007339999758116], [-75.33370899956296, 40.00752800029119]], [[-75.33370899956296, 40.00752800029119], [-75.33371600013398, 40.00754000029301]], [[-75.33371600013398, 40.00754000029301], [-75.33364800036193, 40.00756500006064]], [[-75.33364800036193, 40.00756500006064], [-75.33354200005671, 40.0076139997988]], [[-75.33354200005671, 40.0076139997988], [-75.3333789998501, 40.007687000143946]], [[-75.3333789998501, 40.007687000143946], [-75.33323400008513, 40.00775299997406]], [[-75.33323400008513, 40.00775299997406], [-75.33305400016008, 40.007835000132765]], [[-75.33305400016008, 40.007835000132765], [-75.3329229997405, 40.007894000085386]], [[-75.3329229997405, 40.007894000085386], [-75.33278700019638, 40.00795699973354]], [[-75.33278700019638, 40.00795699973354], [-75.33268599991403, 40.00799799970271]], [[-75.33268599991403, 40.00799799970271], [-75.33264999992903, 40.00800899985807]], [[-75.33264999992903, 40.00800899985807], [-75.33256000041567, 40.00804399984019]], [[-75.33256000041567, 40.00804399984019], [-75.3324640001562, 40.00808999994661]], [[-75.3324640001562, 40.00808999994661], [-75.33222999980445, 40.00821499975036]], [[-75.33222999980445, 40.00821499975036], [-75.33205200042755, 40.00831100011571]], [[-75.33205200042755, 40.00831100011571], [-75.3319439995742, 40.008357999801014]], [[-75.3319439995742, 40.008357999801014], [-75.33184700038814, 40.00842299991267]], [[-75.33184700038814, 40.00842299991267], [-75.33166800028798, 40.00848599976067]], [[-75.33166800028798, 40.00848599976067], [-75.33097100015398, 40.0087829998338]], [[-75.33097100015398, 40.0087829998338], [-75.33063999971787, 40.00892399988178]], [[-75.33063999971787, 40.00892399988178], [-75.33028300024081, 40.009077999806415]], [[-75.33028300024081, 40.009077999806415], [-75.32867499971258, 40.00977600005007]], [[-75.32867499971258, 40.00977600005007], [-75.32836400026625, 40.0099140002153]], [[-75.32836400026625, 40.0099140002153], [-75.32749899990276, 40.010298999983995]], [[-75.32749899990276, 40.010298999983995], [-75.32781899956991, 40.010740000028115]], [[-75.32781899956991, 40.010740000028115], [-75.32878199984269, 40.01206399997004]], [[-75.32878199984269, 40.01206399997004], [-75.32906700024805, 40.01245500025276]], [[-75.32906700024805, 40.01245500025276], [-75.32907700029378, 40.01251700012179]], [[-75.32907700029378, 40.01251700012179], [-75.32902299986712, 40.01257100029473]], [[-75.32902299986712, 40.01257100029473], [-75.32886800005642, 40.012642000074834]], [[-75.32886800005642, 40.012642000074834], [-75.32819600003677, 40.0129500000004]], [[-75.32819600003677, 40.0129500000004], [-75.32797199973079, 40.0130540001707]], [[-75.32797199973079, 40.0130540001707], [-75.32734999993986, 40.01331900005366]], [[-75.32734999993986, 40.01331900005366], [-75.32548600021688, 40.01411700012009]], [[-75.32548600021688, 40.01411700012009], [-75.32486500025087, 40.01438299967413]], [[-75.32486500025087, 40.01438299967413], [-75.32448399958604, 40.01455099983603]], [[-75.32448399958604, 40.01455099983603], [-75.32386500016815, 40.01482699984302]], [[-75.32386500016815, 40.01482699984302], [-75.32345500008933, 40.01499999997125]], [[-75.32345500008933, 40.01499999997125], [-75.3233410002865, 40.01505299989497]], [[-75.3233410002865, 40.01505299989497], [-75.32296399981965, 40.01522899980067]]]}, "properties": {"NAME": "Census Tract 4096.01", "STATE": "42", "COUNTY": "045", "GEOID": "42045409601", "TRACT": "409601"}}, {"type": "Feature", "geometry": {"type": "Polygon", "coordinates": [[[-75.31961299994227, 39.97321599975914], [-75.31951300038314, 39.973604000027905], [-75.31946200032951, 39.973853000104626], [-75.31941999959841, 39.974066999794005], [-75.31941499957553, 39.97408900002003], [-75.31940100023014, 39.97415800005723], [-75.3193970000322, 39.97418099982466], [-75.3193619998721, 39.97435199985833], [-75.31935699984922, 39.97438099972096], [-75.31924700024435, 39.974862000086866], [-75.31920899971121, 39.97503299979347], [-75.31916400040369, 39.97521100009227], [-75.31903100033428, 39.975745999820155], [-75.31898799977827, 39.97592499987232], [-75.31895000014345, 39.97605799983053], [-75.31893199970177, 39.97612599971435], [-75.3189059997625, 39.97627999995022], [-75.31888599967102, 39.976467999946536], [-75.31887200032564, 39.97660599996619], [-75.31886700030276, 39.97663899976503], [-75.31884700021128, 39.97676699998117], [-75.31877500024125, 39.97724999981532], [-75.31875199977672, 39.977411999901584], [-75.3187309998603, 39.977571999873334], [-75.31869099967734, 39.97788900014365], [-75.31866300008826, 39.978052999808384], [-75.31863600032409, 39.97821299965603], [-75.31861100020974, 39.97837500021291], [-75.31859399959299, 39.97849199984087], [-75.31856500017896, 39.978864000150935], [-75.3185529995851, 39.97902800022917], [-75.31852900019396, 39.979190999728075], [-75.31845899987377, 39.97967899984335], [-75.31843600030754, 39.97984300003061], [-75.31840600017031, 39.98000299981722], [-75.31838500025391, 39.9801240000997], [-75.3183350000252, 39.980488999995096], [-75.3183130002839, 39.980650999974564], [-75.31829700039036, 39.98079699972904], [-75.31825100035961, 39.981237000185594], [-75.318236000291, 39.98138400021828], [-75.31820100013091, 39.981597000266355], [-75.31815699974997, 39.98186799991716], [-75.31809300017586, 39.98219699985712], [-75.31807899993215, 39.9822349997272], [-75.31805299999289, 39.98231200023239], [-75.31800000028946, 39.98243699973245], [-75.31792699959618, 39.98254399998733], [-75.31780199992274, 39.982671000021], [-75.3177709999606, 39.98269899966057], [-75.31731599967593, 39.98312300027417], [-75.31698799961286, 39.983397999875784], [-75.31672099964916, 39.983624000036365], [-75.31635099975333, 39.98359499996618], [-75.31576800032045, 39.9835499999991], [-75.31524299971558, 39.983511000049525], [-75.31487399964463, 39.983483000054335], [-75.31443599997671, 39.98319100001087], [-75.31312500044771, 39.98231799969601], [-75.3126879997064, 39.98202700032443], [-75.31230500029005, 39.981570000326094], [-75.31115600024444, 39.98020100023047], [-75.3107739997547, 39.97974499989885], [-75.31052199985962, 39.9795390001611], [-75.30976899964914, 39.97892200016485], [-75.30951799957896, 39.97871700020382], [-75.30938600023279, 39.978601999973165], [-75.3089929998724, 39.97826000009513], [-75.30886200035114, 39.97814599998485], [-75.30817600008781, 39.97752800027984], [-75.30611999984589, 39.97567399998614], [-75.30543500030578, 39.97505599995485], [-75.3052539996575, 39.97486699995554], [-75.3047120002325, 39.974300999832685], [-75.30453200030745, 39.97411300007079], [-75.30447500040604, 39.97406600022164], [-75.30415400001567, 39.97363300020792], [-75.30393999975543, 39.97334299991929], [-75.30244299955527, 39.97131800006046], [-75.30241099976821, 39.97127500018434], [-75.30211500039053, 39.97109100020077], [-75.3012890003851, 39.97057900012419], [-75.30082900007754, 39.97034400010786], [-75.29945200042629, 39.9696390000305], [-75.29936399966442, 39.96959300018487], [-75.2991999996329, 39.96950999990613], [-75.29899299994366, 39.96940400022477], [-75.29896100015661, 39.96937799992713], [-75.2988680002702, 39.969300999993784], [-75.29883700030804, 39.969275999987815], [-75.29936299983953, 39.969381999867664], [-75.29999499967619, 39.96950999990613], [-75.30094399970528, 39.96969799993686], [-75.30147199978487, 39.969803000216075], [-75.30157600044028, 39.969824000114826], [-75.30165199970993, 39.969837000180085], [-75.30219599968305, 39.96993599969561], [-75.30237800015625, 39.969970000281926], [-75.30242800038496, 39.9699789997256], [-75.30257999982261, 39.97000600011491], [-75.30263099987624, 39.97001500024225], [-75.3029320001751, 39.970069000293236], [-75.30305000017589, 39.97009000011031], [-75.30383699982326, 39.970238000342924], [-75.30413899994706, 39.970296000104774], [-75.3042400002294, 39.97031400028196], [-75.30454499982794, 39.97036899972323], [-75.30464699993519, 39.97038800019581], [-75.30475900008817, 39.97040800028904], [-75.30491300007395, 39.970434000194906], [-75.30571200031521, 39.97057399994183], [-75.3059790002789, 39.97062100012696], [-75.30624799989242, 39.97066300010392], [-75.30705700017941, 39.970790999809], [-75.30732699961784, 39.970833999989594], [-75.30754800044907, 39.97086800012924], [-75.30761500039624, 39.97087900006957], [-75.30821000042299, 39.97098000006472], [-75.30843100035594, 39.97101799997654], [-75.30865099956564, 39.97105599986722], [-75.30874199980222, 39.9710719999236], [-75.30967800031084, 39.97123900033131], [-75.30998999958206, 39.97129500001803], [-75.31012100000163, 39.971316999759495], [-75.31051500018692, 39.97138500022981], [-75.3106470004314, 39.971408000241944], [-75.3107739997547, 39.97142900033611], [-75.31087800041009, 39.97144700021499], [-75.31115600024444, 39.97149700000656], [-75.31128400029095, 39.971519999981055], [-75.31173399965444, 39.97159900007388], [-75.31265099989646, 39.97176200008142], [-75.31308600008965, 39.97184299979276], [-75.31353700017635, 39.9719279998881], [-75.31365400035222, 39.97194699992738], [-75.31400800035453, 39.97200599990687], [-75.31412600035532, 39.972026000215074], [-75.31420699964787, 39.97203899986153], [-75.31445000022042, 39.97207899976436], [-75.31453100041126, 39.972092999690425], [-75.31458599976455, 39.972102000231416], [-75.31467199997827, 39.97211800004294], [-75.31509799995062, 39.972199000020844], [-75.31524000024083, 39.97222600022161], [-75.31561799963431, 39.97229000001752], [-75.31675300033454, 39.97248400030189], [-75.3171319995529, 39.97254900013917], [-75.31756199972321, 39.97262399998052], [-75.31763799989119, 39.9726370002017], [-75.31915600000777, 39.97291200001096], [-75.31966200034607, 39.97300400002307], [-75.31962700018596, 39.97316500026261], [-75.31961299994227, 39.97321599975914]]]}, "properties": {"NAME": "Census Tract 4092", "STATE": "42", "COUNTY": "045", "GEOID": "42045409200", "TRACT": "409200"}}, {"type": "Feature", "geometry": {"type": "Polygon", "coordinates": [[[-75.31419699960212, 39.95969599986077], [-75.31441699971015, 39.96000599990171], [-75.31524799973845, 39.96117699979326], [-75.31552499974788, 39.96156800018673], [-75.31574599968081, 39.96184599971403], [-75.31587499955225, 39.96200700007016], [-75.31640000015712, 39.962687999752546], [-75.31641799970048, 39.96271199967523], [-75.3165959999757, 39.96296300034161], [-75.31660099999857, 39.96298099969562], [-75.31676599985501, 39.963242999855034], [-75.31698500013812, 39.963689000135005], [-75.31755800042357, 39.964794000322264], [-75.31774099982336, 39.96504000033165], [-75.31788800013645, 39.96523899973359], [-75.31828499979649, 39.96578499978846], [-75.31846600044479, 39.966034000121006], [-75.31857699987454, 39.96617599999303], [-75.3189119996103, 39.96660500032645], [-75.31902399976329, 39.96674899974821], [-75.31904999970254, 39.96678600026784], [-75.31912800041867, 39.96689899968395], [-75.31915500018285, 39.966936999799024], [-75.31933000008505, 39.96717900028984], [-75.3195259999036, 39.96744900030433], [-75.31986200036259, 39.967903000051216], [-75.32004099956444, 39.968144000217364], [-75.32014500021981, 39.968289999841865], [-75.32045700038935, 39.96873000027611], [-75.32049400019928, 39.968781999977544], [-75.32054199987984, 39.96888900027151], [-75.32054100005494, 39.968973000262665], [-75.32053299965901, 39.96904799989712], [-75.32052199978837, 39.96909299977594], [-75.32038399969609, 39.969697000300606], [-75.32033900038857, 39.96989900019246], [-75.32033500019061, 39.96991400019812], [-75.32032500014488, 39.96996300010184], [-75.32032199977182, 39.9699789997256], [-75.32027400009125, 39.970196000104764], [-75.32013299962593, 39.970848000170605], [-75.32008599977027, 39.97106600016106], [-75.32002100037126, 39.97136799994644], [-75.31982600037757, 39.97227400024625], [-75.31975900043042, 39.97257600020173], [-75.31973900033896, 39.97266100007389], [-75.31968099971431, 39.97291800029988], [-75.31966200034607, 39.97300400002307], [-75.31915600000777, 39.97291200001096], [-75.31763799989119, 39.9726370002017], [-75.31756199972321, 39.97262399998052], [-75.3171319995529, 39.97254900013917], [-75.31675300033454, 39.97248400030189], [-75.31561799963431, 39.97229000001752], [-75.31524000024083, 39.97222600022161], [-75.31509799995062, 39.972199000020844], [-75.31467199997827, 39.97211800004294], [-75.31458599976455, 39.972102000231416], [-75.31453100041126, 39.972092999690425], [-75.31445000022042, 39.97207899976436], [-75.31420699964787, 39.97203899986153], [-75.31412600035532, 39.972026000215074], [-75.31400800035453, 39.97200599990687], [-75.31365400035222, 39.97194699992738], [-75.31353700017635, 39.9719279998881], [-75.31308600008965, 39.97184299979276], [-75.31265099989646, 39.97176200008142], [-75.31173399965444, 39.97159900007388], [-75.31128400029095, 39.971519999981055], [-75.31115600024444, 39.97149700000656], [-75.31087800041009, 39.97144700021499], [-75.3107739997547, 39.97142900033611], [-75.3106470004314, 39.971408000241944], [-75.31051500018692, 39.97138500022981], [-75.31012100000163, 39.971316999759495], [-75.30998999958206, 39.97129500001803], [-75.30967800031084, 39.97123900033131], [-75.30874199980222, 39.9710719999236], [-75.30865099956564, 39.97105599986722], [-75.30843100035594, 39.97101799997654], [-75.30821000042299, 39.97098000006472], [-75.30761500039624, 39.97087900006957], [-75.30754800044907, 39.97086800012924], [-75.30732699961784, 39.970833999989594], [-75.30705700017941, 39.970790999809], [-75.30624799989242, 39.97066300010392], [-75.3059790002789, 39.97062100012696], [-75.30571200031521, 39.97057399994183], [-75.30491300007395, 39.970434000194906], [-75.30475900008817, 39.97040800028904], [-75.30464699993519, 39.97038800019581], [-75.30454499982794, 39.97036899972323], [-75.3042400002294, 39.97031400028196], [-75.30413899994706, 39.970296000104774], [-75.30383699982326, 39.970238000342924], [-75.30305000017589, 39.97009000011031], [-75.3029320001751, 39.970069000293236], [-75.30263099987624, 39.97001500024225], [-75.30257999982261, 39.97000600011491], [-75.30242800038496, 39.9699789997256], [-75.30237800015625, 39.969970000281926], [-75.30219599968305, 39.96993599969561], [-75.30165199970993, 39.969837000180085], [-75.30157600044028, 39.969824000114826], [-75.30147199978487, 39.969803000216075], [-75.30094399970528, 39.96969799993686], [-75.29999499967619, 39.96950999990613], [-75.29936299983953, 39.969381999867664], [-75.29883700030804, 39.969275999987815], [-75.29867499992633, 39.96916299968158], [-75.29843399990193, 39.96899399972799], [-75.29819100022767, 39.96882399970756], [-75.29802999967089, 39.96871199968176], [-75.29757899958418, 39.968537000005604], [-75.29622899969709, 39.968013000015354], [-75.29591599970264, 39.96789200032046], [-75.29586800002208, 39.96787299984256], [-75.29606399984065, 39.96779600027935], [-75.29674500008113, 39.967472000263925], [-75.29721899973406, 39.967238999926245], [-75.2974329999943, 39.96713300016575], [-75.2977989996922, 39.96695399980742], [-75.2984740000849, 39.966644000285854], [-75.29914500027962, 39.96633699979181], [-75.30002800018647, 39.965940999986735], [-75.30023900007366, 39.96584799972602], [-75.30097800004046, 39.96552299973133], [-75.30176300003802, 39.9651759999233], [-75.30214600035265, 39.96500100014571], [-75.30240400009552, 39.964884999849545], [-75.30281300034943, 39.96470299998535], [-75.30315999978076, 39.96455099993936], [-75.30321300038253, 39.96452900008586], [-75.3039930003572, 39.96418200005233], [-75.304648999585, 39.963890000157654], [-75.30469999963863, 39.963868000091445], [-75.30571999981282, 39.96341099983892], [-75.30649800013767, 39.96306700021606], [-75.30678600001777, 39.96293899981851], [-75.30765399985599, 39.96255499994211], [-75.30838399960196, 39.96222700020466], [-75.30903899990315, 39.961939999660075], [-75.30910000000253, 39.96191600015491], [-75.30925099961527, 39.961847000153625], [-75.31009699971217, 39.96146700005629], [-75.3104149997295, 39.96132500004318], [-75.31106599983275, 39.96103900029513], [-75.31109000012219, 39.96102899991155], [-75.31150699987371, 39.96084400012534], [-75.31155299990446, 39.960823999988186], [-75.31206799956527, 39.96059599993933], [-75.31210500027352, 39.960580999954736], [-75.3123510003208, 39.960469000195474], [-75.31280999990511, 39.960261999733326], [-75.31321999998396, 39.96007900017999], [-75.31401500002724, 39.959708000004035], [-75.31416900001304, 39.95965799985236], [-75.31419699960212, 39.95969599986077]]]}, "properties": {"NAME": "Census Tract 4093", "STATE": "42", "COUNTY": "045", "GEOID": "42045409300", "TRACT": "409300"}}, {"type": "Feature", "geometry": {"type": "Polygon", "coordinates": [[[-75.28660899970996, 39.972126999892254], [-75.28670499996944, 39.97227800001732], [-75.28699500039764, 39.97273399992025], [-75.28709199958372, 39.972885999670815], [-75.28714600001038, 39.97297500026458], [-75.28730900021701, 39.973243999830984], [-75.28736399957029, 39.97333400023009], [-75.28756799978478, 39.973615999795314], [-75.28760700014284, 39.97366999975507], [-75.28794600007656, 39.97420999975985], [-75.28811900032892, 39.97450299988658], [-75.28829599988092, 39.97480299981914], [-75.28849300042273, 39.97510599985995], [-75.28879100034855, 39.9755609999312], [-75.28907800040375, 39.97602100019937], [-75.28927099984928, 39.97632799988124], [-75.28946900021599, 39.97661900011833], [-75.28948500010952, 39.97664199974595], [-75.2898840003177, 39.97729100032384], [-75.29001700038708, 39.97752700006971], [-75.29019099956604, 39.977835000075565], [-75.29041800024508, 39.978229000102054], [-75.29052200000214, 39.978409000043065], [-75.29093799992874, 39.97910800009097], [-75.29112899972446, 39.97939500014939], [-75.29138200034278, 39.97977400022646], [-75.29143800041928, 39.97986400028642], [-75.29160599975044, 39.98013600009896], [-75.29166299965185, 39.98022699985278], [-75.29172499957612, 39.980327000319896], [-75.29191100024728, 39.980627000154826], [-75.29197399999647, 39.98072700003655], [-75.29202099985214, 39.980788999807125], [-75.29216300014235, 39.98097699978893], [-75.29221099982293, 39.98104000017974], [-75.29231399975508, 39.9811840001665], [-75.29262599992464, 39.98161699983283], [-75.29272999968171, 39.98176200012841], [-75.29284100000979, 39.981903999678096], [-75.29317599974553, 39.98232999999829], [-75.29328799989854, 39.9824719997442], [-75.2934040002495, 39.982631000122595], [-75.29375400005387, 39.98310799972591], [-75.29387100022971, 39.983267000000886], [-75.29399099988031, 39.983425999905805], [-75.29413499982036, 39.98361599975717], [-75.29434300023283, 39.983912999944316], [-75.29445899968546, 39.98407799971985], [-75.29456400016576, 39.98421600020231], [-75.29488200018308, 39.98463300029545], [-75.29498799958998, 39.9847719997609], [-75.29509200024535, 39.984913999937895], [-75.29526899979737, 39.98515500000389], [-75.29541500028554, 39.9853359996915], [-75.29552599971531, 39.98547499979153], [-75.29545700011833, 39.98554400003327], [-75.2953979996688, 39.98560999992995], [-75.2952579999267, 39.98592200033037], [-75.29521899956866, 39.98596299976529], [-75.29516800041334, 39.986000000207845], [-75.2950870002225, 39.98604299976689], [-75.29401900036774, 39.986623000074296], [-75.29380900030544, 39.98675399970888], [-75.29355999988508, 39.986933999905624], [-75.29321400027868, 39.98721499971966], [-75.29319800038516, 39.98722899998637], [-75.29308399968401, 39.98729999996727], [-75.29294200029213, 39.98737500013834], [-75.2925470002819, 39.987524000169735], [-75.29246500026615, 39.98755400001203], [-75.29221900021886, 39.987647000334206], [-75.29213800002799, 39.98767800018403], [-75.29210200004297, 39.98756500001975], [-75.29206299968493, 39.98747300033877], [-75.29196700032378, 39.987313000149676], [-75.29176399993418, 39.98707899992953], [-75.29154700019922, 39.98687300027828], [-75.2913709995738, 39.98697199989416], [-75.29113299992243, 39.98708100007012], [-75.29110699998317, 39.987091000083865], [-75.29095299999737, 39.986911999685226], [-75.29080300020952, 39.98681799966489], [-75.2906600000944, 39.986752000247016], [-75.29037499968905, 39.986697000224495], [-75.29017499967252, 39.98667499992778], [-75.28928900029094, 39.98671899982583], [-75.28907500003069, 39.98672400020351], [-75.28884700042506, 39.98671899982583], [-75.2887179996553, 39.98669099976886], [-75.2885469999511, 39.98661999984327], [-75.28826800029184, 39.98642799992708], [-75.28679600020602, 39.985527999923605], [-75.28662399977857, 39.985674999672014], [-75.28621000040012, 39.9860540000179], [-75.28611599979045, 39.98609700023125], [-75.28594099988828, 39.98621399971434], [-75.28540500031107, 39.98654699968781], [-75.28522299983787, 39.98665200023571], [-75.284195999991, 39.987432999810444], [-75.28417199970154, 39.98745299973342], [-75.28392800020238, 39.98721699985628], [-75.28385299985932, 39.98710300023604], [-75.2836699995612, 39.98684400021069], [-75.28362100005573, 39.98677299975586], [-75.28292499974663, 39.98578299976321], [-75.2826979999659, 39.98545999975971], [-75.28264699991229, 39.98538699974123], [-75.28253399993439, 39.98522700017286], [-75.28232800007007, 39.98495800028184], [-75.28229999958266, 39.98492099996325], [-75.28202599994627, 39.98456200029596], [-75.28195899999912, 39.98447499986639], [-75.28168199998969, 39.98411300026761], [-75.28152399980593, 39.98390800004917], [-75.28096399993929, 39.98320800010651], [-75.28093100032731, 39.98316699970663], [-75.280569999754, 39.9827149997445], [-75.28034100032343, 39.98242100027176], [-75.2801410003069, 39.98208400026347], [-75.27992399967361, 39.981707000218684], [-75.27950799974701, 39.98122199991161], [-75.27930899955537, 39.98098700000779], [-75.27893899965952, 39.980421999802104], [-75.27879700026762, 39.98021600004024], [-75.27872299974945, 39.98010800009739], [-75.27837399976998, 39.97960700002292], [-75.27823800022585, 39.979411999812825], [-75.27802399996563, 39.97910699990396], [-75.27798799998061, 39.979055999984965], [-75.27725200038685, 39.97801000003927], [-75.27707699958637, 39.977760999963955], [-75.2770099996392, 39.977665000016025], [-75.27690199968418, 39.97750999993734], [-75.27683300008721, 39.977413000113394], [-75.27656600012351, 39.97706799982968], [-75.27653900035934, 39.977032999803306], [-75.2765090002221, 39.97699499979377], [-75.2764819995596, 39.97695900020002], [-75.27766900013837, 39.976311999678515], [-75.27818600034733, 39.97604100002107], [-75.27893799983461, 39.97565400005705], [-75.27913700002624, 39.97555199984566], [-75.27951000029513, 39.97534899989666], [-75.28026599998037, 39.97496399995124], [-75.28029399956945, 39.97499600029579], [-75.28094399984779, 39.97468999970081], [-75.28129500037538, 39.974528000045986], [-75.28186399956456, 39.97426200011133], [-75.28296300027978, 39.97375099995893], [-75.28410499975439, 39.97321700003236], [-75.28486499963759, 39.97286100028759], [-75.28559600010678, 39.97251800030922], [-75.28574900026764, 39.97244799970875], [-75.28642799996, 39.97214000020794], [-75.28662799997653, 39.97204700011936], [-75.28660899970996, 39.972126999892254]]]}, "properties": {"NAME": "Census Tract 4089", "STATE": "42", "COUNTY": "045", "GEOID": "42045408900", "TRACT": "408900"}}, {"type": "Feature", "geometry": {"type": "Polygon", "coordinates": [[[-75.29591599970264, 39.96789200032046], [-75.29622899969709, 39.968013000015354], [-75.29757899958418, 39.968537000005604], [-75.29802999967089, 39.96871199968176], [-75.29819100022767, 39.96882399970756], [-75.29843399990193, 39.96899399972799], [-75.29867499992633, 39.96916299968158], [-75.29883700030804, 39.969275999987815], [-75.2988680002702, 39.969300999993784], [-75.29896100015661, 39.96937799992713], [-75.29899299994366, 39.96940400022477], [-75.2991999996329, 39.96950999990613], [-75.29936399966442, 39.96959300018487], [-75.29945200042629, 39.9696390000305], [-75.30082900007754, 39.97034400010786], [-75.3012890003851, 39.97057900012419], [-75.30211500039053, 39.97109100020077], [-75.30241099976821, 39.97127500018434], [-75.30244299955527, 39.97131800006046], [-75.30393999975543, 39.97334299991929], [-75.30415400001567, 39.97363300020792], [-75.30447500040604, 39.97406600022164], [-75.30453200030745, 39.97411300007079], [-75.3047120002325, 39.974300999832685], [-75.3052539996575, 39.97486699995554], [-75.30543500030578, 39.97505599995485], [-75.3053730003815, 39.975073000009274], [-75.30518800043356, 39.97512799975153], [-75.3051270003342, 39.97514600003303], [-75.30484500030191, 39.97524699991847], [-75.3046899995929, 39.97531300012419], [-75.30339999998026, 39.97586500028777], [-75.30303000008442, 39.976024000207424], [-75.30297099963487, 39.976048999810445], [-75.3029239997792, 39.97606699984937], [-75.30286500022795, 39.97609099989393], [-75.30278300021222, 39.976125000172104], [-75.30273700018144, 39.97614499996337], [-75.3025010001799, 39.97624099998137], [-75.30231500040706, 39.97631599990166], [-75.30179599964997, 39.97652899991478], [-75.30156100037165, 39.97662600030509], [-75.30150799976988, 39.97664799970736], [-75.30134899976123, 39.97671399993687], [-75.3012969998827, 39.976737000220915], [-75.30111299975967, 39.976815000258526], [-75.30056200011386, 39.977048000308535], [-75.30037899981575, 39.97712700020718], [-75.30019600041598, 39.977204000273204], [-75.29964900006978, 39.97743399973922], [-75.29946699959659, 39.97751199966968], [-75.29927300032614, 39.97758700026019], [-75.29869099981988, 39.977812999678655], [-75.29849800037435, 39.97788900014365], [-75.29838200002338, 39.97793300019309], [-75.29836199993191, 39.977941999965005], [-75.29814199982387, 39.97803299988712], [-75.2975729997364, 39.978270000023244], [-75.29748400004793, 39.97830099999768], [-75.29726099956686, 39.97838200021984], [-75.2970720003193, 39.97841199994629], [-75.29688499982323, 39.97842000014649], [-75.29581199994558, 39.97847000034384], [-75.29575300039434, 39.97847300024439], [-75.29537599992749, 39.9784949997404], [-75.29529200026191, 39.97849800032823], [-75.29504200001665, 39.97850899972895], [-75.29495900017598, 39.978512999823444], [-75.29474800028878, 39.978529000199224], [-75.29440199978406, 39.97855599996442], [-75.29411700027701, 39.97856199975783], [-75.29390700021473, 39.97856700004414], [-75.29381000013035, 39.978621999727885], [-75.29371600041901, 39.978707999845554], [-75.2936379997029, 39.97879399985497], [-75.29332899990641, 39.979142000244735], [-75.29300199966826, 39.97955699996915], [-75.29295399998769, 39.979612000232805], [-75.292723000009, 39.97988200000884], [-75.29267399960521, 39.97993700001087], [-75.29252800001534, 39.98010199975141], [-75.29248000033475, 39.98015799974798], [-75.29237900005242, 39.98027199994343], [-75.29207699992864, 39.9806150002418], [-75.29204099994362, 39.98065799974834], [-75.29197399999647, 39.98072700003655], [-75.29191100024728, 39.980627000154826], [-75.29172499957612, 39.980327000319896], [-75.29166299965185, 39.98022699985278], [-75.29160599975044, 39.98013600009896], [-75.29143800041928, 39.97986400028642], [-75.29138200034278, 39.97977400022646], [-75.29112899972446, 39.97939500014939], [-75.29093799992874, 39.97910800009097], [-75.29052200000214, 39.978409000043065], [-75.29041800024508, 39.978229000102054], [-75.29019099956604, 39.977835000075565], [-75.29001700038708, 39.97752700006971], [-75.2898840003177, 39.97729100032384], [-75.28948500010952, 39.97664199974595], [-75.28946900021599, 39.97661900011833], [-75.28927099984928, 39.97632799988124], [-75.28907800040375, 39.97602100019937], [-75.28879100034855, 39.9755609999312], [-75.28849300042273, 39.97510599985995], [-75.28829599988092, 39.97480299981914], [-75.28811900032892, 39.97450299988658], [-75.28794600007656, 39.97420999975985], [-75.28760700014284, 39.97366999975507], [-75.28756799978478, 39.973615999795314], [-75.28736399957029, 39.97333400023009], [-75.28730900021701, 39.973243999830984], [-75.28714600001038, 39.97297500026458], [-75.28709199958372, 39.972885999670815], [-75.28699500039764, 39.97273399992025], [-75.28670499996944, 39.97227800001732], [-75.28660899970996, 39.972126999892254], [-75.28662799997653, 39.97204700011936], [-75.28733299960814, 39.97172099969797], [-75.28808900019169, 39.97137300007071], [-75.28899300001493, 39.97096200006287], [-75.28963999992021, 39.9706659996587], [-75.28988900034055, 39.970551000337466], [-75.29059099959912, 39.97023300013561], [-75.29093600027893, 39.97007700009318], [-75.29150799984114, 39.96981499996234], [-75.29164199973546, 39.969750999914346], [-75.29196599960055, 39.96958999989453], [-75.29291899982759, 39.96914099993537], [-75.29329000044667, 39.96898500015463], [-75.2938839997502, 39.96873200026536], [-75.29431100044579, 39.96855499995756], [-75.29451800013501, 39.968469000144296], [-75.29477199967991, 39.96836199988139], [-75.29511399998667, 39.968205999699904], [-75.29560699990618, 39.96797800017114], [-75.29580799974762, 39.96789700001053], [-75.29586800002208, 39.96787299984256], [-75.29591599970264, 39.96789200032046]]]}, "properties": {"NAME": "Census Tract 4090", "STATE": "42", "COUNTY": "045", "GEOID": "42045409000", "TRACT": "409000"}}, {"type": "Feature", "geometry": {"type": "Polygon", "coordinates": [[[-75.31232700003137, 39.98228499988633], [-75.31223699961967, 39.98235000003851], [-75.312077999611, 39.982469000019215], [-75.31162999989736, 39.982805000060665], [-75.31160200030827, 39.98282799967119], [-75.31145199962214, 39.98295800025723], [-75.31136999960637, 39.9830139999781], [-75.31121800016871, 39.98311999988944], [-75.3111190004345, 39.98317000008925], [-75.31103099967265, 39.983215999745205], [-75.31090099997631, 39.98326400031082], [-75.31079200019637, 39.98329500008455], [-75.31049699974527, 39.98335299977895], [-75.3104699999811, 39.98335899983944], [-75.31036100020115, 39.98337300020804], [-75.31031900036835, 39.98327099981685], [-75.31030900032259, 39.9832530002989], [-75.31021600043618, 39.98307500029784], [-75.31012100000163, 39.98291299987059], [-75.3100559997043, 39.98280100021737], [-75.3094509996318, 39.983066999954346], [-75.30763999961228, 39.98386700006937], [-75.30708700031664, 39.98411100004012], [-75.30703600026301, 39.984133999899385], [-75.30698699985922, 39.984155000212965], [-75.30694900022438, 39.984172000068746], [-75.30684399974407, 39.98421899985053], [-75.30679600006351, 39.98424100024986], [-75.30634999999965, 39.98443900008346], [-75.30618799961796, 39.98451199973821], [-75.30514499987756, 39.984956000079144], [-75.30500500013545, 39.98501900024253], [-75.30456200044469, 39.98522199968557], [-75.30415200036586, 39.985403999978814], [-75.30371600034776, 39.98559900029576], [-75.30291999958123, 39.9859450002682], [-75.3025089996775, 39.98612499984339], [-75.30208199988024, 39.98631000004064], [-75.30163400016657, 39.98650499983637], [-75.30088500015404, 39.98682099988722], [-75.30079899994033, 39.98685799986507], [-75.30037299996796, 39.987043000142165], [-75.30026099981498, 39.98690800008237], [-75.30022999985283, 39.98687000005824], [-75.30010299963124, 39.986693999996724], [-75.30001800014072, 39.98660899968344], [-75.29990400033792, 39.986534000047925], [-75.29975799984973, 39.98643900011609], [-75.29962099958239, 39.986497999973366], [-75.29921200022679, 39.986676000003996], [-75.29907599978434, 39.98673599973191], [-75.29896100015661, 39.98679000033679], [-75.29863800011643, 39.98694399994089], [-75.29861600037512, 39.98695199983037], [-75.29849900019924, 39.98700099990742], [-75.29846900006203, 39.987137999922346], [-75.2984530001685, 39.987192000209454], [-75.29842999970397, 39.987274000283314], [-75.29834699986328, 39.987426000042475], [-75.29823100041065, 39.98756600008293], [-75.2981209999075, 39.987669999691285], [-75.29809800034127, 39.9876929997289], [-75.2979679997466, 39.9877930002811], [-75.29775199983654, 39.987919000135285], [-75.2975090001623, 39.988062000021486], [-75.29727300016074, 39.98824100015981], [-75.29716199983267, 39.98836899997881], [-75.29711499997698, 39.9884260001329], [-75.29701600024278, 39.988570999742954], [-75.29699000030352, 39.98820999987719], [-75.29696500018918, 39.988069999780045], [-75.29692900020416, 39.98786399967582], [-75.29684600036347, 39.987547000256505], [-75.29673400021049, 39.98724100011436], [-75.29654099986664, 39.98686000001214], [-75.29641700001808, 39.98667499992778], [-75.2963209997586, 39.98653299996963], [-75.29612400011511, 39.986265999879144], [-75.29600100009147, 39.98610899986979], [-75.29581100012068, 39.985866000239874], [-75.29563899969321, 39.98563700033858], [-75.29554900017985, 39.98551799968107], [-75.29552599971531, 39.98547499979153], [-75.29541500028554, 39.9853359996915], [-75.29526899979737, 39.98515500000389], [-75.29509200024535, 39.984913999937895], [-75.29498799958998, 39.9847719997609], [-75.29488200018308, 39.98463300029545], [-75.29456400016576, 39.98421600020231], [-75.29445899968546, 39.98407799971985], [-75.29434300023283, 39.983912999944316], [-75.29413499982036, 39.98361599975717], [-75.29399099988031, 39.983425999905805], [-75.29387100022971, 39.983267000000886], [-75.29375400005387, 39.98310799972591], [-75.2934040002495, 39.982631000122595], [-75.29328799989854, 39.9824719997442], [-75.29317599974553, 39.98232999999829], [-75.29284100000979, 39.981903999678096], [-75.29272999968171, 39.98176200012841], [-75.29262599992464, 39.98161699983283], [-75.29231399975508, 39.9811840001665], [-75.29221099982293, 39.98104000017974], [-75.29216300014235, 39.98097699978893], [-75.29202099985214, 39.980788999807125], [-75.29197399999647, 39.98072700003655], [-75.29204099994362, 39.98065799974834], [-75.29207699992864, 39.9806150002418], [-75.29237900005242, 39.98027199994343], [-75.29248000033475, 39.98015799974798], [-75.29252800001534, 39.98010199975141], [-75.29267399960521, 39.97993700001087], [-75.292723000009, 39.97988200000884], [-75.29295399998769, 39.979612000232805], [-75.29300199966826, 39.97955699996915], [-75.29332899990641, 39.979142000244735], [-75.2936379997029, 39.97879399985497], [-75.29371600041901, 39.978707999845554], [-75.29381000013035, 39.978621999727885], [-75.29390700021473, 39.97856700004414], [-75.29411700027701, 39.97856199975783], [-75.29440199978406, 39.97855599996442], [-75.29474800028878, 39.978529000199224], [-75.29495900017598, 39.978512999823444], [-75.29504200001665, 39.97850899972895], [-75.29529200026191, 39.97849800032823], [-75.29537599992749, 39.9784949997404], [-75.29575300039434, 39.97847300024439], [-75.29581199994558, 39.97847000034384], [-75.29688499982323, 39.97842000014649], [-75.2970720003193, 39.97841199994629], [-75.29726099956686, 39.97838200021984], [-75.29748400004793, 39.97830099999768], [-75.2975729997364, 39.978270000023244], [-75.29814199982387, 39.97803299988712], [-75.29836199993191, 39.977941999965005], [-75.29838200002338, 39.97793300019309], [-75.29849800037435, 39.97788900014365], [-75.29869099981988, 39.977812999678655], [-75.29927300032614, 39.97758700026019], [-75.29946699959659, 39.97751199966968], [-75.29964900006978, 39.97743399973922], [-75.30019600041598, 39.977204000273204], [-75.30037899981575, 39.97712700020718], [-75.30056200011386, 39.977048000308535], [-75.30111299975967, 39.976815000258526], [-75.3012969998827, 39.976737000220915], [-75.30134899976123, 39.97671399993687], [-75.30150799976988, 39.97664799970736], [-75.30156100037165, 39.97662600030509], [-75.30179599964997, 39.97652899991478], [-75.30231500040706, 39.97631599990166], [-75.3025010001799, 39.97624099998137], [-75.30273700018144, 39.97614499996337], [-75.30278300021222, 39.976125000172104], [-75.30286500022795, 39.97609099989393], [-75.3029239997792, 39.97606699984937], [-75.30297099963487, 39.976048999810445], [-75.30303000008442, 39.976024000207424], [-75.30339999998026, 39.97586500028777], [-75.3046899995929, 39.97531300012419], [-75.30484500030191, 39.97524699991847], [-75.3051270003342, 39.97514600003303], [-75.30518800043356, 39.97512799975153], [-75.3053730003815, 39.975073000009274], [-75.30543500030578, 39.97505599995485], [-75.30611999984589, 39.97567399998614], [-75.30817600008781, 39.97752800027984], [-75.30886200035114, 39.97814599998485], [-75.3089929998724, 39.97826000009513], [-75.30938600023279, 39.978601999973165], [-75.30951799957896, 39.97871700020382], [-75.30976899964914, 39.97892200016485], [-75.31052199985962, 39.9795390001611], [-75.3107739997547, 39.97974499989885], [-75.31115600024444, 39.98020100023047], [-75.31230500029005, 39.981570000326094], [-75.3126879997064, 39.98202700032443], [-75.3125970003681, 39.98209099989039], [-75.31232700003137, 39.98228499988633]]]}, "properties": {"NAME": "Census Tract 4091", "STATE": "42", "COUNTY": "045", "GEOID": "42045409100", "TRACT": "409100"}}, {"type": "Feature", "geometry": {"type": "MultiLineString", "coordinates": [[[-75.3632299996734, 39.99787400009298], [-75.36293699977043, 39.99801799969293]], [[-75.36293699977043, 39.99801799969293], [-75.36288099969393, 39.99803799995744]], [[-75.36288099969393, 39.99803799995744], [-75.36276699989112, 39.99807899968999]], [[-75.36276699989112, 39.99807899968999], [-75.36263700019478, 39.99812500031734]], [[-75.36263700019478, 39.99812500031734], [-75.36254500013325, 39.99816300027363]], [[-75.36254500013325, 39.99816300027363], [-75.36240000036831, 39.99821099997089]], [[-75.36240000036831, 39.99821099997089], [-75.36230900013172, 39.99824399965716]], [[-75.36230900013172, 39.99824399965716], [-75.36218500028315, 39.99829100007952]], [[-75.36218500028315, 39.99829100007952], [-75.36201000038098, 39.998360999667554]], [[-75.36201000038098, 39.998360999667554], [-75.36191800031945, 39.998398000276104]], [[-75.36191800031945, 39.998398000276104], [-75.3618000003187, 39.9984449999043]], [[-75.3618000003187, 39.9984449999043], [-75.36168899999059, 39.99848899979048]], [[-75.36168899999059, 39.99848899979048], [-75.36160799979974, 39.99852200003053]], [[-75.36160799979974, 39.99852200003053], [-75.36089700032036, 39.998790000284494]], [[-75.36089700032036, 39.998790000284494], [-75.36081899960423, 39.998820999894185]], [[-75.36081899960423, 39.998820999894185], [-75.36074599980931, 39.99884999969397]], [[-75.36074599980931, 39.99884999969397], [-75.36067999968705, 39.99887699968631]], [[-75.36067999968705, 39.99887699968631], [-75.36057500010507, 39.998916999706246]], [[-75.36057500010507, 39.998916999706246], [-75.36051200035588, 39.998945000256846]], [[-75.36051200035588, 39.998945000256846], [-75.36045399973125, 39.99896999973105]], [[-75.36045399973125, 39.99896999973105], [-75.36041000024863, 39.99898899982081]], [[-75.36041000024863, 39.99898899982081], [-75.36035400017215, 39.9990180002374]], [[-75.36035400017215, 39.9990180002374], [-75.36028499967685, 39.99905399990682]], [[-75.36028499967685, 39.99905399990682], [-75.36020699985905, 39.999093999823124]], [[-75.36020699985905, 39.999093999823124], [-75.36010599957672, 39.999146999710554]], [[-75.36010599957672, 39.999146999710554], [-75.36000199981964, 39.999201000137795]], [[-75.36000199981964, 39.999201000137795], [-75.35991700032913, 39.99924400033278]], [[-75.35991700032913, 39.99924400033278], [-75.35979799960514, 39.99930599981408]], [[-75.35979799960514, 39.99930599981408], [-75.3597109995665, 39.999350999724236]], [[-75.3597109995665, 39.999350999724236], [-75.35963500029682, 39.99939100015474]], [[-75.35963500029682, 39.99939100015474], [-75.35956199960359, 39.99942700031568]], [[-75.35956199960359, 39.99942700031568], [-75.35954700043328, 39.999433000340645]], [[-75.35954700043328, 39.999433000340645], [-75.35948299996086, 39.99946199988051]], [[-75.35948299996086, 39.99946199988051], [-75.35942799970928, 39.9994869998536]], [[-75.35942799970928, 39.9994869998536], [-75.35936300031027, 39.99951199981754]], [[-75.35936300031027, 39.99951199981754], [-75.35929299999006, 39.99953900023629]], [[-75.35929299999006, 39.99953900023629], [-75.35922299966987, 39.99956599995614]], [[-75.35922299966987, 39.99956599995614], [-75.35915999992068, 39.999590000004076]], [[-75.35915999992068, 39.999590000004076], [-75.3590849995776, 39.999619000165374]], [[-75.3590849995776, 39.999619000165374], [-75.3590069997598, 39.999648000314366]], [[-75.3590069997598, 39.999648000314366], [-75.35892300009422, 39.999680999994354]], [[-75.35892300009422, 39.999680999994354], [-75.35884399955317, 39.99971100000237]], [[-75.35884399955317, 39.99971100000237], [-75.35877499995621, 39.99973699976928]], [[-75.35877499995621, 39.99973699976928], [-75.35867200002404, 39.99977699997367]], [[-75.35867200002404, 39.99977699997367], [-75.35859400020625, 39.999802999715456]], [[-75.35859400020625, 39.999802999715456], [-75.35850499961947, 39.999838999659175]], [[-75.35850499961947, 39.999838999659175], [-75.35836700042553, 39.99989199965647]], [[-75.35836700042553, 39.99989199965647], [-75.35831299999886, 39.99991200006027]], [[-75.35831299999886, 39.99991200006027], [-75.35822000011242, 39.99994600018277]], [[-75.35822000011242, 39.99994600018277], [-75.35810499958639, 39.99998999978988]], [[-75.35810499958639, 39.99998999978988], [-75.35799699963135, 40.000034000056765]], [[-75.35799699963135, 40.000034000056765], [-75.35791100031595, 40.000069999878754]], [[-75.35791100031595, 40.000069999878754], [-75.3577969996148, 40.00011599985297]], [[-75.3577969996148, 40.00011599985297], [-75.3576970000557, 40.00015800028111]], [[-75.3576970000557, 40.00015800028111], [-75.35760499999418, 40.000195999794215]], [[-75.35760499999418, 40.000195999794215], [-75.35751100028287, 40.00023599972971]], [[-75.35751100028287, 40.00023599972971], [-75.3574159998483, 40.000274999764684]], [[-75.3574159998483, 40.000274999764684], [-75.35733899985541, 40.00030699995314]], [[-75.35733899985541, 40.00030699995314], [-75.35725900038778, 40.000339000126644]], [[-75.35725900038778, 40.000339000126644], [-75.35718099967167, 40.000371000285156]], [[-75.35718099967167, 40.000371000285156], [-75.3570919999832, 40.00040699992942]], [[-75.3570919999832, 40.00040699992942], [-75.35699499989883, 40.00044699974131]], [[-75.35699499989883, 40.00044699974131], [-75.35690200001241, 40.00048499978168]], [[-75.35690200001241, 40.00048499978168], [-75.35681199960072, 40.0005219999275]], [[-75.35681199960072, 40.0005219999275], [-75.35670799984366, 40.000564000105896]], [[-75.35670799984366, 40.000564000105896], [-75.35659400004084, 40.000611000307714]], [[-75.35659400004084, 40.000611000307714], [-75.3564650001694, 40.000667999879404]], [[-75.3564650001694, 40.000667999879404], [-75.35636800008503, 40.00070999996805]], [[-75.35636800008503, 40.00070999996805], [-75.35617999976404, 40.0007920003287]], [[-75.35617999976404, 40.0007920003287], [-75.35603099980112, 40.00086399984247]], [[-75.35603099980112, 40.00086399984247], [-75.35588500021127, 40.00093599996847]], [[-75.35588500021127, 40.00093599996847], [-75.35570299973809, 40.00102599967518]], [[-75.35570299973809, 40.00102599967518], [-75.3555289996608, 40.00111699981609]], [[-75.3555289996608, 40.00111699981609], [-75.35542699955356, 40.001170000197696]], [[-75.35542699955356, 40.001170000197696], [-75.35534200006306, 40.00121500025574]], [[-75.35534200006306, 40.00121500025574], [-75.35514299987142, 40.00132000027575]], [[-75.35514299987142, 40.00132000027575], [-75.35491100006783, 40.001440999960955]], [[-75.35491100006783, 40.001440999960955], [-75.35472000027212, 40.00154100034083]], [[-75.35472000027212, 40.00154100034083], [-75.35448900029343, 40.00166099977761]], [[-75.35448900029343, 40.00166099977761], [-75.35425699959154, 40.00178200023481]], [[-75.35425699959154, 40.00178200023481], [-75.35414799981159, 40.00183900020524]], [[-75.35414799981159, 40.00183900020524], [-75.35403700038182, 40.00189699998145]], [[-75.35403700038182, 40.00189699998145], [-75.35394000029744, 40.00194700019986]], [[-75.35394000029744, 40.00194700019986], [-75.35384300021306, 40.001998000233485]], [[-75.35384300021306, 40.001998000233485], [-75.35358399974697, 40.002132000207794]]]}, "properties": {"NAME": "Census Tract 4097.01", "STATE": "42", "COUNTY": "045", "GEOID": "42045409701", "TRACT": "409701"}}, {"type": "Feature", "geometry": {"type": "MultiLineString", "coordinates": [[[-75.28026599998037, 39.97496399995124], [-75.28029399956945, 39.97499600029579]], [[-75.28029399956945, 39.97499600029579], [-75.28094399984779, 39.97468999970081]], [[-75.28094399984779, 39.97468999970081], [-75.28129500037538, 39.974528000045986]], [[-75.28129500037538, 39.974528000045986], [-75.28186399956456, 39.97426200011133]], [[-75.28186399956456, 39.97426200011133], [-75.28296300027978, 39.97375099995893]], [[-75.28296300027978, 39.97375099995893], [-75.28410499975439, 39.97321700003236]], [[-75.28410499975439, 39.97321700003236], [-75.28486499963759, 39.97286100028759]], [[-75.28486499963759, 39.97286100028759], [-75.28559600010678, 39.97251800030922]], [[-75.28559600010678, 39.97251800030922], [-75.28574900026764, 39.97244799970875]]]}, "properties": {"NAME": "Census Tract 4005", "STATE": "42", "COUNTY": "045", "GEOID": "42045400500", "TRACT": "400500"}}, {"type": "Feature", "geometry": {"type": "Polygon", "coordinates": [[[-75.33854499994496, 39.972893999829445], [-75.33831200031646, 39.97321000018481], [-75.33835400014925, 39.97368899999847], [-75.33819799961533, 39.97375099995893], [-75.33819900033855, 39.973885999855895], [-75.33789800003969, 39.97415199987716], [-75.33779099990956, 39.974246999683054], [-75.33685699994908, 39.97492600016807], [-75.3366250001455, 39.97542200031396], [-75.33641199971017, 39.975586999942074], [-75.33639199961868, 39.97560300031459], [-75.33633399989236, 39.97582799986376], [-75.33615999981508, 39.97600900016588], [-75.3361819995564, 39.97620300021984], [-75.33620699967076, 39.97642799985883], [-75.33622099991446, 39.97654900027621], [-75.33650700014472, 39.97702900031057], [-75.33651600036556, 39.97704400012824], [-75.3365549998253, 39.97725100002945], [-75.33649899974881, 39.977239000211945], [-75.33644100002248, 39.97722699970394], [-75.33613700024885, 39.97716500014333], [-75.33520599976313, 39.976978000217436], [-75.33488699992091, 39.97690900027382], [-75.3344709999943, 39.976818999763836], [-75.33410600012131, 39.97674799990504], [-75.33406799958817, 39.9767379997542], [-75.33337999967499, 39.97656199975074], [-75.33287599988483, 39.976426000094754], [-75.3327600004322, 39.9763949999581], [-75.33248300042277, 39.97630800014353], [-75.33242499979812, 39.97628899993983], [-75.33225200044409, 39.97623499998423], [-75.33219499964436, 39.9762169999895], [-75.33195199997012, 39.97612200016847], [-75.33122300004905, 39.975838999694254], [-75.33098000037481, 39.975745000272354], [-75.3306139997786, 39.97560200007629], [-75.33040100024158, 39.97551999976146], [-75.32953199968014, 39.97513699989284], [-75.32920399961709, 39.97499300024261], [-75.32917199983004, 39.97498100002861], [-75.32894000002642, 39.974893000230495], [-75.32850499983326, 39.97472800030362], [-75.32824299989244, 39.97464199999611], [-75.32800799971581, 39.97456600005051], [-75.32786399977574, 39.97451800025866], [-75.32781699992009, 39.97450299988658], [-75.32742699993275, 39.97439499986386], [-75.3272820001678, 39.97435499993965], [-75.32711700031135, 39.974319000332], [-75.32662400039183, 39.97421400010603], [-75.32646000036031, 39.974180000253966], [-75.32631800007009, 39.974153999707774], [-75.32589200009774, 39.974076000075094], [-75.32574999980753, 39.974050000177755], [-75.32567500036276, 39.97403599996413], [-75.32559199962377, 39.97402100017467], [-75.32511999962067, 39.97393900002817], [-75.32496300016015, 39.97391199981567], [-75.32477999986205, 39.973880999915494], [-75.32423500006401, 39.97378800013062], [-75.32405299959082, 39.973757000174196], [-75.32395399985661, 39.97373999979237], [-75.32366000012874, 39.973690000264774], [-75.32356200021945, 39.97367400013286], [-75.3230319995917, 39.973589999722975], [-75.32284699964377, 39.97356100021309], [-75.32215500043095, 39.97343800016119], [-75.32144800025122, 39.97330800005048], [-75.32092099999653, 39.97321200004298], [-75.32066900010146, 39.97317000025544], [-75.31991300041622, 39.97304500032533], [-75.31966200034607, 39.97300400002307], [-75.31968099971431, 39.97291800029988], [-75.31973900033896, 39.97266100007389], [-75.31975900043042, 39.97257600020173], [-75.31982600037757, 39.97227400024625], [-75.32002100037126, 39.97136799994644], [-75.32008599977027, 39.97106600016106], [-75.32013299962593, 39.970848000170605], [-75.32027400009125, 39.970196000104764], [-75.32032199977182, 39.9699789997256], [-75.32032500014488, 39.96996300010184], [-75.32033500019061, 39.96991400019812], [-75.32033900038857, 39.96989900019246], [-75.32038399969609, 39.969697000300606], [-75.32052199978837, 39.96909299977594], [-75.32053299965901, 39.96904799989712], [-75.32054100005494, 39.968973000262665], [-75.32054199987984, 39.96888900027151], [-75.32094899958562, 39.968720000328986], [-75.32106999995945, 39.96867100022268], [-75.3221649995784, 39.96819700002276], [-75.32256999963434, 39.968023000065905], [-75.32266900026686, 39.96817200030156], [-75.322840999796, 39.968431000192396], [-75.3229040004435, 39.96854400033172], [-75.32292799983465, 39.9686369996787], [-75.32293500040566, 39.96866199991837], [-75.32294200007833, 39.96881599976097], [-75.3229739998654, 39.96900100000731], [-75.32297899988826, 39.96902600011386], [-75.3230440001856, 39.969171999919965], [-75.32326199974548, 39.969483000009376], [-75.3233699997005, 39.969637999704915], [-75.32343499999784, 39.96971899986793], [-75.32358899998363, 39.96991299987657], [-75.32362800034169, 39.96996500005501], [-75.3236919999158, 39.970049000100865], [-75.32384099987871, 39.96995500028855], [-75.32390100015316, 39.96992700024627], [-75.32412799993389, 39.969824000114826], [-75.3245720003479, 39.969650000168606], [-75.32479400010575, 39.96955100023888], [-75.32495599958914, 39.96946399997365], [-75.32514800010809, 39.96932099971654], [-75.32516900002447, 39.969300999993784], [-75.32553100042271, 39.968973000262665], [-75.32602000014425, 39.968517999706926], [-75.32616699955904, 39.968383000222886], [-75.3265020001931, 39.968079000321914], [-75.32676199958578, 39.96785000001788], [-75.32685199999749, 39.96779099989341], [-75.32700400033345, 39.96769400004486], [-75.32802199995949, 39.96719099980824], [-75.32806399979229, 39.96717300018561], [-75.32848399991687, 39.96699800001205], [-75.32908499979138, 39.966737000152236], [-75.32932900018886, 39.96663199998295], [-75.32962999958944, 39.96649199973587], [-75.32978399957521, 39.96639900022471], [-75.33002399977472, 39.966230000322724], [-75.33049999997579, 39.965802000083336], [-75.33069800034251, 39.965640000017544], [-75.3309589995601, 39.96543000027894], [-75.33121999967602, 39.9652440003062], [-75.33142899991338, 39.96512000004322], [-75.33160100034083, 39.965043999837484], [-75.33169900025013, 39.96500500034236], [-75.33228300040622, 39.96477499967178], [-75.33251900040779, 39.964655000152305], [-75.33263700040855, 39.96455000022785], [-75.33270000015774, 39.96444599985519], [-75.33271299967821, 39.964288000257376], [-75.3326759998683, 39.96401600002464], [-75.33260899992115, 39.96376600019295], [-75.33252400043065, 39.96349600009151], [-75.33247699967667, 39.96339700020027], [-75.33242800017118, 39.963293999869194], [-75.33232500023901, 39.963106999860834], [-75.33227300036049, 39.96301199971956], [-75.3325009999661, 39.96295199981601], [-75.33272199989905, 39.96289400001985], [-75.33318399985642, 39.96277000031431], [-75.33332799979645, 39.96273199994867], [-75.33341300018527, 39.96271099993682], [-75.33340200031462, 39.962818000093726], [-75.33299399988562, 39.963359000183104], [-75.33329000016163, 39.96389899971323], [-75.33341800020814, 39.96455099993936], [-75.33370500026331, 39.96505400032235], [-75.33375399976882, 39.96523500023916], [-75.3339439997396, 39.96592399972643], [-75.33394999958739, 39.9671410003093], [-75.33383300030984, 39.96723099979417], [-75.33383400013476, 39.96741099978542], [-75.33348599998021, 39.968088000014546], [-75.33348699980512, 39.96840300021427], [-75.33438599960549, 39.968872999704196], [-75.33466599998796, 39.9690189998371], [-75.33472700008734, 39.96913399967039], [-75.33476200024744, 39.969177000204894], [-75.33481199957784, 39.969237999795986], [-75.33486799965434, 39.9692580002257], [-75.33493700014961, 39.969281999907466], [-75.33501400014251, 39.96925499992065], [-75.33630499958004, 39.969837000180085], [-75.33659900020622, 39.97006099980394], [-75.33730700021088, 39.97118499982772], [-75.3374910003339, 39.97133900018227], [-75.33795400011617, 39.971723999894785], [-75.33842500029436, 39.97230799966962], [-75.33854400012005, 39.972622999698636], [-75.33854400012005, 39.97277700025538], [-75.33854499994496, 39.972893999829445]]]}, "properties": {"NAME": "Census Tract 4094", "STATE": "42", "COUNTY": "045", "GEOID": "42045409400", "TRACT": "409400"}}, {"type": "Feature", "geometry": {"type": "Polygon", "coordinates": [[[-75.33547299972683, 39.9554680003317], [-75.335182000372, 39.95578499982548], [-75.33512499957227, 39.95596500034155], [-75.33489199994378, 39.95623599971615], [-75.33483400021744, 39.9564609996642], [-75.33472100023954, 39.95658300013745], [-75.33454299996433, 39.95677800006388], [-75.33442699961337, 39.957047999838565], [-75.3334359997515, 39.95781699988123], [-75.33273600014276, 39.958449999922045], [-75.33273899961749, 39.958899999657596], [-75.33286800038722, 39.95906599971208], [-75.3329150002429, 39.959124999791996], [-75.33297999964192, 39.96034099975411], [-75.3330979996427, 39.960565999966896], [-75.33318100038169, 39.96095399974219], [-75.33339800011666, 39.96196199965811], [-75.3334580003911, 39.962276999854886], [-75.33341300018527, 39.96271099993682], [-75.33332799979645, 39.96273199994867], [-75.33318399985642, 39.96277000031431], [-75.33272199989905, 39.96289400001985], [-75.3325009999661, 39.96295199981601], [-75.33227300036049, 39.96301199971956], [-75.33232500023901, 39.963106999860834], [-75.33242800017118, 39.963293999869194], [-75.33247699967667, 39.96339700020027], [-75.33252400043065, 39.96349600009151], [-75.33260899992115, 39.96376600019295], [-75.3326759998683, 39.96401600002464], [-75.33271299967821, 39.964288000257376], [-75.33270000015774, 39.96444599985519], [-75.33263700040855, 39.96455000022785], [-75.33251900040779, 39.964655000152305], [-75.33228300040622, 39.96477499967178], [-75.33169900025013, 39.96500500034236], [-75.33160100034083, 39.965043999837484], [-75.33142899991338, 39.96512000004322], [-75.33121999967602, 39.9652440003062], [-75.3309589995601, 39.96543000027894], [-75.33069800034251, 39.965640000017544], [-75.33049999997579, 39.965802000083336], [-75.33002399977472, 39.966230000322724], [-75.32978399957521, 39.96639900022471], [-75.32962999958944, 39.96649199973587], [-75.32932900018886, 39.96663199998295], [-75.32908499979138, 39.966737000152236], [-75.32848399991687, 39.96699800001205], [-75.32806399979229, 39.96717300018561], [-75.32802199995949, 39.96719099980824], [-75.32700400033345, 39.96769400004486], [-75.32685199999749, 39.96779099989341], [-75.32676199958578, 39.96785000001788], [-75.3265020001931, 39.968079000321914], [-75.32616699955904, 39.968383000222886], [-75.32602000014425, 39.968517999706926], [-75.32553100042271, 39.968973000262665], [-75.32516900002447, 39.969300999993784], [-75.32514800010809, 39.96932099971654], [-75.32495599958914, 39.96946399997365], [-75.32479400010575, 39.96955100023888], [-75.3245720003479, 39.969650000168606], [-75.32412799993389, 39.969824000114826], [-75.32390100015316, 39.96992700024627], [-75.32384099987871, 39.96995500028855], [-75.3236919999158, 39.970049000100865], [-75.32362800034169, 39.96996500005501], [-75.32358899998363, 39.96991299987657], [-75.32343499999784, 39.96971899986793], [-75.3233699997005, 39.969637999704915], [-75.32326199974548, 39.969483000009376], [-75.3230440001856, 39.969171999919965], [-75.32297899988826, 39.96902600011386], [-75.3229739998654, 39.96900100000731], [-75.32294200007833, 39.96881599976097], [-75.32293500040566, 39.96866199991837], [-75.32292799983465, 39.9686369996787], [-75.3229040004435, 39.96854400033172], [-75.322840999796, 39.968431000192396], [-75.32266900026686, 39.96817200030156], [-75.32256999963434, 39.968023000065905], [-75.3221649995784, 39.96819700002276], [-75.32106999995945, 39.96867100022268], [-75.32094899958562, 39.968720000328986], [-75.32054199987984, 39.96888900027151], [-75.32049400019928, 39.968781999977544], [-75.32045700038935, 39.96873000027611], [-75.32014500021981, 39.968289999841865], [-75.32004099956444, 39.968144000217364], [-75.31986200036259, 39.967903000051216], [-75.3195259999036, 39.96744900030433], [-75.31933000008505, 39.96717900028984], [-75.31915500018285, 39.966936999799024], [-75.31912800041867, 39.96689899968395], [-75.31904999970254, 39.96678600026784], [-75.31902399976329, 39.96674899974821], [-75.3189119996103, 39.96660500032645], [-75.31857699987454, 39.96617599999303], [-75.31846600044479, 39.966034000121006], [-75.31828499979649, 39.96578499978846], [-75.31788800013645, 39.96523899973359], [-75.31774099982336, 39.96504000033165], [-75.31755800042357, 39.964794000322264], [-75.31698500013812, 39.963689000135005], [-75.31676599985501, 39.963242999855034], [-75.31660099999857, 39.96298099969562], [-75.3165959999757, 39.96296300034161], [-75.31641799970048, 39.96271199967523], [-75.31640000015712, 39.962687999752546], [-75.31587499955225, 39.96200700007016], [-75.31574599968081, 39.96184599971403], [-75.31552499974788, 39.96156800018673], [-75.31524799973845, 39.96117699979326], [-75.31441699971015, 39.96000599990171], [-75.31419699960212, 39.95969599986077], [-75.31416900001304, 39.95965799985236], [-75.31432200017392, 39.95960999992024], [-75.31462900032055, 39.95947599984543], [-75.3150119997369, 39.95930099993809], [-75.31532800010439, 39.959137999826126], [-75.31563299970291, 39.95900299972227], [-75.31606399969813, 39.958815999683885], [-75.31702299977295, 39.95842299978866], [-75.31739000019407, 39.95826000033816], [-75.31744600027059, 39.95823600022993], [-75.31784399975552, 39.95806199970991], [-75.31805999966559, 39.95796499982927], [-75.31845300002598, 39.95779800004615], [-75.31865399986742, 39.957707999849575], [-75.31898600012845, 39.95756399997731], [-75.31937299974274, 39.95739399976651], [-75.319763999555, 39.957223000003], [-75.32007999992248, 39.95707899979801], [-75.32015600009046, 39.95704099971246], [-75.32023399990828, 39.95699300000916], [-75.3203829998712, 39.95693199982112], [-75.32052299961327, 39.95687399973867], [-75.32068900019294, 39.956808000321004], [-75.32076700001075, 39.95677800006388], [-75.32091900034669, 39.95671999985076], [-75.32099299996656, 39.95669199989651], [-75.32129500009034, 39.956584999793506], [-75.32148300041133, 39.95651800026797], [-75.32174000032927, 39.95642699993375], [-75.3220099997677, 39.95633100032009], [-75.32220200028664, 39.956247999778], [-75.32236299994511, 39.95616999968282], [-75.32253399964934, 39.956087000322526], [-75.32268500016039, 39.956013000077824], [-75.32282999992535, 39.95594299979126], [-75.32287799960594, 39.95592499996176], [-75.32297700023845, 39.95587399996008], [-75.32322499993555, 39.955766000114444], [-75.32326299957039, 39.95575200028774], [-75.32344900024155, 39.95566700004876], [-75.32363400018946, 39.955589999822074], [-75.3238059997186, 39.95551700026042], [-75.32395200020679, 39.955456000133005], [-75.3241430000025, 39.955376000131835], [-75.32427500024698, 39.95532100033497], [-75.3244529996239, 39.955246999950035], [-75.3246080003329, 39.955182000187925], [-75.32476599961835, 39.955116999675475], [-75.32494200024375, 39.955042999758426], [-75.32508000033602, 39.95498599999102], [-75.32525299969006, 39.954914000325694], [-75.32542599994242, 39.954841000042485], [-75.32558400012617, 39.95477500004007], [-75.32569000043138, 39.95473100023264], [-75.325769999899, 39.95469599978653], [-75.32585299973968, 39.95466100001112], [-75.32603400038798, 39.95459399997792], [-75.32616699955904, 39.954544000218704], [-75.32633800016158, 39.9544810001946], [-75.32644799976643, 39.95443999977612], [-75.32658500003379, 39.954389000044245], [-75.3267480002404, 39.954330000009904], [-75.32683500027905, 39.95429599990865], [-75.3269659998003, 39.95424699979375], [-75.32712900000692, 39.95418599991087], [-75.32721699987047, 39.95415500001726], [-75.32737000003134, 39.95410099979135], [-75.32750999977341, 39.95405200022536], [-75.32775199962276, 39.9539590003202], [-75.32795699966216, 39.95386899989166], [-75.32808200023395, 39.95381400026013], [-75.32818299961798, 39.95376999983441], [-75.32830800018976, 39.953715000123275], [-75.3284589998025, 39.95364899972288], [-75.32867200023783, 39.9535559999583], [-75.33171699979349, 39.95222799968377], [-75.33201700026746, 39.95260100027209], [-75.33230000012466, 39.95295499971155], [-75.33247699967667, 39.95327000008238], [-75.33341700038324, 39.95398799988216], [-75.33355100027754, 39.954062000252094], [-75.33368799964656, 39.95413800026955], [-75.33436100038945, 39.95451100008216], [-75.33441800029087, 39.95454299967226], [-75.33459200036813, 39.95463899972997], [-75.33465000009444, 39.95467199980471], [-75.33470899964567, 39.95470499986359], [-75.3347880001867, 39.9547550001937], [-75.33513200014329, 39.95497299985624], [-75.33519900009044, 39.955015999657064], [-75.33533600035778, 39.95510400025417], [-75.33541300035067, 39.955152999755065], [-75.33547299972683, 39.9554680003317]]]}, "properties": {"NAME": "Census Tract 4095", "STATE": "42", "COUNTY": "045", "GEOID": "42045409500", "TRACT": "409500"}}, {"type": "Feature", "geometry": {"type": "MultiLineString", "coordinates": [[[-75.32296399981965, 40.01522899980067], [-75.32285800041275, 40.01527600022637]], [[-75.32285800041275, 40.01527600022637], [-75.32254299987015, 40.015420000275384]], [[-75.32254299987015, 40.015420000275384], [-75.32243800028817, 40.015468000224146]], [[-75.32243800028817, 40.015468000224146], [-75.32240200030319, 40.015480999860465]], [[-75.32240200030319, 40.015480999860465], [-75.32229699982288, 40.015518999788746]], [[-75.32229699982288, 40.015518999788746], [-75.32226199966277, 40.015532999757006]], [[-75.32226199966277, 40.015532999757006], [-75.32168900027564, 40.01578599972022]], [[-75.32168900027564, 40.01578599972022], [-75.3216659998111, 40.015795000008936]], [[-75.3216659998111, 40.015795000008936], [-75.32159700021413, 40.015826000153396]], [[-75.32159700021413, 40.015826000153396], [-75.32157499957452, 40.01583600008599]], [[-75.32157499957452, 40.01583600008599], [-75.32139999967232, 40.01591200021405]], [[-75.32139999967232, 40.01591200021405], [-75.32087499996577, 40.01614299971255]], [[-75.32087499996577, 40.01614299971255], [-75.32082999975994, 40.016163999815824]], [[-75.32082999975994, 40.016163999815824], [-75.32069900023868, 40.01621599987994]]]}, "properties": {"NAME": "Census Tract 4096.02", "STATE": "42", "COUNTY": "045", "GEOID": "42045409602", "TRACT": "409602"}}, {"type": "Feature", "geometry": {"type": "MultiLineString", "coordinates": [[[-75.29580799974762, 39.96789700001053], [-75.29586800002208, 39.96787299984256]], [[-75.29586800002208, 39.96787299984256], [-75.29606399984065, 39.96779600027935]], [[-75.29606399984065, 39.96779600027935], [-75.29674500008113, 39.967472000263925]], [[-75.29674500008113, 39.967472000263925], [-75.29721899973406, 39.967238999926245]], [[-75.29721899973406, 39.967238999926245], [-75.2974329999943, 39.96713300016575]], [[-75.2974329999943, 39.96713300016575], [-75.2977989996922, 39.96695399980742]], [[-75.2977989996922, 39.96695399980742], [-75.2984740000849, 39.966644000285854]], [[-75.2984740000849, 39.966644000285854], [-75.29914500027962, 39.96633699979181]], [[-75.29914500027962, 39.96633699979181], [-75.30002800018647, 39.965940999986735]], [[-75.30002800018647, 39.965940999986735], [-75.30023900007366, 39.96584799972602]], [[-75.30023900007366, 39.96584799972602], [-75.30097800004046, 39.96552299973133]], [[-75.30097800004046, 39.96552299973133], [-75.30176300003802, 39.9651759999233]], [[-75.30176300003802, 39.9651759999233], [-75.30214600035265, 39.96500100014571]], [[-75.30214600035265, 39.96500100014571], [-75.30240400009552, 39.964884999849545]], [[-75.30240400009552, 39.964884999849545], [-75.30281300034943, 39.96470299998535]], [[-75.30281300034943, 39.96470299998535], [-75.30315999978076, 39.96455099993936]], [[-75.30315999978076, 39.96455099993936], [-75.30321300038253, 39.96452900008586]], [[-75.30321300038253, 39.96452900008586], [-75.3039930003572, 39.96418200005233]], [[-75.3039930003572, 39.96418200005233], [-75.304648999585, 39.963890000157654]], [[-75.304648999585, 39.963890000157654], [-75.30469999963863, 39.963868000091445]], [[-75.30469999963863, 39.963868000091445], [-75.30571999981282, 39.96341099983892]], [[-75.30571999981282, 39.96341099983892], [-75.30649800013767, 39.96306700021606]], [[-75.30649800013767, 39.96306700021606], [-75.30678600001777, 39.96293899981851]], [[-75.30678600001777, 39.96293899981851], [-75.30765399985599, 39.96255499994211]], [[-75.30765399985599, 39.96255499994211], [-75.30838399960196, 39.96222700020466]], [[-75.30838399960196, 39.96222700020466], [-75.30903899990315, 39.961939999660075]], [[-75.30903899990315, 39.961939999660075], [-75.30910000000253, 39.96191600015491]]]}, "properties": {"NAME": "Census Tract 4011.04", "STATE": "42", "COUNTY": "045", "GEOID": "42045401104", "TRACT": "401104"}}, {"type": "Feature", "geometry": {"type": "MultiLineString", "coordinates": [[[-75.32099299996656, 39.95669199989651], [-75.32129500009034, 39.956584999793506]], [[-75.32129500009034, 39.956584999793506], [-75.32148300041133, 39.95651800026797]], [[-75.32148300041133, 39.95651800026797], [-75.32174000032927, 39.95642699993375]], [[-75.32174000032927, 39.95642699993375], [-75.3220099997677, 39.95633100032009]], [[-75.3220099997677, 39.95633100032009], [-75.32220200028664, 39.956247999778]], [[-75.32220200028664, 39.956247999778], [-75.32236299994511, 39.95616999968282]], [[-75.32236299994511, 39.95616999968282], [-75.32253399964934, 39.956087000322526]], [[-75.32253399964934, 39.956087000322526], [-75.32268500016039, 39.956013000077824]], [[-75.32268500016039, 39.956013000077824], [-75.32282999992535, 39.95594299979126]], [[-75.32282999992535, 39.95594299979126], [-75.32287799960594, 39.95592499996176]], [[-75.32287799960594, 39.95592499996176], [-75.32297700023845, 39.95587399996008]], [[-75.32297700023845, 39.95587399996008], [-75.32322499993555, 39.955766000114444]], [[-75.32322499993555, 39.955766000114444], [-75.32326299957039, 39.95575200028774]], [[-75.32326299957039, 39.95575200028774], [-75.32344900024155, 39.95566700004876]], [[-75.32344900024155, 39.95566700004876], [-75.32363400018946, 39.955589999822074]], [[-75.32363400018946, 39.955589999822074], [-75.3238059997186, 39.95551700026042]], [[-75.3238059997186, 39.95551700026042], [-75.32395200020679, 39.955456000133005]], [[-75.32395200020679, 39.955456000133005], [-75.3241430000025, 39.955376000131835]], [[-75.3241430000025, 39.955376000131835], [-75.32427500024698, 39.95532100033497]], [[-75.32427500024698, 39.95532100033497], [-75.3244529996239, 39.955246999950035]], [[-75.3244529996239, 39.955246999950035], [-75.3246080003329, 39.955182000187925]], [[-75.3246080003329, 39.955182000187925], [-75.32476599961835, 39.955116999675475]], [[-75.32476599961835, 39.955116999675475], [-75.32494200024375, 39.955042999758426]], [[-75.32494200024375, 39.955042999758426], [-75.32508000033602, 39.95498599999102]], [[-75.32508000033602, 39.95498599999102], [-75.32525299969006, 39.954914000325694]], [[-75.32525299969006, 39.954914000325694], [-75.32542599994242, 39.954841000042485]], [[-75.32542599994242, 39.954841000042485], [-75.32558400012617, 39.95477500004007]], [[-75.32558400012617, 39.95477500004007], [-75.32569000043138, 39.95473100023264]], [[-75.32569000043138, 39.95473100023264], [-75.325769999899, 39.95469599978653]], [[-75.325769999899, 39.95469599978653], [-75.32585299973968, 39.95466100001112]], [[-75.32585299973968, 39.95466100001112], [-75.32603400038798, 39.95459399997792]], [[-75.32603400038798, 39.95459399997792], [-75.32616699955904, 39.954544000218704]], [[-75.32616699955904, 39.954544000218704], [-75.32633800016158, 39.9544810001946]], [[-75.32633800016158, 39.9544810001946], [-75.32644799976643, 39.95443999977612]], [[-75.32644799976643, 39.95443999977612], [-75.32658500003379, 39.954389000044245]], [[-75.32658500003379, 39.954389000044245], [-75.3267480002404, 39.954330000009904]], [[-75.3267480002404, 39.954330000009904], [-75.32683500027905, 39.95429599990865]], [[-75.32683500027905, 39.95429599990865], [-75.3269659998003, 39.95424699979375]], [[-75.3269659998003, 39.95424699979375], [-75.32712900000692, 39.95418599991087]], [[-75.32712900000692, 39.95418599991087], [-75.32721699987047, 39.95415500001726]], [[-75.32721699987047, 39.95415500001726], [-75.32737000003134, 39.95410099979135]], [[-75.32737000003134, 39.95410099979135], [-75.32750999977341, 39.95405200022536]], [[-75.32750999977341, 39.95405200022536], [-75.32775199962276, 39.9539590003202]], [[-75.32775199962276, 39.9539590003202], [-75.32795699966216, 39.95386899989166]], [[-75.32795699966216, 39.95386899989166], [-75.32808200023395, 39.95381400026013]], [[-75.32808200023395, 39.95381400026013], [-75.32818299961798, 39.95376999983441]], [[-75.32818299961798, 39.95376999983441], [-75.32830800018976, 39.953715000123275]], [[-75.32830800018976, 39.953715000123275], [-75.3284589998025, 39.95364899972288]], [[-75.3284589998025, 39.95364899972288], [-75.32867200023783, 39.9535559999583]], [[-75.32867200023783, 39.9535559999583], [-75.33171699979349, 39.95222799968377]]]}, "properties": {"NAME": "Census Tract 4012", "STATE": "42", "COUNTY": "045", "GEOID": "42045401200", "TRACT": "401200"}}, {"type": "Feature", "geometry": {"type": "MultiLineString", "coordinates": [[[-75.28574900026764, 39.97244799970875], [-75.28642799996, 39.97214000020794]], [[-75.28642799996, 39.97214000020794], [-75.28662799997653, 39.97204700011936]], [[-75.28662799997653, 39.97204700011936], [-75.28733299960814, 39.97172099969797]], [[-75.28733299960814, 39.97172099969797], [-75.28808900019169, 39.97137300007071]], [[-75.28808900019169, 39.97137300007071], [-75.28899300001493, 39.97096200006287]], [[-75.28899300001493, 39.97096200006287], [-75.28963999992021, 39.9706659996587]], [[-75.28963999992021, 39.9706659996587], [-75.28988900034055, 39.970551000337466]], [[-75.28988900034055, 39.970551000337466], [-75.29059099959912, 39.97023300013561]], [[-75.29059099959912, 39.97023300013561], [-75.29093600027893, 39.97007700009318]], [[-75.29093600027893, 39.97007700009318], [-75.29150799984114, 39.96981499996234]], [[-75.29150799984114, 39.96981499996234], [-75.29164199973546, 39.969750999914346]], [[-75.29164199973546, 39.969750999914346], [-75.29196599960055, 39.96958999989453]], [[-75.29196599960055, 39.96958999989453], [-75.29291899982759, 39.96914099993537]], [[-75.29291899982759, 39.96914099993537], [-75.29329000044667, 39.96898500015463]], [[-75.29329000044667, 39.96898500015463], [-75.2938839997502, 39.96873200026536]], [[-75.2938839997502, 39.96873200026536], [-75.29431100044579, 39.96855499995756]], [[-75.29431100044579, 39.96855499995756], [-75.29451800013501, 39.968469000144296]], [[-75.29451800013501, 39.968469000144296], [-75.29477199967991, 39.96836199988139]], [[-75.29477199967991, 39.96836199988139], [-75.29511399998667, 39.968205999699904]], [[-75.29511399998667, 39.968205999699904], [-75.29560699990618, 39.96797800017114]], [[-75.29560699990618, 39.96797800017114], [-75.29580799974762, 39.96789700001053]]]}, "properties": {"NAME": "Census Tract 4006", "STATE": "42", "COUNTY": "045", "GEOID": "42045400600", "TRACT": "400600"}}, {"type": "Feature", "geometry": {"type": "MultiLineString", "coordinates": [[[-75.30910000000253, 39.96191600015491], [-75.30925099961527, 39.961847000153625]], [[-75.30925099961527, 39.961847000153625], [-75.31009699971217, 39.96146700005629]], [[-75.31009699971217, 39.96146700005629], [-75.3104149997295, 39.96132500004318]], [[-75.3104149997295, 39.96132500004318], [-75.31106599983275, 39.96103900029513]], [[-75.31106599983275, 39.96103900029513], [-75.31109000012219, 39.96102899991155]], [[-75.31109000012219, 39.96102899991155], [-75.31150699987371, 39.96084400012534]], [[-75.31150699987371, 39.96084400012534], [-75.31155299990446, 39.960823999988186]], [[-75.31155299990446, 39.960823999988186], [-75.31206799956527, 39.96059599993933]], [[-75.31206799956527, 39.96059599993933], [-75.31210500027352, 39.960580999954736]], [[-75.31210500027352, 39.960580999954736], [-75.3123510003208, 39.960469000195474]], [[-75.3123510003208, 39.960469000195474], [-75.31280999990511, 39.960261999733326]], [[-75.31280999990511, 39.960261999733326], [-75.31321999998396, 39.96007900017999]], [[-75.31321999998396, 39.96007900017999], [-75.31401500002724, 39.959708000004035]], [[-75.31401500002724, 39.959708000004035], [-75.31416900001304, 39.95965799985236]], [[-75.31416900001304, 39.95965799985236], [-75.31432200017392, 39.95960999992024]], [[-75.31432200017392, 39.95960999992024], [-75.31462900032055, 39.95947599984543]], [[-75.31462900032055, 39.95947599984543], [-75.3150119997369, 39.95930099993809]], [[-75.3150119997369, 39.95930099993809], [-75.31532800010439, 39.959137999826126]], [[-75.31532800010439, 39.959137999826126], [-75.31563299970291, 39.95900299972227]], [[-75.31563299970291, 39.95900299972227], [-75.31606399969813, 39.958815999683885]], [[-75.31606399969813, 39.958815999683885], [-75.31702299977295, 39.95842299978866]], [[-75.31702299977295, 39.95842299978866], [-75.31739000019407, 39.95826000033816]], [[-75.31739000019407, 39.95826000033816], [-75.31744600027059, 39.95823600022993]], [[-75.31744600027059, 39.95823600022993], [-75.31784399975552, 39.95806199970991]], [[-75.31784399975552, 39.95806199970991], [-75.31805999966559, 39.95796499982927]], [[-75.31805999966559, 39.95796499982927], [-75.31845300002598, 39.95779800004615]], [[-75.31845300002598, 39.95779800004615], [-75.31865399986742, 39.957707999849575]], [[-75.31865399986742, 39.957707999849575], [-75.31898600012845, 39.95756399997731]], [[-75.31898600012845, 39.95756399997731], [-75.31937299974274, 39.95739399976651]], [[-75.31937299974274, 39.95739399976651], [-75.319763999555, 39.957223000003]], [[-75.319763999555, 39.957223000003], [-75.32007999992248, 39.95707899979801]], [[-75.32007999992248, 39.95707899979801], [-75.32015600009046, 39.95704099971246]], [[-75.32015600009046, 39.95704099971246], [-75.32023399990828, 39.95699300000916]], [[-75.32023399990828, 39.95699300000916], [-75.3203829998712, 39.95693199982112]], [[-75.3203829998712, 39.95693199982112], [-75.32052299961327, 39.95687399973867]], [[-75.32052299961327, 39.95687399973867], [-75.32068900019294, 39.956808000321004]], [[-75.32068900019294, 39.956808000321004], [-75.32076700001075, 39.95677800006388]], [[-75.32076700001075, 39.95677800006388], [-75.32091900034669, 39.95671999985076]], [[-75.32091900034669, 39.95671999985076], [-75.32099299996656, 39.95669199989651]]]}, "properties": {"NAME": "Census Tract 4011.03", "STATE": "42", "COUNTY": "045", "GEOID": "42045401103", "TRACT": "401103"}}, {"type": "Feature", "geometry": {"type": "MultiLineString", "coordinates": [[[-75.33171699979349, 39.95222799968377], [-75.33201700026746, 39.95260100027209]], [[-75.33201700026746, 39.95260100027209], [-75.33230000012466, 39.95295499971155]], [[-75.33230000012466, 39.95295499971155], [-75.33247699967667, 39.95327000008238]], [[-75.33247699967667, 39.95327000008238], [-75.33341700038324, 39.95398799988216]], [[-75.33341700038324, 39.95398799988216], [-75.33355100027754, 39.954062000252094]], [[-75.33355100027754, 39.954062000252094], [-75.33368799964656, 39.95413800026955]], [[-75.33368799964656, 39.95413800026955], [-75.33436100038945, 39.95451100008216]], [[-75.33436100038945, 39.95451100008216], [-75.33441800029087, 39.95454299967226]], [[-75.33441800029087, 39.95454299967226], [-75.33459200036813, 39.95463899972997]], [[-75.33459200036813, 39.95463899972997], [-75.33465000009444, 39.95467199980471]], [[-75.33465000009444, 39.95467199980471], [-75.33470899964567, 39.95470499986359]], [[-75.33470899964567, 39.95470499986359], [-75.3347880001867, 39.9547550001937]], [[-75.3347880001867, 39.9547550001937], [-75.33513200014329, 39.95497299985624]]]}, "properties": {"NAME": "Census Tract 4078.02", "STATE": "42", "COUNTY": "045", "GEOID": "42045407802", "TRACT": "407802"}}]}